age,sex,cp,trestbps,chol,fbs,restecg,thalach,exang,oldpeak,slope,ca,thal,target
52.0,1,0,125.0,212.0,0,1,168.0,0,1.0,2,2,3,0
53.0,1,0,140.0,203.0,1,0,155.0,1,3.1,0,0,3,0
70.0,1,0,145.0,174.0,0,1,125.0,1,2.6,0,0,3,0
61.0,1,0,148.0,203.0,0,1,161.0,0,0.0,2,1,3,0
62.0,0,0,138.0,294.0,1,1,106.0,0,1.9,1,3,2,0
58.0,0,0,100.0,248.0,0,0,122.0,0,1.0,1,0,2,1
58.0,1,0,114.0,318.0,0,2,140.0,0,4.4,0,3,1,0
55.0,1,0,160.0,289.0,0,0,145.0,1,0.8,1,1,3,0
46.0,1,0,120.0,249.0,0,0,144.0,0,0.8,2,0,3,0
54.0,1,0,122.0,286.0,0,0,116.0,1,3.2,1,2,2,0
71.0,0,0,112.0,149.0,0,1,125.0,0,1.6,1,0,2,1
43.0,0,0,132.0,341.0,1,0,136.0,1,3.0,1,0,3,0
34.0,0,1,118.0,210.0,0,1,192.0,0,0.7,2,0,2,1
51.0,1,0,140.0,298.0,0,1,122.0,1,4.2,1,3,3,0
52.0,1,0,128.0,204.0,1,1,156.0,1,1.0,1,0,0,0
34.0,0,1,118.0,210.0,0,1,192.0,0,0.7,2,0,2,1
51.0,0,2,140.0,308.0,0,0,142.0,0,1.5,2,1,2,1
54.0,1,0,124.0,266.0,0,0,109.0,1,2.2,1,1,3,0
50.0,0,1,120.0,244.0,0,1,162.0,0,1.1,2,0,2,1
58.0,1,2,140.0,211.0,1,0,165.0,0,0.0,2,0,2,1
60.0,1,2,140.0,185.0,0,0,155.0,0,3.0,1,0,2,0
67.0,0,0,106.0,223.0,0,1,142.0,0,0.3,2,2,2,1
45.0,1,0,104.0,208.0,0,0,148.0,1,3.0,1,0,2,1
63.0,0,2,135.0,252.0,0,0,172.0,0,0.0,2,0,2,1
42.0,0,2,120.0,209.0,0,1,173.0,0,0.0,1,0,2,1
61.0,0,0,145.0,307.0,0,0,146.0,1,1.0,1,0,3,0
44.0,1,2,130.0,233.0,0,1,179.0,1,0.4,2,0,2,1
58.0,0,1,136.0,319.0,1,0,152.0,0,0.0,2,2,2,0
56.0,1,2,130.0,256.0,1,0,142.0,1,0.6,1,1,1,0
55.0,0,0,180.0,327.0,0,2,117.0,1,3.4,1,0,2,0
44.0,1,0,120.0,169.0,0,1,144.0,1,2.8,0,0,1,0
50.0,0,1,120.0,244.0,0,1,162.0,0,1.1,2,0,2,1
57.0,1,0,130.0,131.0,0,1,115.0,1,1.2,1,1,3,0
70.0,1,2,160.0,269.0,0,1,112.0,1,2.9,1,1,3,0
50.0,1,2,129.0,196.0,0,1,163.0,0,0.0,2,0,2,1
46.0,1,2,150.0,231.0,0,1,147.0,0,3.6,1,0,2,0
51.0,1,3,125.0,213.0,0,0,125.0,1,1.4,2,1,2,1
59.0,1,0,138.0,271.0,0,0,182.0,0,0.0,2,0,2,1
64.0,1,0,128.0,263.0,0,1,105.0,1,0.2,1,1,3,1
57.0,1,2,128.0,229.0,0,0,150.0,0,0.4,1,1,3,0
65.0,0,2,160.0,360.0,0,0,151.0,0,0.8,2,0,2,1
54.0,1,2,120.0,258.0,0,0,147.0,0,0.4,1,0,3,1
61.0,0,0,130.0,330.0,0,0,169.0,0,0.0,2,0,2,0
46.0,1,0,120.0,249.0,0,0,144.0,0,0.8,2,0,3,0
55.0,0,1,132.0,342.0,0,1,166.0,0,1.2,2,0,2,1
42.0,1,0,140.0,226.0,0,1,178.0,0,0.0,2,0,2,1
41.0,1,1,135.0,203.0,0,1,132.0,0,0.0,1,0,1,1
66.0,0,0,178.0,228.0,1,1,165.0,1,1.0,1,2,3,0
66.0,0,2,146.0,278.0,0,0,152.0,0,0.0,1,1,2,1
60.0,1,0,117.0,230.0,1,1,160.0,1,1.4,2,2,3,0
58.0,0,3,150.0,283.0,1,0,162.0,0,1.0,2,0,2,1
57.0,0,0,140.0,241.0,0,1,123.0,1,0.2,1,0,3,0
38.0,1,2,138.0,175.0,0,1,173.0,0,0.0,2,4,2,1
49.0,1,2,120.0,188.0,0,1,139.0,0,2.0,1,3,3,0
55.0,1,0,140.0,217.0,0,1,111.0,1,5.6,0,0,3,0
55.0,1,0,140.0,217.0,0,1,111.0,1,5.6,0,0,3,0
56.0,1,3,120.0,193.0,0,0,162.0,0,1.9,1,0,3,1
48.0,1,1,130.0,245.0,0,0,180.0,0,0.2,1,0,2,1
67.0,1,2,152.0,212.0,0,0,150.0,0,0.8,1,0,3,0
57.0,1,1,154.0,232.0,0,0,164.0,0,0.0,2,1,2,0
29.0,1,1,130.0,204.0,0,0,202.0,0,0.0,2,0,2,1
66.0,0,2,146.0,278.0,0,0,152.0,0,0.0,1,1,2,1
67.0,1,0,100.0,299.0,0,0,125.0,1,0.9,1,2,2,0
59.0,1,2,150.0,212.0,1,1,157.0,0,1.6,2,0,2,1
29.0,1,1,130.0,204.0,0,0,202.0,0,0.0,2,0,2,1
59.0,1,3,170.0,288.0,0,0,159.0,0,0.2,1,0,3,0
53.0,1,2,130.0,197.0,1,0,152.0,0,1.2,0,0,2,1
42.0,1,0,136.0,315.0,0,1,125.0,1,1.8,1,0,1,0
37.0,0,2,120.0,215.0,0,1,170.0,0,0.0,2,0,2,1
62.0,0,0,160.0,164.0,0,0,145.0,0,6.2,0,3,3,0
59.0,1,0,170.0,326.0,0,0,140.0,1,3.4,0,0,3,0
61.0,1,0,140.0,207.0,0,0,138.0,1,1.9,2,1,3,0
56.0,1,0,125.0,249.0,1,0,144.0,1,1.2,1,1,2,0
59.0,1,0,140.0,177.0,0,1,162.0,1,0.0,2,1,3,0
48.0,1,0,130.0,256.0,1,0,150.0,1,0.0,2,2,3,0
47.0,1,2,138.0,257.0,0,0,156.0,0,0.0,2,0,2,1
48.0,1,2,124.0,255.0,1,1,175.0,0,0.0,2,2,2,1
63.0,1,0,140.0,187.0,0,0,144.0,1,4.0,2,2,3,0
52.0,1,1,134.0,201.0,0,1,158.0,0,0.8,2,1,2,1
52.0,1,1,134.0,201.0,0,1,158.0,0,0.8,2,1,2,1
50.0,1,2,140.0,233.0,0,1,163.0,0,0.6,1,1,3,0
49.0,1,2,118.0,149.0,0,0,126.0,0,0.8,2,3,2,0
46.0,1,2,150.0,231.0,0,1,147.0,0,3.6,1,0,2,0
38.0,1,2,138.0,175.0,0,1,173.0,0,0.0,2,4,2,1
37.0,0,2,120.0,215.0,0,1,170.0,0,0.0,2,0,2,1
44.0,1,1,120.0,220.0,0,1,170.0,0,0.0,2,0,2,1
58.0,1,2,140.0,211.0,1,0,165.0,0,0.0,2,0,2,1
59.0,0,0,174.0,249.0,0,1,143.0,1,0.0,1,0,2,0
62.0,0,0,140.0,268.0,0,0,160.0,0,3.6,0,2,2,0
68.0,1,0,144.0,193.0,1,1,141.0,0,3.4,1,2,3,0
54.0,0,2,108.0,267.0,0,0,167.0,0,0.0,2,0,2,1
62.0,0,0,124.0,209.0,0,1,163.0,0,0.0,2,0,2,1
63.0,1,0,140.0,187.0,0,0,144.0,1,4.0,2,2,3,0
44.0,1,0,120.0,169.0,0,1,144.0,1,2.8,0,0,1,0
62.0,1,1,128.0,208.0,1,0,140.0,0,0.0,2,0,2,1
45.0,0,0,138.0,236.0,0,0,152.0,1,0.2,1,0,2,1
57.0,0,0,128.0,303.0,0,0,159.0,0,0.0,2,1,2,1
53.0,1,0,123.0,282.0,0,1,95.0,1,2.0,1,2,3,0
65.0,1,0,110.0,248.0,0,0,158.0,0,0.6,2,2,1,0
76.0,0,2,140.0,197.0,0,2,116.0,0,1.1,1,0,2,1
43.0,0,2,122.0,213.0,0,1,165.0,0,0.2,1,0,2,1
57.0,1,2,150.0,126.0,1,1,173.0,0,0.2,2,1,3,1
54.0,1,1,108.0,309.0,0,1,156.0,0,0.0,2,0,3,1
47.0,1,2,138.0,257.0,0,0,156.0,0,0.0,2,0,2,1
52.0,1,3,118.0,186.0,0,0,190.0,0,0.0,1,0,1,1
47.0,1,0,110.0,275.0,0,0,118.0,1,1.0,1,1,2,0
51.0,1,0,140.0,299.0,0,1,173.0,1,1.6,2,0,3,0
62.0,1,1,120.0,281.0,0,0,103.0,0,1.4,1,1,3,0
40.0,1,0,152.0,223.0,0,1,181.0,0,0.0,2,0,3,0
54.0,1,0,110.0,206.0,0,0,108.0,1,0.0,1,1,2,0
44.0,1,0,110.0,197.0,0,0,177.0,0,0.0,2,1,2,0
53.0,1,0,142.0,226.0,0,0,111.0,1,0.0,2,0,3,1
48.0,1,0,130.0,256.0,1,0,150.0,1,0.0,2,2,3,0
57.0,1,0,110.0,335.0,0,1,143.0,1,3.0,1,1,3,0
59.0,1,2,126.0,218.0,1,1,134.0,0,2.2,1,1,1,0
61.0,0,0,145.0,307.0,0,0,146.0,1,1.0,1,0,3,0
63.0,1,0,130.0,254.0,0,0,147.0,0,1.4,1,1,3,0
43.0,1,0,120.0,177.0,0,0,120.0,1,2.5,1,0,3,0
29.0,1,1,130.0,204.0,0,0,202.0,0,0.0,2,0,2,1
42.0,1,1,120.0,295.0,0,1,162.0,0,0.0,2,0,2,1
54.0,1,1,108.0,309.0,0,1,156.0,0,0.0,2,0,3,1
44.0,1,0,120.0,169.0,0,1,144.0,1,2.8,0,0,1,0
60.0,1,0,145.0,282.0,0,0,142.0,1,2.8,1,2,3,0
65.0,0,2,140.0,417.0,1,0,157.0,0,0.8,2,1,2,1
61.0,1,0,120.0,260.0,0,1,140.0,1,3.6,1,1,3,0
60.0,0,3,150.0,240.0,0,1,171.0,0,0.9,2,0,2,1
66.0,1,0,120.0,302.0,0,0,151.0,0,0.4,1,0,2,1
53.0,1,2,130.0,197.0,1,0,152.0,0,1.2,0,0,2,1
52.0,1,2,138.0,223.0,0,1,169.0,0,0.0,2,4,2,1
57.0,1,0,140.0,192.0,0,1,148.0,0,0.4,1,0,1,1
60.0,0,3,150.0,240.0,0,1,171.0,0,0.9,2,0,2,1
51.0,0,2,130.0,256.0,0,0,149.0,0,0.5,2,0,2,1
41.0,1,1,135.0,203.0,0,1,132.0,0,0.0,1,0,1,1
50.0,1,2,129.0,196.0,0,1,163.0,0,0.0,2,0,2,1
54.0,1,1,108.0,309.0,0,1,156.0,0,0.0,2,0,3,1
58.0,0,0,170.0,225.0,1,0,146.0,1,2.8,1,2,1,0
55.0,0,1,132.0,342.0,0,1,166.0,0,1.2,2,0,2,1
64.0,0,0,180.0,325.0,0,1,154.0,1,0.0,2,0,2,1
47.0,1,2,138.0,257.0,0,0,156.0,0,0.0,2,0,2,1
41.0,1,1,110.0,235.0,0,1,153.0,0,0.0,2,0,2,1
57.0,1,0,152.0,274.0,0,1,88.0,1,1.2,1,1,3,0
63.0,0,0,124.0,197.0,0,1,136.0,1,0.0,1,0,2,0
61.0,1,3,134.0,234.0,0,1,145.0,0,2.6,1,2,2,0
34.0,1,3,118.0,182.0,0,0,174.0,0,0.0,2,0,2,1
47.0,1,0,112.0,204.0,0,1,143.0,0,0.1,2,0,2,1
40.0,1,0,110.0,167.0,0,0,114.0,1,2.0,1,0,3,0
51.0,0,2,120.0,295.0,0,0,157.0,0,0.6,2,0,2,1
41.0,1,0,110.0,172.0,0,0,158.0,0,0.0,2,0,3,0
52.0,1,3,152.0,298.0,1,1,178.0,0,1.2,1,0,3,1
39.0,1,2,140.0,321.0,0,0,182.0,0,0.0,2,0,2,1
58.0,1,0,114.0,318.0,0,2,140.0,0,4.4,0,3,1,0
54.0,1,1,192.0,283.0,0,0,195.0,0,0.0,2,1,3,0
58.0,1,0,125.0,300.0,0,0,171.0,0,0.0,2,2,3,0
54.0,1,2,120.0,258.0,0,0,147.0,0,0.4,1,0,3,1
63.0,1,0,130.0,330.0,1,0,132.0,1,1.8,2,3,3,0
54.0,1,1,108.0,309.0,0,1,156.0,0,0.0,2,0,3,1
40.0,1,3,140.0,199.0,0,1,178.0,1,1.4,2,0,3,1
54.0,1,2,120.0,258.0,0,0,147.0,0,0.4,1,0,3,1
67.0,0,2,115.0,564.0,0,0,160.0,0,1.6,1,0,3,1
41.0,1,1,120.0,157.0,0,1,182.0,0,0.0,2,0,2,1
77.0,1,0,125.0,304.0,0,0,162.0,1,0.0,2,3,2,0
51.0,1,2,100.0,222.0,0,1,143.0,1,1.2,1,0,2,1
77.0,1,0,125.0,304.0,0,0,162.0,1,0.0,2,3,2,0
48.0,1,0,124.0,274.0,0,0,166.0,0,0.5,1,0,3,0
56.0,1,0,125.0,249.0,1,0,144.0,1,1.2,1,1,2,0
59.0,1,0,170.0,326.0,0,0,140.0,1,3.4,0,0,3,0
56.0,1,0,132.0,184.0,0,0,105.0,1,2.1,1,1,1,0
57.0,0,0,120.0,354.0,0,1,163.0,1,0.6,2,0,2,1
43.0,1,2,130.0,315.0,0,1,162.0,0,1.9,2,1,2,1
45.0,0,1,112.0,160.0,0,1,138.0,0,0.0,1,0,2,1
43.0,1,0,150.0,247.0,0,1,171.0,0,1.5,2,0,2,1
56.0,1,0,130.0,283.0,1,0,103.0,1,1.6,0,0,3,0
56.0,1,1,120.0,240.0,0,1,169.0,0,0.0,0,0,2,1
39.0,0,2,94.0,199.0,0,1,179.0,0,0.0,2,0,2,1
54.0,1,0,110.0,239.0,0,1,126.0,1,2.8,1,1,3,0
56.0,0,0,200.0,288.0,1,0,133.0,1,4.0,0,2,3,0
56.0,1,0,130.0,283.0,1,0,103.0,1,1.6,0,0,3,0
64.0,1,0,120.0,246.0,0,0,96.0,1,2.2,0,1,2,0
44.0,1,0,110.0,197.0,0,0,177.0,0,0.0,2,1,2,0
56.0,0,0,134.0,409.0,0,0,150.0,1,1.9,1,2,3,0
63.0,1,0,140.0,187.0,0,0,144.0,1,4.0,2,2,3,0
64.0,1,3,110.0,211.0,0,0,144.0,1,1.8,1,0,2,1
60.0,1,0,140.0,293.0,0,0,170.0,0,1.2,1,2,3,0
42.0,1,2,130.0,180.0,0,1,150.0,0,0.0,2,0,2,1
45.0,1,1,128.0,308.0,0,0,170.0,0,0.0,2,0,2,1
57.0,1,0,165.0,289.0,1,0,124.0,0,1.0,1,3,3,0
40.0,1,0,110.0,167.0,0,0,114.0,1,2.0,1,0,3,0
56.0,1,0,125.0,249.0,1,0,144.0,1,1.2,1,1,2,0
63.0,1,0,130.0,254.0,0,0,147.0,0,1.4,1,1,3,0
64.0,1,2,125.0,309.0,0,1,131.0,1,1.8,1,0,3,0
41.0,1,2,112.0,250.0,0,1,179.0,0,0.0,2,0,2,1
56.0,1,1,130.0,221.0,0,0,163.0,0,0.0,2,0,3,1
67.0,0,2,115.0,564.0,0,0,160.0,0,1.6,1,0,3,1
69.0,1,3,160.0,234.0,1,0,131.0,0,0.1,1,1,2,1
67.0,1,0,160.0,286.0,0,0,108.0,1,1.5,1,3,2,0
59.0,1,2,150.0,212.0,1,1,157.0,0,1.6,2,0,2,1
58.0,1,0,100.0,234.0,0,1,156.0,0,0.1,2,1,3,0
45.0,1,0,115.0,260.0,0,0,185.0,0,0.0,2,0,2,1
60.0,0,2,102.0,318.0,0,1,160.0,0,0.0,2,1,2,1
50.0,1,0,144.0,200.0,0,0,126.0,1,0.9,1,0,3,0
62.0,0,0,124.0,209.0,0,1,163.0,0,0.0,2,0,2,1
34.0,1,3,118.0,182.0,0,0,174.0,0,0.0,2,0,2,1
52.0,1,3,152.0,298.0,1,1,178.0,0,1.2,1,0,3,1
64.0,1,3,170.0,227.0,0,0,155.0,0,0.6,1,0,3,1
66.0,0,2,146.0,278.0,0,0,152.0,0,0.0,1,1,2,1
42.0,1,3,148.0,244.0,0,0,178.0,0,0.8,2,2,2,1
59.0,1,2,126.0,218.0,1,1,134.0,0,2.2,1,1,1,0
41.0,1,2,112.0,250.0,0,1,179.0,0,0.0,2,0,2,1
38.0,1,2,138.0,175.0,0,1,173.0,0,0.0,2,4,2,1
62.0,1,1,120.0,281.0,0,0,103.0,0,1.4,1,1,3,0
42.0,1,2,120.0,240.0,1,1,194.0,0,0.8,0,0,3,1
67.0,1,0,100.0,299.0,0,0,125.0,1,0.9,1,2,2,0
50.0,1,0,150.0,243.0,0,0,128.0,0,2.6,1,0,3,0
43.0,1,2,130.0,315.0,0,1,162.0,0,1.9,2,1,2,1
45.0,1,1,128.0,308.0,0,0,170.0,0,0.0,2,0,2,1
49.0,1,1,130.0,266.0,0,1,171.0,0,0.6,2,0,2,1
65.0,1,0,135.0,254.0,0,0,127.0,0,2.8,1,1,3,0
41.0,1,1,120.0,157.0,0,1,182.0,0,0.0,2,0,2,1
46.0,1,0,140.0,311.0,0,1,120.0,1,1.8,1,2,3,0
54.0,1,0,122.0,286.0,0,0,116.0,1,3.2,1,2,2,0
57.0,0,1,130.0,236.0,0,0,174.0,0,0.0,1,1,2,0
63.0,1,0,130.0,254.0,0,0,147.0,0,1.4,1,1,3,0
64.0,1,3,110.0,211.0,0,0,144.0,1,1.8,1,0,2,1
39.0,0,2,94.0,199.0,0,1,179.0,0,0.0,2,0,2,1
51.0,1,0,140.0,261.0,0,0,186.0,1,0.0,2,0,2,1
54.0,1,2,150.0,232.0,0,0,165.0,0,1.6,2,0,3,1
49.0,1,2,118.0,149.0,0,0,126.0,0,0.8,2,3,2,0
44.0,0,2,118.0,242.0,0,1,149.0,0,0.3,1,1,2,1
52.0,1,1,128.0,205.0,1,1,184.0,0,0.0,2,0,2,1
66.0,0,0,178.0,228.0,1,1,165.0,1,1.0,1,2,3,0
58.0,1,0,125.0,300.0,0,0,171.0,0,0.0,2,2,3,0
56.0,1,1,120.0,236.0,0,1,178.0,0,0.8,2,0,2,1
60.0,1,0,125.0,258.0,0,0,141.0,1,2.8,1,1,3,0
41.0,0,1,126.0,306.0,0,1,163.0,0,0.0,2,0,2,1
49.0,0,0,130.0,269.0,0,1,163.0,0,0.0,2,0,2,1
64.0,1,3,170.0,227.0,0,0,155.0,0,0.6,1,0,3,1
49.0,1,2,118.0,149.0,0,0,126.0,0,0.8,2,3,2,0
57.0,1,1,124.0,261.0,0,1,141.0,0,0.3,2,0,3,0
60.0,1,0,117.0,230.0,1,1,160.0,1,1.4,2,2,3,0
62.0,0,0,150.0,244.0,0,1,154.0,1,1.4,1,0,2,0
54.0,0,1,132.0,288.0,1,0,159.0,1,0.0,2,1,2,1
67.0,1,2,152.0,212.0,0,0,150.0,0,0.8,1,0,3,0
38.0,1,2,138.0,175.0,0,1,173.0,0,0.0,2,4,2,1
60.0,1,2,140.0,185.0,0,0,155.0,0,3.0,1,0,2,0
51.0,1,2,125.0,245.0,1,0,166.0,0,2.4,1,0,2,1
44.0,1,1,130.0,219.0,0,0,188.0,0,0.0,2,0,2,1
54.0,1,1,192.0,283.0,0,0,195.0,0,0.0,2,1,3,0
46.0,1,0,140.0,311.0,0,1,120.0,1,1.8,1,2,3,0
39.0,0,2,138.0,220.0,0,1,152.0,0,0.0,1,0,2,1
42.0,1,2,130.0,180.0,0,1,150.0,0,0.0,2,0,2,1
47.0,1,0,110.0,275.0,0,0,118.0,1,1.0,1,1,2,0
45.0,0,1,112.0,160.0,0,1,138.0,0,0.0,1,0,2,1
55.0,1,0,132.0,353.0,0,1,132.0,1,1.2,1,1,3,0
57.0,1,0,165.0,289.0,1,0,124.0,0,1.0,1,3,3,0
35.0,1,0,120.0,198.0,0,1,130.0,1,1.6,1,0,3,0
62.0,0,0,140.0,394.0,0,0,157.0,0,1.2,1,0,2,1
35.0,0,0,138.0,183.0,0,1,182.0,0,1.4,2,0,2,1
64.0,0,0,180.0,325.0,0,1,154.0,1,0.0,2,0,2,1
38.0,1,3,120.0,231.0,0,1,182.0,1,3.8,1,0,3,0
66.0,1,0,120.0,302.0,0,0,151.0,0,0.4,1,0,2,1
44.0,1,2,120.0,226.0,0,1,169.0,0,0.0,2,0,2,1
54.0,1,2,150.0,232.0,0,0,165.0,0,1.6,2,0,3,1
48.0,1,0,122.0,222.0,0,0,186.0,0,0.0,2,0,2,1
55.0,0,1,132.0,342.0,0,1,166.0,0,1.2,2,0,2,1
58.0,0,0,170.0,225.0,1,0,146.0,1,2.8,1,2,1,0
45.0,1,0,104.0,208.0,0,0,148.0,1,3.0,1,0,2,1
53.0,1,0,123.0,282.0,0,1,95.0,1,2.0,1,2,3,0
67.0,1,0,120.0,237.0,0,1,71.0,0,1.0,1,0,2,0
58.0,1,2,132.0,224.0,0,0,173.0,0,3.2,2,2,3,0
71.0,0,2,110.0,265.0,1,0,130.0,0,0.0,2,1,2,1
43.0,1,0,110.0,211.0,0,1,161.0,0,0.0,2,0,3,1
44.0,1,1,120.0,263.0,0,1,173.0,0,0.0,2,0,3,1
39.0,0,2,138.0,220.0,0,1,152.0,0,0.0,1,0,2,1
54.0,1,0,110.0,206.0,0,0,108.0,1,0.0,1,1,2,0
66.0,1,0,160.0,228.0,0,0,138.0,0,2.3,2,0,1,1
56.0,1,0,130.0,283.0,1,0,103.0,1,1.6,0,0,3,0
57.0,1,0,132.0,207.0,0,1,168.0,1,0.0,2,0,3,1
44.0,1,1,130.0,219.0,0,0,188.0,0,0.0,2,0,2,1
55.0,1,0,160.0,289.0,0,0,145.0,1,0.8,1,1,3,0
41.0,0,1,105.0,198.0,0,1,168.0,0,0.0,2,1,2,1
45.0,0,1,130.0,234.0,0,0,175.0,0,0.6,1,0,2,1
35.0,1,1,122.0,192.0,0,1,174.0,0,0.0,2,0,2,1
41.0,0,1,130.0,204.0,0,0,172.0,0,1.4,2,0,2,1
64.0,1,3,110.0,211.0,0,0,144.0,1,1.8,1,0,2,1
58.0,1,2,132.0,224.0,0,0,173.0,0,3.2,2,2,3,0
71.0,0,2,110.0,265.0,1,0,130.0,0,0.0,2,1,2,1
64.0,0,2,140.0,313.0,0,1,133.0,0,0.2,2,0,3,1
71.0,0,1,160.0,302.0,0,1,162.0,0,0.4,2,2,2,1
58.0,0,2,120.0,340.0,0,1,172.0,0,0.0,2,0,2,1
40.0,1,0,152.0,223.0,0,1,181.0,0,0.0,2,0,3,0
52.0,1,2,138.0,223.0,0,1,169.0,0,0.0,2,4,2,1
58.0,1,0,128.0,259.0,0,0,130.0,1,3.0,1,2,3,0
61.0,1,2,150.0,243.0,1,1,137.0,1,1.0,1,0,2,1
59.0,1,2,150.0,212.0,1,1,157.0,0,1.6,2,0,2,1
56.0,0,0,200.0,288.0,1,0,133.0,1,4.0,0,2,3,0
67.0,1,0,100.0,299.0,0,0,125.0,1,0.9,1,2,2,0
67.0,1,0,120.0,237.0,0,1,71.0,0,1.0,1,0,2,0
58.0,1,0,150.0,270.0,0,0,111.0,1,0.8,2,0,3,0
35.0,1,1,122.0,192.0,0,1,174.0,0,0.0,2,0,2,1
52.0,1,1,120.0,325.0,0,1,172.0,0,0.2,2,0,2,1
46.0,0,1,105.0,204.0,0,1,172.0,0,0.0,2,0,2,1
51.0,1,2,94.0,227.0,0,1,154.0,1,0.0,2,1,3,1
55.0,0,1,132.0,342.0,0,1,166.0,0,1.2,2,0,2,1
60.0,1,0,145.0,282.0,0,0,142.0,1,2.8,1,2,3,0
52.0,0,2,136.0,196.0,0,0,169.0,0,0.1,1,0,2,1
62.0,1,0,120.0,267.0,0,1,99.0,1,1.8,1,2,3,0
44.0,0,2,118.0,242.0,0,1,149.0,0,0.3,1,1,2,1
44.0,1,1,120.0,220.0,0,1,170.0,0,0.0,2,0,2,1
59.0,1,2,126.0,218.0,1,1,134.0,0,2.2,1,1,1,0
56.0,0,1,140.0,294.0,0,0,153.0,0,1.3,1,0,2,1
61.0,1,0,120.0,260.0,0,1,140.0,1,3.6,1,1,3,0
48.0,1,0,130.0,256.0,1,0,150.0,1,0.0,2,2,3,0
70.0,1,2,160.0,269.0,0,1,112.0,1,2.9,1,1,3,0
74.0,0,1,120.0,269.0,0,0,121.0,1,0.2,2,1,2,1
40.0,1,3,140.0,199.0,0,1,178.0,1,1.4,2,0,3,1
42.0,1,3,148.0,244.0,0,0,178.0,0,0.8,2,2,2,1
64.0,0,2,140.0,313.0,0,1,133.0,0,0.2,2,0,3,1
63.0,0,2,135.0,252.0,0,0,172.0,0,0.0,2,0,2,1
59.0,1,0,140.0,177.0,0,1,162.0,1,0.0,2,1,3,0
53.0,0,2,128.0,216.0,0,0,115.0,0,0.0,2,0,0,1
53.0,0,0,130.0,264.0,0,0,143.0,0,0.4,1,0,2,1
48.0,0,2,130.0,275.0,0,1,139.0,0,0.2,2,0,2,1
45.0,1,0,142.0,309.0,0,0,147.0,1,0.0,1,3,3,0
66.0,1,1,160.0,246.0,0,1,120.0,1,0.0,1,3,1,0
48.0,1,1,130.0,245.0,0,0,180.0,0,0.2,1,0,2,1
56.0,0,1,140.0,294.0,0,0,153.0,0,1.3,1,0,2,1
54.0,1,1,192.0,283.0,0,0,195.0,0,0.0,2,1,3,0
57.0,1,0,150.0,276.0,0,0,112.0,1,0.6,1,1,1,0
70.0,1,0,130.0,322.0,0,0,109.0,0,2.4,1,3,2,0
53.0,0,2,128.0,216.0,0,0,115.0,0,0.0,2,0,0,1
37.0,0,2,120.0,215.0,0,1,170.0,0,0.0,2,0,2,1
63.0,0,0,108.0,269.0,0,1,169.0,1,1.8,1,2,2,0
37.0,1,2,130.0,250.0,0,1,187.0,0,3.5,0,0,2,1
54.0,0,2,110.0,214.0,0,1,158.0,0,1.6,1,0,2,1
60.0,1,0,130.0,206.0,0,0,132.0,1,2.4,1,2,3,0
58.0,1,0,150.0,270.0,0,0,111.0,1,0.8,2,0,3,0
57.0,1,2,150.0,126.0,1,1,173.0,0,0.2,2,1,3,1
54.0,1,2,125.0,273.0,0,0,152.0,0,0.5,0,1,2,1
56.0,1,2,130.0,256.0,1,0,142.0,1,0.6,1,1,1,0
60.0,1,0,130.0,253.0,0,1,144.0,1,1.4,2,1,3,0
38.0,1,2,138.0,175.0,0,1,173.0,0,0.0,2,4,2,1
44.0,1,2,120.0,226.0,0,1,169.0,0,0.0,2,0,2,1
65.0,0,2,155.0,269.0,0,1,148.0,0,0.8,2,0,2,1
52.0,1,2,172.0,199.0,1,1,162.0,0,0.5,2,0,3,1
41.0,1,1,120.0,157.0,0,1,182.0,0,0.0,2,0,2,1
66.0,1,1,160.0,246.0,0,1,120.0,1,0.0,1,3,1,0
50.0,1,0,150.0,243.0,0,0,128.0,0,2.6,1,0,3,0
54.0,0,2,108.0,267.0,0,0,167.0,0,0.0,2,0,2,1
43.0,1,0,132.0,247.0,1,0,143.0,1,0.1,1,4,3,0
62.0,0,2,130.0,263.0,0,1,97.0,0,1.2,1,1,3,0
66.0,1,0,120.0,302.0,0,0,151.0,0,0.4,1,0,2,1
50.0,1,0,144.0,200.0,0,0,126.0,1,0.9,1,0,3,0
57.0,1,0,110.0,335.0,0,1,143.0,1,3.0,1,1,3,0
57.0,1,0,110.0,201.0,0,1,126.0,1,1.5,1,0,1,1
57.0,1,1,124.0,261.0,0,1,141.0,0,0.3,2,0,3,0
46.0,0,0,138.0,243.0,0,0,152.0,1,0.0,1,0,2,1
59.0,1,0,164.0,176.0,1,0,90.0,0,1.0,1,2,1,0
67.0,1,0,160.0,286.0,0,0,108.0,1,1.5,1,3,2,0
59.0,1,3,134.0,204.0,0,1,162.0,0,0.8,2,2,2,0
53.0,0,2,128.0,216.0,0,0,115.0,0,0.0,2,0,0,1
48.0,1,0,122.0,222.0,0,0,186.0,0,0.0,2,0,2,1
62.0,1,2,130.0,231.0,0,1,146.0,0,1.8,1,3,3,1
43.0,0,2,122.0,213.0,0,1,165.0,0,0.2,1,0,2,1
53.0,1,2,130.0,246.0,1,0,173.0,0,0.0,2,3,2,1
57.0,0,1,130.0,236.0,0,0,174.0,0,0.0,1,1,2,0
53.0,1,2,130.0,246.0,1,0,173.0,0,0.0,2,3,2,1
58.0,1,2,112.0,230.0,0,0,165.0,0,2.5,1,1,3,0
48.0,1,1,110.0,229.0,0,1,168.0,0,1.0,0,0,3,0
58.0,1,2,105.0,240.0,0,0,154.0,1,0.6,1,0,3,1
51.0,1,2,110.0,175.0,0,1,123.0,0,0.6,2,0,2,1
43.0,0,0,132.0,341.0,1,0,136.0,1,3.0,1,0,3,0
55.0,1,0,132.0,353.0,0,1,132.0,1,1.2,1,1,3,0
54.0,0,2,110.0,214.0,0,1,158.0,0,1.6,1,0,2,1
58.0,1,1,120.0,284.0,0,0,160.0,0,1.8,1,0,2,0
46.0,0,2,142.0,177.0,0,0,160.0,1,1.4,0,0,2,1
66.0,1,0,160.0,228.0,0,0,138.0,0,2.3,2,0,1,1
59.0,1,1,140.0,221.0,0,1,164.0,1,0.0,2,0,2,1
64.0,0,0,130.0,303.0,0,1,122.0,0,2.0,1,2,2,1
67.0,1,0,120.0,237.0,0,1,71.0,0,1.0,1,0,2,0
52.0,1,3,118.0,186.0,0,0,190.0,0,0.0,1,0,1,1
58.0,1,0,146.0,218.0,0,1,105.0,0,2.0,1,1,3,0
58.0,1,2,132.0,224.0,0,0,173.0,0,3.2,2,2,3,0
59.0,1,0,110.0,239.0,0,0,142.0,1,1.2,1,1,3,0
58.0,1,0,150.0,270.0,0,0,111.0,1,0.8,2,0,3,0
35.0,1,0,126.0,282.0,0,0,156.0,1,0.0,2,0,3,0
51.0,1,2,110.0,175.0,0,1,123.0,0,0.6,2,0,2,1
42.0,0,2,120.0,209.0,0,1,173.0,0,0.0,1,0,2,1
77.0,1,0,125.0,304.0,0,0,162.0,1,0.0,2,3,2,0
64.0,1,0,120.0,246.0,0,0,96.0,1,2.2,0,1,2,0
63.0,1,3,145.0,233.0,1,0,150.0,0,2.3,0,0,1,1
58.0,0,1,136.0,319.0,1,0,152.0,0,0.0,2,2,2,0
45.0,1,3,110.0,264.0,0,1,132.0,0,1.2,1,0,3,0
51.0,1,2,110.0,175.0,0,1,123.0,0,0.6,2,0,2,1
62.0,0,0,160.0,164.0,0,0,145.0,0,6.2,0,3,3,0
63.0,1,0,130.0,330.0,1,0,132.0,1,1.8,2,3,3,0
66.0,0,2,146.0,278.0,0,0,152.0,0,0.0,1,1,2,1
68.0,1,2,180.0,274.0,1,0,150.0,1,1.6,1,0,3,0
40.0,1,0,110.0,167.0,0,0,114.0,1,2.0,1,0,3,0
66.0,1,0,160.0,228.0,0,0,138.0,0,2.3,2,0,1,1
63.0,1,3,145.0,233.0,1,0,150.0,0,2.3,0,0,1,1
49.0,1,2,120.0,188.0,0,1,139.0,0,2.0,1,3,3,0
71.0,0,0,112.0,149.0,0,1,125.0,0,1.6,1,0,2,1
70.0,1,1,156.0,245.0,0,0,143.0,0,0.0,2,0,2,1
46.0,0,1,105.0,204.0,0,1,172.0,0,0.0,2,0,2,1
61.0,1,0,140.0,207.0,0,0,138.0,1,1.9,2,1,3,0
56.0,1,2,130.0,256.0,1,0,142.0,1,0.6,1,1,1,0
58.0,1,2,140.0,211.0,1,0,165.0,0,0.0,2,0,2,1
58.0,1,0,100.0,234.0,0,1,156.0,0,0.1,2,1,3,0
46.0,0,0,138.0,243.0,0,0,152.0,1,0.0,1,0,2,1
46.0,1,2,150.0,231.0,0,1,147.0,0,3.6,1,0,2,0
41.0,0,1,105.0,198.0,0,1,168.0,0,0.0,2,1,2,1
56.0,1,0,125.0,249.0,1,0,144.0,1,1.2,1,1,2,0
57.0,1,0,150.0,276.0,0,0,112.0,1,0.6,1,1,1,0
70.0,1,0,130.0,322.0,0,0,109.0,0,2.4,1,3,2,0
59.0,1,3,170.0,288.0,0,0,159.0,0,0.2,1,0,3,0
41.0,0,1,130.0,204.0,0,0,172.0,0,1.4,2,0,2,1
54.0,1,2,125.0,273.0,0,0,152.0,0,0.5,0,1,2,1
52.0,1,2,138.0,223.0,0,1,169.0,0,0.0,2,4,2,1
62.0,0,0,124.0,209.0,0,1,163.0,0,0.0,2,0,2,1
65.0,0,2,160.0,360.0,0,0,151.0,0,0.8,2,0,2,1
57.0,0,0,128.0,303.0,0,0,159.0,0,0.0,2,1,2,1
42.0,0,0,102.0,265.0,0,0,122.0,0,0.6,1,0,2,1
57.0,0,0,120.0,354.0,0,1,163.0,1,0.6,2,0,2,1
58.0,0,1,136.0,319.0,1,0,152.0,0,0.0,2,2,2,0
45.0,1,0,142.0,309.0,0,0,147.0,1,0.0,1,3,3,0
51.0,0,0,130.0,305.0,0,1,142.0,1,1.2,1,0,3,0
54.0,0,2,160.0,201.0,0,1,163.0,0,0.0,2,1,2,1
57.0,1,2,150.0,168.0,0,1,174.0,0,1.6,2,0,2,1
43.0,1,0,132.0,247.0,1,0,143.0,1,0.1,1,4,3,0
47.0,1,2,108.0,243.0,0,1,152.0,0,0.0,2,0,2,0
67.0,1,2,152.0,212.0,0,0,150.0,0,0.8,1,0,3,0
65.0,0,0,150.0,225.0,0,0,114.0,0,1.0,1,3,3,0
60.0,0,2,102.0,318.0,0,1,160.0,0,0.0,2,1,2,1
37.0,1,2,130.0,250.0,0,1,187.0,0,3.5,0,0,2,1
41.0,0,2,112.0,268.0,0,0,172.0,1,0.0,2,0,2,1
57.0,0,0,120.0,354.0,0,1,163.0,1,0.6,2,0,2,1
59.0,0,0,174.0,249.0,0,1,143.0,1,0.0,1,0,2,0
67.0,1,0,120.0,229.0,0,0,129.0,1,2.6,1,2,3,0
47.0,1,2,130.0,253.0,0,1,179.0,0,0.0,2,0,2,1
58.0,1,1,120.0,284.0,0,0,160.0,0,1.8,1,0,2,0
62.0,0,0,150.0,244.0,0,1,154.0,1,1.4,1,0,2,0
60.0,1,0,140.0,293.0,0,0,170.0,0,1.2,1,2,3,0
57.0,1,0,152.0,274.0,0,1,88.0,1,1.2,1,1,3,0
57.0,1,2,150.0,168.0,0,1,174.0,0,1.6,2,0,2,1
47.0,1,2,130.0,253.0,0,1,179.0,0,0.0,2,0,2,1
52.0,1,1,128.0,205.0,1,1,184.0,0,0.0,2,0,2,1
53.0,1,2,130.0,246.0,1,0,173.0,0,0.0,2,3,2,1
55.0,1,0,160.0,289.0,0,0,145.0,1,0.8,1,1,3,0
51.0,0,2,120.0,295.0,0,0,157.0,0,0.6,2,0,2,1
52.0,1,0,112.0,230.0,0,1,160.0,0,0.0,2,1,2,0
63.0,0,0,150.0,407.0,0,0,154.0,0,4.0,1,3,3,0
49.0,0,1,134.0,271.0,0,1,162.0,0,0.0,1,0,2,1
66.0,0,0,178.0,228.0,1,1,165.0,1,1.0,1,2,3,0
49.0,0,1,134.0,271.0,0,1,162.0,0,0.0,1,0,2,1
65.0,0,0,150.0,225.0,0,0,114.0,0,1.0,1,3,3,0
69.0,1,3,160.0,234.0,1,0,131.0,0,0.1,1,1,2,1
47.0,1,2,108.0,243.0,0,1,152.0,0,0.0,2,0,2,0
39.0,0,2,138.0,220.0,0,1,152.0,0,0.0,1,0,2,1
43.0,1,0,150.0,247.0,0,1,171.0,0,1.5,2,0,2,1
51.0,1,0,140.0,261.0,0,0,186.0,1,0.0,2,0,2,1
69.0,1,2,140.0,254.0,0,0,146.0,0,2.0,1,3,3,0
48.0,1,2,124.0,255.0,1,1,175.0,0,0.0,2,2,2,1
52.0,1,3,118.0,186.0,0,0,190.0,0,0.0,1,0,1,1
43.0,1,0,110.0,211.0,0,1,161.0,0,0.0,2,0,3,1
67.0,0,2,115.0,564.0,0,0,160.0,0,1.6,1,0,3,1
38.0,1,2,138.0,175.0,0,1,173.0,0,0.0,2,4,2,1
44.0,1,1,130.0,219.0,0,0,188.0,0,0.0,2,0,2,1
47.0,1,0,110.0,275.0,0,0,118.0,1,1.0,1,1,2,0
61.0,1,2,150.0,243.0,1,1,137.0,1,1.0,1,0,2,1
67.0,1,0,160.0,286.0,0,0,108.0,1,1.5,1,3,2,0
60.0,0,3,150.0,240.0,0,1,171.0,0,0.9,2,0,2,1
64.0,0,2,140.0,313.0,0,1,133.0,0,0.2,2,0,3,1
58.0,0,0,130.0,197.0,0,1,131.0,0,0.6,1,0,2,1
41.0,1,2,130.0,214.0,0,0,168.0,0,2.0,1,0,2,1
48.0,1,1,110.0,229.0,0,1,168.0,0,1.0,0,0,3,0
57.0,1,2,150.0,126.0,1,1,173.0,0,0.2,2,1,3,1
57.0,1,0,165.0,289.0,1,0,124.0,0,1.0,1,3,3,0
57.0,1,2,128.0,229.0,0,0,150.0,0,0.4,1,1,3,0
39.0,1,2,140.0,321.0,0,0,182.0,0,0.0,2,0,2,1
58.0,1,0,128.0,216.0,0,0,131.0,1,2.2,1,3,3,0
51.0,0,0,130.0,305.0,0,1,142.0,1,1.2,1,0,3,0
63.0,0,0,150.0,407.0,0,0,154.0,0,4.0,1,3,3,0
51.0,1,0,140.0,298.0,0,1,122.0,1,4.2,1,3,3,0
35.0,1,1,122.0,192.0,0,1,174.0,0,0.0,2,0,2,1
65.0,1,0,110.0,248.0,0,0,158.0,0,0.6,2,2,1,0
62.0,1,1,120.0,281.0,0,0,103.0,0,1.4,1,1,3,0
41.0,1,0,110.0,172.0,0,0,158.0,0,0.0,2,0,3,0
65.0,1,0,135.0,254.0,0,0,127.0,0,2.8,1,1,3,0
54.0,0,1,132.0,288.0,1,0,159.0,1,0.0,2,1,2,1
61.0,1,2,150.0,243.0,1,1,137.0,1,1.0,1,0,2,1
57.0,0,0,128.0,303.0,0,0,159.0,0,0.0,2,1,2,1
57.0,1,2,150.0,168.0,0,1,174.0,0,1.6,2,0,2,1
64.0,1,2,125.0,309.0,0,1,131.0,1,1.8,1,0,3,0
55.0,1,0,132.0,353.0,0,1,132.0,1,1.2,1,1,3,0
51.0,1,2,125.0,245.0,1,0,166.0,0,2.4,1,0,2,1
59.0,1,0,135.0,234.0,0,1,161.0,0,0.5,1,0,3,1
68.0,1,2,180.0,274.0,1,0,150.0,1,1.6,1,0,3,0
57.0,1,1,154.0,232.0,0,0,164.0,0,0.0,2,1,2,0
54.0,1,0,140.0,239.0,0,1,160.0,0,1.2,2,0,2,1
46.0,0,2,142.0,177.0,0,0,160.0,1,1.4,0,0,2,1
71.0,0,0,112.0,149.0,0,1,125.0,0,1.6,1,0,2,1
35.0,0,0,138.0,183.0,0,1,182.0,0,1.4,2,0,2,1
46.0,0,2,142.0,177.0,0,0,160.0,1,1.4,0,0,2,1
45.0,0,1,130.0,234.0,0,0,175.0,0,0.6,1,0,2,1
47.0,1,2,108.0,243.0,0,1,152.0,0,0.0,2,0,2,0
44.0,0,2,118.0,242.0,0,1,149.0,0,0.3,1,1,2,1
61.0,1,0,120.0,260.0,0,1,140.0,1,3.6,1,1,3,0
41.0,0,1,130.0,204.0,0,0,172.0,0,1.4,2,0,2,1
56.0,0,0,200.0,288.0,1,0,133.0,1,4.0,0,2,3,0
55.0,0,0,180.0,327.0,0,2,117.0,1,3.4,1,0,2,0
54.0,0,1,132.0,288.0,1,0,159.0,1,0.0,2,1,2,1
43.0,1,0,120.0,177.0,0,0,120.0,1,2.5,1,0,3,0
44.0,1,0,112.0,290.0,0,0,153.0,0,0.0,2,1,2,0
54.0,1,0,110.0,206.0,0,0,108.0,1,0.0,1,1,2,0
44.0,1,1,120.0,220.0,0,1,170.0,0,0.0,2,0,2,1
49.0,1,2,120.0,188.0,0,1,139.0,0,2.0,1,3,3,0
60.0,1,0,130.0,206.0,0,0,132.0,1,2.4,1,2,3,0
41.0,0,1,105.0,198.0,0,1,168.0,0,0.0,2,1,2,1
49.0,1,2,120.0,188.0,0,1,139.0,0,2.0,1,3,3,0
61.0,1,0,148.0,203.0,0,1,161.0,0,0.0,2,1,3,0
59.0,1,0,140.0,177.0,0,1,162.0,1,0.0,2,1,3,0
58.0,1,1,125.0,220.0,0,1,144.0,0,0.4,1,4,3,1
67.0,0,2,152.0,277.0,0,1,172.0,0,0.0,2,1,2,1
61.0,1,0,148.0,203.0,0,1,161.0,0,0.0,2,1,3,0
58.0,1,2,112.0,230.0,0,0,165.0,0,2.5,1,1,3,0
51.0,0,2,130.0,256.0,0,0,149.0,0,0.5,2,0,2,1
62.0,0,0,160.0,164.0,0,0,145.0,0,6.2,0,3,3,0
62.0,0,0,124.0,209.0,0,1,163.0,0,0.0,2,0,2,1
59.0,1,3,178.0,270.0,0,0,145.0,0,4.2,0,0,3,1
69.0,1,3,160.0,234.0,1,0,131.0,0,0.1,1,1,2,1
60.0,0,0,150.0,258.0,0,0,157.0,0,2.6,1,2,3,0
65.0,0,2,155.0,269.0,0,1,148.0,0,0.8,2,0,2,1
63.0,0,0,124.0,197.0,0,1,136.0,1,0.0,1,0,2,0
53.0,0,0,138.0,234.0,0,0,160.0,0,0.0,2,0,2,1
54.0,0,2,108.0,267.0,0,0,167.0,0,0.0,2,0,2,1
76.0,0,2,140.0,197.0,0,2,116.0,0,1.1,1,0,2,1
50.0,0,2,120.0,219.0,0,1,158.0,0,1.6,1,0,2,1
52.0,1,1,120.0,325.0,0,1,172.0,0,0.2,2,0,2,1
46.0,1,0,120.0,249.0,0,0,144.0,0,0.8,2,0,3,0
64.0,1,3,170.0,227.0,0,0,155.0,0,0.6,1,0,3,1
58.0,1,0,128.0,259.0,0,0,130.0,1,3.0,1,2,3,0
44.0,1,2,140.0,235.0,0,0,180.0,0,0.0,2,0,2,1
62.0,0,0,140.0,394.0,0,0,157.0,0,1.2,1,0,2,1
59.0,1,3,134.0,204.0,0,1,162.0,0,0.8,2,2,2,0
54.0,1,2,125.0,273.0,0,0,152.0,0,0.5,0,1,2,1
48.0,1,1,110.0,229.0,0,1,168.0,0,1.0,0,0,3,0
70.0,1,0,130.0,322.0,0,0,109.0,0,2.4,1,3,2,0
67.0,0,0,106.0,223.0,0,1,142.0,0,0.3,2,2,2,1
51.0,0,2,120.0,295.0,0,0,157.0,0,0.6,2,0,2,1
68.0,1,2,118.0,277.0,0,1,151.0,0,1.0,2,1,3,1
69.0,1,2,140.0,254.0,0,0,146.0,0,2.0,1,3,3,0
54.0,1,0,122.0,286.0,0,0,116.0,1,3.2,1,2,2,0
43.0,0,0,132.0,341.0,1,0,136.0,1,3.0,1,0,3,0
53.0,1,2,130.0,197.0,1,0,152.0,0,1.2,0,0,2,1
58.0,1,0,100.0,234.0,0,1,156.0,0,0.1,2,1,3,0
67.0,1,0,125.0,254.0,1,1,163.0,0,0.2,1,2,3,0
59.0,1,0,140.0,177.0,0,1,162.0,1,0.0,2,1,3,0
48.0,1,0,122.0,222.0,0,0,186.0,0,0.0,2,0,2,1
39.0,0,2,94.0,199.0,0,1,179.0,0,0.0,2,0,2,1
67.0,1,0,120.0,237.0,0,1,71.0,0,1.0,1,0,2,0
58.0,0,0,130.0,197.0,0,1,131.0,0,0.6,1,0,2,1
65.0,0,2,155.0,269.0,0,1,148.0,0,0.8,2,0,2,1
42.0,0,2,120.0,209.0,0,1,173.0,0,0.0,1,0,2,1
44.0,1,0,112.0,290.0,0,0,153.0,0,0.0,2,1,2,0
56.0,1,0,132.0,184.0,0,0,105.0,1,2.1,1,1,1,0
53.0,0,0,138.0,234.0,0,0,160.0,0,0.0,2,0,2,1
50.0,0,0,110.0,254.0,0,0,159.0,0,0.0,2,0,2,1
41.0,1,2,130.0,214.0,0,0,168.0,0,2.0,1,0,2,1
54.0,0,2,160.0,201.0,0,1,163.0,0,0.0,2,1,2,1
42.0,1,2,120.0,240.0,1,1,194.0,0,0.8,0,0,3,1
54.0,0,2,135.0,304.0,1,1,170.0,0,0.0,2,0,2,1
60.0,1,0,145.0,282.0,0,0,142.0,1,2.8,1,2,3,0
34.0,1,3,118.0,182.0,0,0,174.0,0,0.0,2,0,2,1
44.0,1,0,112.0,290.0,0,0,153.0,0,0.0,2,1,2,0
60.0,1,0,125.0,258.0,0,0,141.0,1,2.8,1,1,3,0
43.0,1,0,150.0,247.0,0,1,171.0,0,1.5,2,0,2,1
52.0,1,3,152.0,298.0,1,1,178.0,0,1.2,1,0,3,1
70.0,1,0,130.0,322.0,0,0,109.0,0,2.4,1,3,2,0
62.0,0,0,140.0,394.0,0,0,157.0,0,1.2,1,0,2,1
58.0,1,0,146.0,218.0,0,1,105.0,0,2.0,1,1,3,0
46.0,1,1,101.0,197.0,1,1,156.0,0,0.0,2,0,3,1
44.0,1,2,140.0,235.0,0,0,180.0,0,0.0,2,0,2,1
55.0,1,1,130.0,262.0,0,1,155.0,0,0.0,2,0,2,1
43.0,1,0,120.0,177.0,0,0,120.0,1,2.5,1,0,3,0
55.0,1,0,132.0,353.0,0,1,132.0,1,1.2,1,1,3,0
40.0,1,3,140.0,199.0,0,1,178.0,1,1.4,2,0,3,1
64.0,1,2,125.0,309.0,0,1,131.0,1,1.8,1,0,3,0
59.0,1,0,164.0,176.0,1,0,90.0,0,1.0,1,2,1,0
61.0,0,0,145.0,307.0,0,0,146.0,1,1.0,1,0,3,0
54.0,1,0,122.0,286.0,0,0,116.0,1,3.2,1,2,2,0
74.0,0,1,120.0,269.0,0,0,121.0,1,0.2,2,1,2,1
63.0,0,0,108.0,269.0,0,1,169.0,1,1.8,1,2,2,0
70.0,1,2,160.0,269.0,0,1,112.0,1,2.9,1,1,3,0
63.0,0,0,108.0,269.0,0,1,169.0,1,1.8,1,2,2,0
64.0,1,0,145.0,212.0,0,0,132.0,0,2.0,1,2,1,0
61.0,1,0,148.0,203.0,0,1,161.0,0,0.0,2,1,3,0
59.0,1,1,140.0,221.0,0,1,164.0,1,0.0,2,0,2,1
38.0,1,2,138.0,175.0,0,1,173.0,0,0.0,2,4,2,1
58.0,1,1,120.0,284.0,0,0,160.0,0,1.8,1,0,2,0
63.0,0,1,140.0,195.0,0,1,179.0,0,0.0,2,2,2,1
62.0,0,2,130.0,263.0,0,1,97.0,0,1.2,1,1,3,0
46.0,1,0,140.0,311.0,0,1,120.0,1,1.8,1,2,3,0
58.0,0,2,120.0,340.0,0,1,172.0,0,0.0,2,0,2,1
63.0,0,1,140.0,195.0,0,1,179.0,0,0.0,2,2,2,1
47.0,1,2,130.0,253.0,0,1,179.0,0,0.0,2,0,2,1
71.0,0,2,110.0,265.0,1,0,130.0,0,0.0,2,1,2,1
66.0,1,0,112.0,212.0,0,0,132.0,1,0.1,2,1,2,0
42.0,1,0,136.0,315.0,0,1,125.0,1,1.8,1,0,1,0
64.0,1,0,145.0,212.0,0,0,132.0,0,2.0,1,2,1,0
55.0,0,0,180.0,327.0,0,2,117.0,1,3.4,1,0,2,0
43.0,0,0,132.0,341.0,1,0,136.0,1,3.0,1,0,3,0
55.0,0,0,128.0,205.0,0,2,130.0,1,2.0,1,1,3,0
58.0,0,0,170.0,225.0,1,0,146.0,1,2.8,1,2,1,0
55.0,1,0,140.0,217.0,0,1,111.0,1,5.6,0,0,3,0
51.0,0,0,130.0,305.0,0,1,142.0,1,1.2,1,0,3,0
50.0,0,2,120.0,219.0,0,1,158.0,0,1.6,1,0,2,1
43.0,1,0,115.0,303.0,0,1,181.0,0,1.2,1,0,2,1
41.0,0,1,126.0,306.0,0,1,163.0,0,0.0,2,0,2,1
49.0,1,1,130.0,266.0,0,1,171.0,0,0.6,2,0,2,1
65.0,1,0,110.0,248.0,0,0,158.0,0,0.6,2,2,1,0
57.0,1,0,152.0,274.0,0,1,88.0,1,1.2,1,1,3,0
48.0,1,0,130.0,256.0,1,0,150.0,1,0.0,2,2,3,0
62.0,0,0,138.0,294.0,1,1,106.0,0,1.9,1,3,2,0
61.0,1,3,134.0,234.0,0,1,145.0,0,2.6,1,2,2,0
59.0,1,3,178.0,270.0,0,0,145.0,0,4.2,0,0,3,1
69.0,1,2,140.0,254.0,0,0,146.0,0,2.0,1,3,3,0
58.0,1,2,132.0,224.0,0,0,173.0,0,3.2,2,2,3,0
38.0,1,3,120.0,231.0,0,1,182.0,1,3.8,1,0,3,0
69.0,0,3,140.0,239.0,0,1,151.0,0,1.8,2,2,2,1
65.0,1,3,138.0,282.0,1,0,174.0,0,1.4,1,1,2,0
45.0,1,3,110.0,264.0,0,1,132.0,0,1.2,1,0,3,0
49.0,1,1,130.0,266.0,0,1,171.0,0,0.6,2,0,2,1
45.0,0,1,130.0,234.0,0,0,175.0,0,0.6,1,0,2,1
61.0,1,0,138.0,166.0,0,0,125.0,1,3.6,1,1,2,0
52.0,1,0,125.0,212.0,0,1,168.0,0,1.0,2,2,3,0
53.0,0,0,130.0,264.0,0,0,143.0,0,0.4,1,0,2,1
59.0,0,0,174.0,249.0,0,1,143.0,1,0.0,1,0,2,0
58.0,0,2,120.0,340.0,0,1,172.0,0,0.0,2,0,2,1
65.0,1,3,138.0,282.0,1,0,174.0,0,1.4,1,1,2,0
58.0,0,0,130.0,197.0,0,1,131.0,0,0.6,1,0,2,1
46.0,0,0,138.0,243.0,0,0,152.0,1,0.0,1,0,2,1
56.0,0,0,134.0,409.0,0,0,150.0,1,1.9,1,2,3,0
64.0,1,0,128.0,263.0,0,1,105.0,1,0.2,1,1,3,1
65.0,1,0,120.0,177.0,0,1,140.0,0,0.4,2,0,3,1
44.0,1,2,120.0,226.0,0,1,169.0,0,0.0,2,0,2,1
50.0,1,0,150.0,243.0,0,0,128.0,0,2.6,1,0,3,0
47.0,1,2,108.0,243.0,0,1,152.0,0,0.0,2,0,2,0
64.0,0,0,130.0,303.0,0,1,122.0,0,2.0,1,2,2,1
71.0,0,0,112.0,149.0,0,1,125.0,0,1.6,1,0,2,1
45.0,0,1,130.0,234.0,0,0,175.0,0,0.6,1,0,2,1
62.0,1,0,120.0,267.0,0,1,99.0,1,1.8,1,2,3,0
41.0,1,1,120.0,157.0,0,1,182.0,0,0.0,2,0,2,1
66.0,0,3,150.0,226.0,0,1,114.0,0,2.6,0,0,2,1
56.0,1,0,130.0,283.0,1,0,103.0,1,1.6,0,0,3,0
41.0,0,1,126.0,306.0,0,1,163.0,0,0.0,2,0,2,1
41.0,1,1,110.0,235.0,0,1,153.0,0,0.0,2,0,2,1
57.0,0,1,130.0,236.0,0,0,174.0,0,0.0,1,1,2,0
39.0,0,2,138.0,220.0,0,1,152.0,0,0.0,1,0,2,1
64.0,1,2,125.0,309.0,0,1,131.0,1,1.8,1,0,3,0
59.0,1,0,138.0,271.0,0,0,182.0,0,0.0,2,0,2,1
61.0,1,0,138.0,166.0,0,0,125.0,1,3.6,1,1,2,0
58.0,1,0,114.0,318.0,0,2,140.0,0,4.4,0,3,1,0
47.0,1,0,112.0,204.0,0,1,143.0,0,0.1,2,0,2,1
58.0,0,0,100.0,248.0,0,0,122.0,0,1.0,1,0,2,1
66.0,0,3,150.0,226.0,0,1,114.0,0,2.6,0,0,2,1
65.0,0,2,140.0,417.0,1,0,157.0,0,0.8,2,1,2,1
35.0,1,1,122.0,192.0,0,1,174.0,0,0.0,2,0,2,1
57.0,1,1,124.0,261.0,0,1,141.0,0,0.3,2,0,3,0
29.0,1,1,130.0,204.0,0,0,202.0,0,0.0,2,0,2,1
66.0,1,1,160.0,246.0,0,1,120.0,1,0.0,1,3,1,0
61.0,0,0,130.0,330.0,0,0,169.0,0,0.0,2,0,2,0
52.0,1,0,125.0,212.0,0,1,168.0,0,1.0,2,2,3,0
68.0,1,2,118.0,277.0,0,1,151.0,0,1.0,2,1,3,1
54.0,1,2,120.0,258.0,0,0,147.0,0,0.4,1,0,3,1
63.0,1,0,130.0,330.0,1,0,132.0,1,1.8,2,3,3,0
58.0,1,0,100.0,234.0,0,1,156.0,0,0.1,2,1,3,0
60.0,1,0,130.0,253.0,0,1,144.0,1,1.4,2,1,3,0
63.0,1,0,130.0,254.0,0,0,147.0,0,1.4,1,1,3,0
41.0,0,2,112.0,268.0,0,0,172.0,1,0.0,2,0,2,1
68.0,1,2,180.0,274.0,1,0,150.0,1,1.6,1,0,3,0
42.0,1,1,120.0,295.0,0,1,162.0,0,0.0,2,0,2,1
59.0,1,0,170.0,326.0,0,0,140.0,1,3.4,0,0,3,0
59.0,1,0,164.0,176.0,1,0,90.0,0,1.0,1,2,1,0
43.0,1,0,120.0,177.0,0,0,120.0,1,2.5,1,0,3,0
60.0,1,2,140.0,185.0,0,0,155.0,0,3.0,1,0,2,0
63.0,0,0,150.0,407.0,0,0,154.0,0,4.0,1,3,3,0
52.0,1,0,128.0,204.0,1,1,156.0,1,1.0,1,0,0,0
58.0,1,0,125.0,300.0,0,0,171.0,0,0.0,2,2,3,0
56.0,0,0,200.0,288.0,1,0,133.0,1,4.0,0,2,3,0
54.0,0,2,135.0,304.0,1,1,170.0,0,0.0,2,0,2,1
58.0,1,2,105.0,240.0,0,0,154.0,1,0.6,1,0,3,1
55.0,0,1,135.0,250.0,0,0,161.0,0,1.4,1,0,2,1
53.0,1,0,140.0,203.0,1,0,155.0,1,3.1,0,0,3,0
63.0,0,1,140.0,195.0,0,1,179.0,0,0.0,2,2,2,1
39.0,1,0,118.0,219.0,0,1,140.0,0,1.2,1,0,3,0
35.0,1,0,126.0,282.0,0,0,156.0,1,0.0,2,0,3,0
50.0,0,2,120.0,219.0,0,1,158.0,0,1.6,1,0,2,1
67.0,1,2,152.0,212.0,0,0,150.0,0,0.8,1,0,3,0
66.0,1,0,112.0,212.0,0,0,132.0,1,0.1,2,1,2,0
35.0,1,0,126.0,282.0,0,0,156.0,1,0.0,2,0,3,0
41.0,1,2,130.0,214.0,0,0,168.0,0,2.0,1,0,2,1
35.0,1,0,120.0,198.0,0,1,130.0,1,1.6,1,0,3,0
71.0,0,1,160.0,302.0,0,1,162.0,0,0.4,2,2,2,1
57.0,1,0,110.0,201.0,0,1,126.0,1,1.5,1,0,1,1
51.0,1,2,94.0,227.0,0,1,154.0,1,0.0,2,1,3,1
58.0,1,0,128.0,216.0,0,0,131.0,1,2.2,1,3,3,0
57.0,1,2,128.0,229.0,0,0,150.0,0,0.4,1,1,3,0
56.0,0,1,140.0,294.0,0,0,153.0,0,1.3,1,0,2,1
60.0,0,2,120.0,178.0,1,1,96.0,0,0.0,2,0,2,1
45.0,1,3,110.0,264.0,0,1,132.0,0,1.2,1,0,3,0
56.0,1,1,130.0,221.0,0,0,163.0,0,0.0,2,0,3,1
35.0,1,0,120.0,198.0,0,1,130.0,1,1.6,1,0,3,0
45.0,0,1,112.0,160.0,0,1,138.0,0,0.0,1,0,2,1
66.0,0,3,150.0,226.0,0,1,114.0,0,2.6,0,0,2,1
51.0,1,3,125.0,213.0,0,0,125.0,1,1.4,2,1,2,1
70.0,1,1,156.0,245.0,0,0,143.0,0,0.0,2,0,2,1
55.0,0,0,128.0,205.0,0,2,130.0,1,2.0,1,1,3,0
56.0,1,2,130.0,256.0,1,0,142.0,1,0.6,1,1,1,0
55.0,0,1,135.0,250.0,0,0,161.0,0,1.4,1,0,2,1
52.0,1,0,108.0,233.0,1,1,147.0,0,0.1,2,3,3,1
64.0,1,2,140.0,335.0,0,1,158.0,0,0.0,2,0,2,0
45.0,1,0,115.0,260.0,0,0,185.0,0,0.0,2,0,2,1
67.0,0,2,152.0,277.0,0,1,172.0,0,0.0,2,1,2,1
68.0,0,2,120.0,211.0,0,0,115.0,0,1.5,1,0,2,1
74.0,0,1,120.0,269.0,0,0,121.0,1,0.2,2,1,2,1
60.0,0,0,150.0,258.0,0,0,157.0,0,2.6,1,2,3,0
48.0,1,0,124.0,274.0,0,0,166.0,0,0.5,1,0,3,0
56.0,1,1,130.0,221.0,0,0,163.0,0,0.0,2,0,3,1
46.0,1,0,140.0,311.0,0,1,120.0,1,1.8,1,2,3,0
55.0,0,1,135.0,250.0,0,0,161.0,0,1.4,1,0,2,1
44.0,1,1,120.0,220.0,0,1,170.0,0,0.0,2,0,2,1
52.0,1,0,112.0,230.0,0,1,160.0,0,0.0,2,1,2,0
51.0,1,2,94.0,227.0,0,1,154.0,1,0.0,2,1,3,1
44.0,0,2,108.0,141.0,0,1,175.0,0,0.6,1,0,2,1
52.0,1,0,128.0,204.0,1,1,156.0,1,1.0,1,0,0,0
50.0,1,2,129.0,196.0,0,1,163.0,0,0.0,2,0,2,1
59.0,1,0,110.0,239.0,0,0,142.0,1,1.2,1,1,3,0
67.0,1,0,120.0,229.0,0,0,129.0,1,2.6,1,2,3,0
58.0,1,0,125.0,300.0,0,0,171.0,0,0.0,2,2,3,0
52.0,1,0,128.0,255.0,0,1,161.0,1,0.0,2,1,3,0
44.0,1,2,140.0,235.0,0,0,180.0,0,0.0,2,0,2,1
41.0,0,2,112.0,268.0,0,0,172.0,1,0.0,2,0,2,1
63.0,1,0,130.0,330.0,1,0,132.0,1,1.8,2,3,3,0
58.0,1,1,125.0,220.0,0,1,144.0,0,0.4,1,4,3,1
60.0,0,2,102.0,318.0,0,1,160.0,0,0.0,2,1,2,1
51.0,1,2,100.0,222.0,0,1,143.0,1,1.2,1,0,2,1
64.0,1,2,140.0,335.0,0,1,158.0,0,0.0,2,0,2,0
60.0,1,0,117.0,230.0,1,1,160.0,1,1.4,2,2,3,0
44.0,1,2,120.0,226.0,0,1,169.0,0,0.0,2,0,2,1
58.0,1,1,125.0,220.0,0,1,144.0,0,0.4,1,4,3,1
55.0,1,1,130.0,262.0,0,1,155.0,0,0.0,2,0,2,1
65.0,0,2,160.0,360.0,0,0,151.0,0,0.8,2,0,2,1
48.0,1,1,130.0,245.0,0,0,180.0,0,0.2,1,0,2,1
65.0,1,0,120.0,177.0,0,1,140.0,0,0.4,2,0,3,1
51.0,0,2,130.0,256.0,0,0,149.0,0,0.5,2,0,2,1
48.0,1,2,124.0,255.0,1,1,175.0,0,0.0,2,2,2,1
64.0,1,0,120.0,246.0,0,0,96.0,1,2.2,0,1,2,0
66.0,1,0,160.0,228.0,0,0,138.0,0,2.3,2,0,1,1
46.0,0,1,105.0,204.0,0,1,172.0,0,0.0,2,0,2,1
61.0,0,0,130.0,330.0,0,0,169.0,0,0.0,2,0,2,0
57.0,1,0,150.0,276.0,0,0,112.0,1,0.6,1,1,1,0
49.0,0,0,130.0,269.0,0,1,163.0,0,0.0,2,0,2,1
56.0,1,1,130.0,221.0,0,0,163.0,0,0.0,2,0,3,1
58.0,0,3,150.0,283.0,1,0,162.0,0,1.0,2,0,2,1
63.0,1,0,140.0,187.0,0,0,144.0,1,4.0,2,2,3,0
57.0,1,0,110.0,335.0,0,1,143.0,1,3.0,1,1,3,0
57.0,1,0,110.0,335.0,0,1,143.0,1,3.0,1,1,3,0
68.0,1,0,144.0,193.0,1,1,141.0,0,3.4,1,2,3,0
46.0,1,1,101.0,197.0,1,1,156.0,0,0.0,2,0,3,1
71.0,0,2,110.0,265.0,1,0,130.0,0,0.0,2,1,2,1
41.0,1,1,135.0,203.0,0,1,132.0,0,0.0,1,0,1,1
45.0,0,0,138.0,236.0,0,0,152.0,1,0.2,1,0,2,1
62.0,0,0,150.0,244.0,0,1,154.0,1,1.4,1,0,2,0
65.0,0,0,150.0,225.0,0,0,114.0,0,1.0,1,3,3,0
48.0,0,2,130.0,275.0,0,1,139.0,0,0.2,2,0,2,1
51.0,1,2,100.0,222.0,0,1,143.0,1,1.2,1,0,2,1
61.0,0,0,145.0,307.0,0,0,146.0,1,1.0,1,0,3,0
53.0,1,0,123.0,282.0,0,1,95.0,1,2.0,1,2,3,0
59.0,1,3,134.0,204.0,0,1,162.0,0,0.8,2,2,2,0
34.0,0,1,118.0,210.0,0,1,192.0,0,0.7,2,0,2,1
44.0,1,0,120.0,169.0,0,1,144.0,1,2.8,0,0,1,0
58.0,1,0,146.0,218.0,0,1,105.0,0,2.0,1,1,3,0
64.0,0,0,130.0,303.0,0,1,122.0,0,2.0,1,2,2,1
56.0,1,1,120.0,240.0,0,1,169.0,0,0.0,0,0,2,1
54.0,1,2,150.0,232.0,0,0,165.0,0,1.6,2,0,3,1
55.0,1,0,160.0,289.0,0,0,145.0,1,0.8,1,1,3,0
67.0,1,0,125.0,254.0,1,1,163.0,0,0.2,1,2,3,0
51.0,1,0,140.0,298.0,0,1,122.0,1,4.2,1,3,3,0
62.0,0,0,138.0,294.0,1,1,106.0,0,1.9,1,3,2,0
62.0,1,1,120.0,281.0,0,0,103.0,0,1.4,1,1,3,0
54.0,1,0,110.0,239.0,0,1,126.0,1,2.8,1,1,3,0
54.0,1,0,110.0,239.0,0,1,126.0,1,2.8,1,1,3,0
68.0,1,0,144.0,193.0,1,1,141.0,0,3.4,1,2,3,0
60.0,0,2,120.0,178.0,1,1,96.0,0,0.0,2,0,2,1
61.0,1,3,134.0,234.0,0,1,145.0,0,2.6,1,2,2,0
62.0,1,1,128.0,208.0,1,0,140.0,0,0.0,2,0,2,1
41.0,1,1,135.0,203.0,0,1,132.0,0,0.0,1,0,1,1
65.0,0,0,150.0,225.0,0,0,114.0,0,1.0,1,3,3,0
59.0,1,3,170.0,288.0,0,0,159.0,0,0.2,1,0,3,0
43.0,1,0,115.0,303.0,0,1,181.0,0,1.2,1,0,2,1
67.0,1,0,120.0,229.0,0,0,129.0,1,2.6,1,2,3,0
63.0,1,3,145.0,233.0,1,0,150.0,0,2.3,0,0,1,1
63.0,0,0,124.0,197.0,0,1,136.0,1,0.0,1,0,2,0
52.0,1,0,112.0,230.0,0,1,160.0,0,0.0,2,1,2,0
58.0,0,0,130.0,197.0,0,1,131.0,0,0.6,1,0,2,1
53.0,1,0,142.0,226.0,0,0,111.0,1,0.0,2,0,3,1
57.0,1,0,150.0,276.0,0,0,112.0,1,0.6,1,1,1,0
44.0,1,2,130.0,233.0,0,1,179.0,1,0.4,2,0,2,1
51.0,1,2,94.0,227.0,0,1,154.0,1,0.0,2,1,3,1
54.0,0,2,110.0,214.0,0,1,158.0,0,1.6,1,0,2,1
40.0,1,0,110.0,167.0,0,0,114.0,1,2.0,1,0,3,0
57.0,1,1,124.0,261.0,0,1,141.0,0,0.3,2,0,3,0
62.0,0,0,140.0,268.0,0,0,160.0,0,3.6,0,2,2,0
53.0,1,0,140.0,203.0,1,0,155.0,1,3.1,0,0,3,0
62.0,1,1,128.0,208.0,1,0,140.0,0,0.0,2,0,2,1
58.0,1,2,105.0,240.0,0,0,154.0,1,0.6,1,0,3,1
70.0,1,1,156.0,245.0,0,0,143.0,0,0.0,2,0,2,1
45.0,1,0,115.0,260.0,0,0,185.0,0,0.0,2,0,2,1
42.0,1,3,148.0,244.0,0,0,178.0,0,0.8,2,2,2,1
58.0,0,0,170.0,225.0,1,0,146.0,1,2.8,1,2,1,0
61.0,1,0,140.0,207.0,0,0,138.0,1,1.9,2,1,3,0
62.0,0,0,140.0,268.0,0,0,160.0,0,3.6,0,2,2,0
60.0,1,0,130.0,253.0,0,1,144.0,1,1.4,2,1,3,0
54.0,1,0,140.0,239.0,0,1,160.0,0,1.2,2,0,2,1
61.0,1,0,138.0,166.0,0,0,125.0,1,3.6,1,1,2,0
63.0,0,2,135.0,252.0,0,0,172.0,0,0.0,2,0,2,1
42.0,1,2,130.0,180.0,0,1,150.0,0,0.0,2,0,2,1
57.0,1,2,128.0,229.0,0,0,150.0,0,0.4,1,1,3,0
44.0,1,2,130.0,233.0,0,1,179.0,1,0.4,2,0,2,1
54.0,1,0,124.0,266.0,0,0,109.0,1,2.2,1,1,3,0
51.0,1,2,100.0,222.0,0,1,143.0,1,1.2,1,0,2,1
58.0,1,1,125.0,220.0,0,1,144.0,0,0.4,1,4,3,1
68.0,1,2,118.0,277.0,0,1,151.0,0,1.0,2,1,3,1
55.0,1,0,140.0,217.0,0,1,111.0,1,5.6,0,0,3,0
42.0,1,0,136.0,315.0,0,1,125.0,1,1.8,1,0,1,0
49.0,1,2,118.0,149.0,0,0,126.0,0,0.8,2,3,2,0
53.0,0,0,138.0,234.0,0,0,160.0,0,0.0,2,0,2,1
52.0,1,2,172.0,199.0,1,1,162.0,0,0.5,2,0,3,1
51.0,1,3,125.0,213.0,0,0,125.0,1,1.4,2,1,2,1
51.0,1,0,140.0,261.0,0,0,186.0,1,0.0,2,0,2,1
70.0,1,0,145.0,174.0,0,1,125.0,1,2.6,0,0,3,0
35.0,0,0,138.0,183.0,0,1,182.0,0,1.4,2,0,2,1
58.0,1,2,112.0,230.0,0,0,165.0,0,2.5,1,1,3,0
59.0,1,3,160.0,273.0,0,0,125.0,0,0.0,2,0,2,0
60.0,1,0,140.0,293.0,0,0,170.0,0,1.2,1,2,3,0
56.0,1,0,132.0,184.0,0,0,105.0,1,2.1,1,1,1,0
35.0,0,0,138.0,183.0,0,1,182.0,0,1.4,2,0,2,1
61.0,1,0,138.0,166.0,0,0,125.0,1,3.6,1,1,2,0
58.0,0,3,150.0,283.0,1,0,162.0,0,1.0,2,0,2,1
52.0,1,0,128.0,255.0,0,1,161.0,1,0.0,2,1,3,0
58.0,1,1,120.0,284.0,0,0,160.0,0,1.8,1,0,2,0
37.0,1,2,130.0,250.0,0,1,187.0,0,3.5,0,0,2,1
52.0,1,0,128.0,255.0,0,1,161.0,1,0.0,2,1,3,0
67.0,1,0,120.0,229.0,0,0,129.0,1,2.6,1,2,3,0
65.0,1,3,138.0,282.0,1,0,174.0,0,1.4,1,1,2,0
46.0,1,1,101.0,197.0,1,1,156.0,0,0.0,2,0,3,1
68.0,0,2,120.0,211.0,0,0,115.0,0,1.5,1,0,2,1
43.0,1,0,115.0,303.0,0,1,181.0,0,1.2,1,0,2,1
68.0,0,2,120.0,211.0,0,0,115.0,0,1.5,1,0,2,1
51.0,1,0,140.0,299.0,0,1,173.0,1,1.6,2,0,3,0
52.0,1,0,112.0,230.0,0,1,160.0,0,0.0,2,1,2,0
64.0,1,2,140.0,335.0,0,1,158.0,0,0.0,2,0,2,0
59.0,1,3,170.0,288.0,0,0,159.0,0,0.2,1,0,3,0
52.0,1,0,125.0,212.0,0,1,168.0,0,1.0,2,2,3,0
59.0,1,3,160.0,273.0,0,0,125.0,0,0.0,2,0,2,0
60.0,0,3,150.0,240.0,0,1,171.0,0,0.9,2,0,2,1
41.0,1,2,112.0,250.0,0,1,179.0,0,0.0,2,0,2,1
41.0,1,1,110.0,235.0,0,1,153.0,0,0.0,2,0,2,1
56.0,1,1,120.0,240.0,0,1,169.0,0,0.0,0,0,2,1
56.0,1,1,120.0,236.0,0,1,178.0,0,0.8,2,0,2,1
48.0,0,2,130.0,275.0,0,1,139.0,0,0.2,2,0,2,1
39.0,1,2,140.0,321.0,0,0,182.0,0,0.0,2,0,2,1
64.0,1,3,170.0,227.0,0,0,155.0,0,0.6,1,0,3,1
57.0,1,0,140.0,192.0,0,1,148.0,0,0.4,1,0,1,1
59.0,1,3,160.0,273.0,0,0,125.0,0,0.0,2,0,2,0
60.0,1,0,130.0,206.0,0,0,132.0,1,2.4,1,2,3,0
61.0,1,0,140.0,207.0,0,0,138.0,1,1.9,2,1,3,0
43.0,0,2,122.0,213.0,0,1,165.0,0,0.2,1,0,2,1
54.0,1,0,120.0,188.0,0,1,113.0,0,1.4,1,1,3,0
59.0,1,0,138.0,271.0,0,0,182.0,0,0.0,2,0,2,1
57.0,1,0,132.0,207.0,0,1,168.0,1,0.0,2,0,3,1
57.0,1,1,154.0,232.0,0,0,164.0,0,0.0,2,1,2,0
57.0,1,0,130.0,131.0,0,1,115.0,1,1.2,1,1,3,0
48.0,1,0,124.0,274.0,0,0,166.0,0,0.5,1,0,3,0
70.0,1,0,145.0,174.0,0,1,125.0,1,2.6,0,0,3,0
57.0,1,0,165.0,289.0,1,0,124.0,0,1.0,1,3,3,0
61.0,1,0,120.0,260.0,0,1,140.0,1,3.6,1,1,3,0
57.0,1,0,110.0,201.0,0,1,126.0,1,1.5,1,0,1,1
60.0,0,0,150.0,258.0,0,0,157.0,0,2.6,1,2,3,0
63.0,0,0,150.0,407.0,0,0,154.0,0,4.0,1,3,3,0
55.0,0,0,128.0,205.0,0,2,130.0,1,2.0,1,1,3,0
64.0,0,0,180.0,325.0,0,1,154.0,1,0.0,2,0,2,1
54.0,1,0,110.0,239.0,0,1,126.0,1,2.8,1,1,3,0
52.0,1,0,128.0,204.0,1,1,156.0,1,1.0,1,0,0,0
51.0,1,0,140.0,299.0,0,1,173.0,1,1.6,2,0,3,0
62.0,0,2,130.0,263.0,0,1,97.0,0,1.2,1,1,3,0
59.0,1,3,178.0,270.0,0,0,145.0,0,4.2,0,0,3,1
52.0,1,1,134.0,201.0,0,1,158.0,0,0.8,2,1,2,1
42.0,0,0,102.0,265.0,0,0,122.0,0,0.6,1,0,2,1
59.0,1,0,135.0,234.0,0,1,161.0,0,0.5,1,0,3,1
61.0,1,3,134.0,234.0,0,1,145.0,0,2.6,1,2,2,0
42.0,0,0,102.0,265.0,0,0,122.0,0,0.6,1,0,2,1
62.0,0,0,140.0,268.0,0,0,160.0,0,3.6,0,2,2,0
59.0,1,2,126.0,218.0,1,1,134.0,0,2.2,1,1,1,0
55.0,1,1,130.0,262.0,0,1,155.0,0,0.0,2,0,2,1
64.0,1,0,120.0,246.0,0,0,96.0,1,2.2,0,1,2,0
42.0,1,0,140.0,226.0,0,1,178.0,0,0.0,2,0,2,1
50.0,0,1,120.0,244.0,0,1,162.0,0,1.1,2,0,2,1
62.0,1,0,120.0,267.0,0,1,99.0,1,1.8,1,2,3,0
50.0,1,0,144.0,200.0,0,0,126.0,1,0.9,1,0,3,0
50.0,1,2,140.0,233.0,0,1,163.0,0,0.6,1,1,3,0
58.0,0,1,136.0,319.0,1,0,152.0,0,0.0,2,2,2,0
35.0,1,0,120.0,198.0,0,1,130.0,1,1.6,1,0,3,0
45.0,1,0,104.0,208.0,0,0,148.0,1,3.0,1,0,2,1
66.0,1,0,112.0,212.0,0,0,132.0,1,0.1,2,1,2,0
46.0,1,0,120.0,249.0,0,0,144.0,0,0.8,2,0,3,0
65.0,1,0,135.0,254.0,0,0,127.0,0,2.8,1,1,3,0
47.0,1,2,130.0,253.0,0,1,179.0,0,0.0,2,0,2,1
59.0,1,3,134.0,204.0,0,1,162.0,0,0.8,2,2,2,0
38.0,1,3,120.0,231.0,0,1,182.0,1,3.8,1,0,3,0
39.0,1,0,118.0,219.0,0,1,140.0,0,1.2,1,0,3,0
58.0,1,0,146.0,218.0,0,1,105.0,0,2.0,1,1,3,0
44.0,1,1,120.0,263.0,0,1,173.0,0,0.0,2,0,3,1
54.0,1,0,140.0,239.0,0,1,160.0,0,1.2,2,0,2,1
61.0,0,0,130.0,330.0,0,0,169.0,0,0.0,2,0,2,0
57.0,1,0,130.0,131.0,0,1,115.0,1,1.2,1,1,3,0
54.0,1,0,110.0,206.0,0,0,108.0,1,0.0,1,1,2,0
42.0,1,2,120.0,240.0,1,1,194.0,0,0.8,0,0,3,1
54.0,1,0,124.0,266.0,0,0,109.0,1,2.2,1,1,3,0
60.0,1,0,130.0,206.0,0,0,132.0,1,2.4,1,2,3,0
65.0,1,0,135.0,254.0,0,0,127.0,0,2.8,1,1,3,0
40.0,1,0,152.0,223.0,0,1,181.0,0,0.0,2,0,3,0
51.0,0,2,140.0,308.0,0,0,142.0,0,1.5,2,1,2,1
38.0,1,3,120.0,231.0,0,1,182.0,1,3.8,1,0,3,0
42.0,1,2,130.0,180.0,0,1,150.0,0,0.0,2,0,2,1
56.0,1,1,120.0,240.0,0,1,169.0,0,0.0,0,0,2,1
43.0,1,2,130.0,315.0,0,1,162.0,0,1.9,2,1,2,1
64.0,1,2,140.0,335.0,0,1,158.0,0,0.0,2,0,2,0
53.0,1,0,142.0,226.0,0,0,111.0,1,0.0,2,0,3,1
49.0,0,1,134.0,271.0,0,1,162.0,0,0.0,1,0,2,1
57.0,0,0,140.0,241.0,0,1,123.0,1,0.2,1,0,3,0
52.0,0,2,136.0,196.0,0,0,169.0,0,0.1,1,0,2,1
69.0,0,3,140.0,239.0,0,1,151.0,0,1.8,2,2,2,1
65.0,1,0,120.0,177.0,0,1,140.0,0,0.4,2,0,3,1
66.0,0,0,178.0,228.0,1,1,165.0,1,1.0,1,2,3,0
56.0,1,3,120.0,193.0,0,0,162.0,0,1.9,1,0,3,1
67.0,0,2,152.0,277.0,0,1,172.0,0,0.0,2,1,2,1
54.0,0,2,160.0,201.0,0,1,163.0,0,0.0,2,1,2,1
70.0,1,0,145.0,174.0,0,1,125.0,1,2.6,0,0,3,0
57.0,1,0,132.0,207.0,0,1,168.0,1,0.0,2,0,3,1
67.0,1,0,160.0,286.0,0,0,108.0,1,1.5,1,3,2,0
62.0,0,2,130.0,263.0,0,1,97.0,0,1.2,1,1,3,0
54.0,0,2,135.0,304.0,1,1,170.0,0,0.0,2,0,2,1
45.0,0,0,138.0,236.0,0,0,152.0,1,0.2,1,0,2,1
53.0,0,0,130.0,264.0,0,0,143.0,0,0.4,1,0,2,1
62.0,1,2,130.0,231.0,0,1,146.0,0,1.8,1,3,3,1
49.0,0,0,130.0,269.0,0,1,163.0,0,0.0,2,0,2,1
50.0,1,2,140.0,233.0,0,1,163.0,0,0.6,1,1,3,0
65.0,0,2,140.0,417.0,1,0,157.0,0,0.8,2,1,2,1
69.0,0,3,140.0,239.0,0,1,151.0,0,1.8,2,2,2,1
52.0,0,2,136.0,196.0,0,0,169.0,0,0.1,1,0,2,1
58.0,0,0,100.0,248.0,0,0,122.0,0,1.0,1,0,2,1
52.0,1,0,108.0,233.0,1,1,147.0,0,0.1,2,3,3,1
57.0,0,0,140.0,241.0,0,1,123.0,1,0.2,1,0,3,0
44.0,0,2,108.0,141.0,0,1,175.0,0,0.6,1,0,2,1
76.0,0,2,140.0,197.0,0,2,116.0,0,1.1,1,0,2,1
58.0,1,0,128.0,259.0,0,0,130.0,1,3.0,1,2,3,0
60.0,0,2,120.0,178.0,1,1,96.0,0,0.0,2,0,2,1
53.0,1,0,140.0,203.0,1,0,155.0,1,3.1,0,0,3,0
52.0,1,1,120.0,325.0,0,1,172.0,0,0.2,2,0,2,1
38.0,1,2,138.0,175.0,0,1,173.0,0,0.0,2,4,2,1
52.0,1,2,172.0,199.0,1,1,162.0,0,0.5,2,0,3,1
52.0,1,3,118.0,186.0,0,0,190.0,0,0.0,1,0,1,1
51.0,1,2,125.0,245.0,1,0,166.0,0,2.4,1,0,2,1
43.0,1,0,110.0,211.0,0,1,161.0,0,0.0,2,0,3,1
39.0,1,0,118.0,219.0,0,1,140.0,0,1.2,1,0,3,0
63.0,0,0,108.0,269.0,0,1,169.0,1,1.8,1,2,2,0
52.0,1,1,128.0,205.0,1,1,184.0,0,0.0,2,0,2,1
44.0,1,0,110.0,197.0,0,0,177.0,0,0.0,2,1,2,0
45.0,1,0,142.0,309.0,0,0,147.0,1,0.0,1,3,3,0
57.0,1,0,140.0,192.0,0,1,148.0,0,0.4,1,0,1,1
39.0,1,0,118.0,219.0,0,1,140.0,0,1.2,1,0,3,0
67.0,0,0,106.0,223.0,0,1,142.0,0,0.3,2,2,2,1
64.0,1,0,128.0,263.0,0,1,105.0,1,0.2,1,1,3,1
59.0,1,0,135.0,234.0,0,1,161.0,0,0.5,1,0,3,1
62.0,1,2,130.0,231.0,0,1,146.0,0,1.8,1,3,3,1
55.0,0,0,180.0,327.0,0,2,117.0,1,3.4,1,0,2,0
57.0,1,1,154.0,232.0,0,0,164.0,0,0.0,2,1,2,0
60.0,1,0,140.0,293.0,0,0,170.0,0,1.2,1,2,3,0
71.0,0,1,160.0,302.0,0,1,162.0,0,0.4,2,2,2,1
56.0,1,1,120.0,236.0,0,1,178.0,0,0.8,2,0,2,1
60.0,1,0,117.0,230.0,1,1,160.0,1,1.4,2,2,3,0
50.0,0,0,110.0,254.0,0,0,159.0,0,0.0,2,0,2,1
43.0,1,0,132.0,247.0,1,0,143.0,1,0.1,1,4,3,0
59.0,1,0,110.0,239.0,0,0,142.0,1,1.2,1,1,3,0
44.0,1,1,120.0,263.0,0,1,173.0,0,0.0,2,0,3,1
56.0,0,0,134.0,409.0,0,0,150.0,1,1.9,1,2,3,0
54.0,1,0,120.0,188.0,0,1,113.0,0,1.4,1,1,3,0
42.0,1,0,136.0,315.0,0,1,125.0,1,1.8,1,0,1,0
67.0,1,0,125.0,254.0,1,1,163.0,0,0.2,1,2,3,0
64.0,1,0,145.0,212.0,0,0,132.0,0,2.0,1,2,1,0
42.0,1,0,140.0,226.0,0,1,178.0,0,0.0,2,0,2,1
66.0,1,0,112.0,212.0,0,0,132.0,1,0.1,2,1,2,0
52.0,1,0,108.0,233.0,1,1,147.0,0,0.1,2,3,3,1
51.0,0,2,140.0,308.0,0,0,142.0,0,1.5,2,1,2,1
55.0,0,0,128.0,205.0,0,2,130.0,1,2.0,1,1,3,0
58.0,1,2,140.0,211.0,1,0,165.0,0,0.0,2,0,2,1
56.0,1,3,120.0,193.0,0,0,162.0,0,1.9,1,0,3,1
42.0,1,1,120.0,295.0,0,1,162.0,0,0.0,2,0,2,1
40.0,1,0,152.0,223.0,0,1,181.0,0,0.0,2,0,3,0
51.0,1,0,140.0,299.0,0,1,173.0,1,1.6,2,0,3,0
45.0,1,1,128.0,308.0,0,0,170.0,0,0.0,2,0,2,1
48.0,1,1,110.0,229.0,0,1,168.0,0,1.0,0,0,3,0
58.0,1,0,114.0,318.0,0,2,140.0,0,4.4,0,3,1,0
44.0,0,2,108.0,141.0,0,1,175.0,0,0.6,1,0,2,1
58.0,1,0,128.0,216.0,0,0,131.0,1,2.2,1,3,3,0
65.0,1,3,138.0,282.0,1,0,174.0,0,1.4,1,1,2,0
53.0,1,0,123.0,282.0,0,1,95.0,1,2.0,1,2,3,0
41.0,1,0,110.0,172.0,0,0,158.0,0,0.0,2,0,3,0
47.0,1,0,112.0,204.0,0,1,143.0,0,0.1,2,0,2,1
59.0,1,1,140.0,221.0,0,1,164.0,1,0.0,2,0,2,1
60.0,1,0,125.0,258.0,0,0,141.0,1,2.8,1,1,3,0
47.0,1,0,110.0,275.0,0,0,118.0,1,1.0,1,1,2,0
50.0,0,0,110.0,254.0,0,0,159.0,0,0.0,2,0,2,1
54.0,1,0,120.0,188.0,0,1,113.0,0,1.4,1,1,3,0
56.2,0,0,200.0,288.4,1,0,131.9,1,4.0,0,2,3,0
57.2,1,0,149.7,269.9,0,0,109.9,1,0.6,1,1,1,0
43.6,0,2,108.6,142.9,0,1,175.5,0,0.6,1,0,2,1
35.3,1,0,119.8,197.2,0,1,131.4,1,1.6,1,0,3,0
64.1,1,0,129.1,321.1,1,0,131.4,1,1.8,2,3,3,0
43.1,0,2,121.7,209.7,0,1,164.2,0,0.2,1,0,2,1
50.0,0,0,109.7,253.6,0,0,158.7,0,0.0,2,0,2,1
64.0,1,0,144.8,215.1,0,0,132.4,0,2.1,1,2,1,0
50.5,1,2,129.5,199.5,0,1,163.0,0,0.0,2,0,2,1
53.9,1,0,117.4,192.3,0,1,113.7,0,1.3,1,1,3,0
63.8,1,3,109.1,214.0,0,0,144.7,1,1.8,1,0,2,1
62.3,1,3,145.5,231.9,1,0,148.9,0,2.4,0,0,1,1
53.5,1,2,125.5,267.7,0,0,152.8,0,0.6,0,1,2,1
59.6,1,0,162.6,176.6,1,0,87.9,0,1.1,1,2,1,0
67.2,0,0,106.2,221.0,0,1,141.3,0,0.4,2,2,2,1
47.0,1,0,107.9,276.3,0,0,117.8,1,0.9,1,1,2,0
62.1,0,0,136.7,293.5,1,1,105.3,0,1.9,1,3,2,0
64.9,1,0,126.1,265.1,0,1,105.1,1,0.2,1,1,3,1
58.7,1,0,140.6,176.1,0,1,161.7,1,0.1,2,1,3,0
40.3,1,0,109.7,171.3,0,0,113.8,1,2.1,1,0,3,0
65.0,0,2,159.0,362.8,0,0,151.8,0,0.8,2,0,2,1
62.0,0,0,141.9,394.5,0,0,158.4,0,1.3,1,0,2,1
56.5,1,0,141.6,193.1,0,1,148.3,0,0.5,1,0,1,1
50.1,1,2,139.9,233.3,0,1,163.7,0,0.7,1,1,3,0
54.3,1,0,123.3,287.4,0,0,115.1,1,3.2,1,2,2,0
40.7,1,2,112.0,247.6,0,1,177.9,0,0.0,2,0,2,1
66.1,0,3,149.6,229.8,0,1,112.7,0,2.7,0,0,2,1
61.9,0,0,123.8,207.3,0,1,164.6,0,0.0,2,0,2,1
53.8,1,0,108.8,235.2,0,1,126.3,1,2.8,1,1,3,0
71.3,0,0,111.7,149.7,0,1,124.1,0,1.5,1,0,2,1
54.7,1,0,140.9,217.0,0,1,111.5,1,5.7,0,0,3,0
36.1,1,2,129.9,246.5,0,1,184.3,0,3.5,0,0,2,1
52.7,1,2,137.2,225.7,0,1,169.7,0,0.0,2,4,2,1
51.0,0,0,130.2,306.3,0,1,139.8,1,1.1,1,0,3,0
50.0,1,2,139.4,232.8,0,1,164.3,0,0.6,1,1,3,0
59.9,0,2,121.0,178.3,1,1,96.0,0,0.0,2,0,2,1
43.2,1,0,120.5,179.1,0,0,120.7,1,2.4,1,0,3,0
55.9,1,0,130.5,281.4,1,0,105.6,1,1.6,0,0,3,0
36.7,0,2,120.4,220.7,0,1,170.6,0,0.1,2,0,2,1
66.6,1,0,160.0,226.1,0,0,138.3,0,2.3,2,0,1,1
60.9,1,3,133.0,233.1,0,1,144.4,0,2.6,1,2,2,0
51.0,1,2,94.3,228.2,0,1,155.2,1,0.0,2,1,3,1
58.9,1,0,108.3,240.3,0,0,141.9,1,1.2,1,1,3,0
45.8,1,1,102.3,199.0,1,1,156.9,0,0.0,2,0,3,1
54.8,1,1,190.7,283.8,0,0,196.5,0,0.0,2,1,3,0
56.6,1,2,151.1,164.1,0,1,174.4,0,1.6,2,0,2,1
63.1,1,0,130.0,332.3,1,0,133.3,1,1.9,2,3,3,0
39.3,1,0,118.1,216.6,0,1,140.2,0,1.2,1,0,3,0
59.6,0,0,149.9,254.7,0,0,158.0,0,2.5,1,2,3,0
54.8,1,0,160.8,291.9,0,0,145.8,1,0.9,1,1,3,0
43.7,0,2,117.6,242.7,0,1,150.2,0,0.3,1,1,2,1
52.9,1,0,128.8,257.0,0,1,160.2,1,0.0,2,1,3,0
61.3,1,0,121.5,258.4,0,1,138.5,1,3.7,1,1,3,0
33.4,1,3,118.5,183.1,0,0,173.8,0,0.1,2,0,2,1
59.9,0,3,150.6,241.2,0,1,171.0,0,0.8,2,0,2,1
59.4,0,2,102.4,316.9,0,1,161.1,0,0.0,2,1,2,1
55.7,1,1,121.8,241.5,0,1,168.8,0,0.0,0,0,2,1
56.2,1,0,132.1,182.5,0,0,106.8,1,2.1,1,1,1,0
60.0,0,3,149.0,241.7,0,1,173.0,0,0.9,2,0,2,1
49.4,0,0,130.9,272.9,0,1,165.6,0,0.0,2,0,2,1
54.9,0,0,181.3,322.1,0,2,117.6,1,3.4,1,0,2,0
62.5,0,0,150.3,408.9,0,0,152.2,0,3.9,1,3,3,0
65.0,0,0,150.0,228.5,0,0,114.0,0,1.0,1,3,3,0
65.4,0,2,140.0,422.3,1,0,157.5,0,0.8,2,1,2,1
56.9,1,0,149.9,272.3,0,0,111.3,1,0.6,1,1,1,0
63.3,1,0,127.9,251.5,0,0,147.2,0,1.2,1,1,3,0
56.3,1,1,119.6,240.6,0,1,176.6,0,0.9,2,0,2,1
52.2,0,2,135.4,196.7,0,0,168.7,0,0.2,1,0,2,1
55.6,1,0,132.0,184.0,0,0,106.2,1,2.1,1,1,1,0
29.0,1,1,130.9,208.6,0,0,200.9,0,0.0,2,0,2,1
45.0,0,1,106.7,201.5,0,1,172.2,0,0.0,2,0,2,1
59.6,1,0,162.3,173.4,1,0,88.6,0,1.0,1,2,1,0
41.7,1,2,131.3,214.6,0,0,169.5,0,2.0,1,0,2,1
45.9,1,3,110.5,263.3,0,1,133.3,0,1.1,1,0,3,0
66.4,0,0,176.9,232.7,1,1,166.2,1,1.0,1,2,3,0
60.5,0,2,117.6,179.6,1,1,96.3,0,0.0,2,0,2,1
66.9,1,2,152.8,208.0,0,0,149.6,0,0.7,1,0,3,0
49.4,1,0,147.3,243.0,0,0,127.8,0,2.5,1,0,3,0
54.5,1,2,125.2,270.8,0,0,154.5,0,0.4,0,1,2,1
57.8,1,0,113.1,318.5,0,2,138.0,0,4.3,0,3,1,0
64.5,1,3,169.7,229.1,0,0,156.4,0,0.6,1,0,3,1
57.2,0,0,139.2,240.3,0,1,123.6,1,0.2,1,0,3,0
53.6,1,1,192.7,283.0,0,0,196.6,0,0.0,2,1,3,0
55.3,0,1,132.5,341.9,0,1,166.3,0,1.2,2,0,2,1
58.7,1,2,125.3,214.2,1,1,136.0,0,2.3,1,1,1,0
62.4,0,0,160.5,163.6,0,0,147.2,0,6.0,0,3,3,0
41.7,0,0,101.6,263.8,0,0,123.7,0,0.6,1,0,2,1
43.7,1,0,120.2,169.2,0,1,145.7,1,2.8,0,0,1,0
60.5,1,0,149.1,201.6,0,1,163.0,0,0.0,2,1,3,0
38.9,1,0,118.8,218.9,0,1,140.4,0,1.1,1,0,3,0
40.1,1,0,152.8,218.7,0,1,183.6,0,0.0,2,0,3,0
52.5,1,0,139.3,200.8,1,0,153.6,1,3.1,0,0,3,0
63.9,1,0,146.0,211.4,0,0,130.3,0,2.0,1,2,1,0
43.5,0,2,109.2,140.9,0,1,176.3,0,0.5,1,0,2,1
59.8,0,2,99.3,321.4,0,1,158.1,0,0.0,2,1,2,1
65.9,0,2,146.9,282.6,0,0,152.0,0,0.0,1,1,2,1
34.3,1,3,117.7,183.9,0,0,174.4,0,0.1,2,0,2,1
55.6,1,0,129.0,285.4,1,0,101.3,1,1.6,0,0,3,0
51.4,0,2,140.3,308.7,0,0,142.4,0,1.5,2,1,2,1
49.4,1,2,116.0,143.2,0,0,126.9,0,0.8,2,3,2,0
60.4,0,2,119.4,181.5,1,1,95.7,0,0.0,2,0,2,1
53.0,1,0,139.5,206.7,1,0,158.0,1,3.2,0,0,3,0
68.7,0,2,120.1,210.2,0,0,113.2,0,1.6,1,0,2,1
48.0,1,1,111.4,226.9,0,1,168.5,0,1.0,0,0,3,0
41.3,1,2,129.3,215.0,0,0,168.7,0,1.9,1,0,2,1
57.1,1,0,149.0,276.1,0,0,112.5,1,0.6,1,1,1,0
57.7,0,0,128.0,296.9,0,0,159.4,0,0.0,2,1,2,1
59.9,0,2,102.4,313.8,0,1,160.1,0,0.0,2,1,2,1
62.1,0,0,138.0,291.2,1,1,105.2,0,1.8,1,3,2,0
50.8,1,0,142.0,259.3,0,0,185.0,1,0.0,2,0,2,1
58.0,1,0,124.3,296.2,0,0,171.2,0,0.0,2,2,3,0
61.8,0,0,139.1,393.5,0,0,157.4,0,1.1,1,0,2,1
66.7,1,0,120.1,228.2,0,0,128.9,1,2.6,1,2,3,0
54.0,0,2,109.1,268.6,0,0,165.3,0,0.1,2,0,2,1
62.7,0,0,138.2,294.9,1,1,107.1,0,1.9,1,3,2,0
49.9,1,2,141.3,230.3,0,1,162.2,0,0.6,1,1,3,0
62.3,0,0,149.3,245.1,0,1,153.9,1,1.5,1,0,2,0
57.9,1,0,124.7,301.0,0,0,170.7,0,0.0,2,2,3,0
36.5,0,2,119.5,215.0,0,1,169.2,0,0.0,2,0,2,1
62.3,0,0,108.1,273.0,0,1,168.9,1,1.7,1,2,2,0
56.6,1,0,109.2,196.7,0,1,125.7,1,1.5,1,0,1,1
39.1,1,2,138.8,172.8,0,1,173.2,0,0.0,2,4,2,1
53.3,1,0,142.1,194.8,1,0,154.9,1,3.1,0,0,3,0
63.1,1,3,145.1,237.4,1,0,150.4,0,2.3,0,0,1,1
51.2,1,0,140.1,257.9,0,0,186.1,1,0.0,2,0,2,1
67.5,1,2,181.3,274.4,1,0,150.1,1,1.6,1,0,3,0
55.6,1,0,130.0,284.5,1,0,101.8,1,1.5,0,0,3,0
56.2,1,1,155.1,231.5,0,0,165.2,0,0.0,2,1,2,0
44.3,1,0,104.8,209.2,0,0,149.0,1,3.0,1,0,2,1
62.0,0,0,139.8,268.8,0,0,158.5,0,3.7,0,2,2,0
55.1,0,0,126.5,201.0,0,2,130.4,1,2.1,1,1,3,0
58.9,1,3,133.8,201.7,0,1,162.6,0,0.9,2,2,2,0
43.9,1,2,119.1,228.6,0,1,167.3,0,0.1,2,0,2,1
59.6,1,0,135.8,232.3,0,1,161.2,0,0.5,1,0,3,1
59.9,1,3,158.3,276.8,0,0,125.7,0,0.0,2,0,2,0
41.1,1,0,110.3,171.6,0,0,159.3,0,0.0,2,0,3,0
62.2,1,0,119.5,266.2,0,1,98.1,1,1.8,1,2,3,0
52.3,1,3,151.9,296.8,1,1,176.9,0,1.1,1,0,3,1
54.2,1,2,152.1,240.8,0,0,167.7,0,1.7,2,0,3,1
66.1,1,0,124.4,253.9,1,1,162.4,0,0.2,1,2,3,0
65.6,0,2,145.4,273.3,0,0,150.4,0,0.0,1,1,2,1
44.0,0,2,106.4,143.8,0,1,175.1,0,0.7,1,0,2,1
59.3,1,0,110.5,240.1,0,0,142.3,1,1.1,1,1,3,0
67.3,1,0,158.6,287.8,0,0,107.7,1,1.4,1,3,2,0
40.6,1,0,108.0,162.5,0,0,113.5,1,2.0,1,0,3,0
41.6,1,0,135.0,314.7,0,1,123.4,1,1.8,1,0,1,0
59.4,1,2,126.8,217.6,1,1,136.2,0,2.2,1,1,1,0
57.4,0,1,136.0,314.1,1,0,153.1,0,0.0,2,2,2,0
68.6,1,0,142.8,192.2,1,1,142.1,0,3.4,1,2,3,0
47.5,1,2,125.4,258.5,1,1,173.5,0,0.0,2,2,2,1
54.1,0,2,107.5,270.3,0,0,167.3,0,0.0,2,0,2,1
65.4,0,2,140.3,419.3,1,0,158.4,0,0.9,2,1,2,1
44.1,1,0,112.9,290.7,0,0,153.4,0,0.1,2,1,2,0
52.2,1,3,151.6,300.1,1,1,178.1,0,1.2,1,0,3,1
58.9,1,0,165.5,181.4,1,0,90.0,0,1.0,1,2,1,0
55.5,1,0,130.3,279.7,1,0,103.6,1,1.5,0,0,3,0
67.6,1,0,120.5,234.4,0,1,72.3,0,1.1,1,0,2,0
70.0,1,2,160.5,270.8,0,1,112.8,1,2.9,1,1,3,0
65.4,1,0,135.6,255.8,0,0,127.0,0,2.8,1,1,3,0
55.8,1,1,120.7,237.9,0,1,169.1,0,0.0,0,0,2,1
39.5,0,2,94.4,199.4,0,1,180.7,0,0.0,2,0,2,1
62.5,0,0,137.9,292.7,1,1,105.9,0,1.9,1,3,2,0
38.2,1,2,135.5,180.8,0,1,173.8,0,0.0,2,4,2,1
65.6,1,3,138.5,279.7,1,0,175.2,0,1.4,1,1,2,0
35.1,1,0,118.5,202.4,0,1,129.6,1,1.6,1,0,3,0
43.8,0,0,132.4,337.3,1,0,136.2,1,3.0,1,0,3,0
60.2,1,0,125.5,257.7,0,0,139.7,1,2.9,1,1,3,0
45.5,0,1,130.5,236.1,0,0,174.2,0,0.5,1,0,2,1
57.6,1,1,125.7,216.9,0,1,143.7,0,0.4,1,4,3,1
69.4,1,0,144.4,172.2,0,1,123.6,1,2.6,0,0,3,0
47.8,0,2,129.8,277.7,0,1,138.9,0,0.2,2,0,2,1
45.5,1,1,128.5,309.8,0,0,169.5,0,0.0,2,0,2,1
56.3,1,2,130.3,251.9,1,0,143.7,1,0.6,1,1,1,0
46.3,1,2,129.0,253.7,0,1,179.4,0,0.0,2,0,2,1
56.5,1,1,153.6,231.3,0,0,163.5,0,0.0,2,1,2,0
52.6,1,0,121.9,276.9,0,1,96.6,1,2.0,1,2,3,0
77.3,1,0,124.6,303.6,0,0,159.9,1,0.0,2,3,2,0
58.1,1,2,105.7,235.3,0,0,153.9,1,0.7,1,0,3,1
57.1,1,2,150.3,169.9,0,1,174.0,0,1.6,2,0,2,1
56.1,1,0,132.1,181.1,0,0,106.9,1,2.1,1,1,1,0
58.1,1,0,151.0,263.5,0,0,112.0,1,0.9,2,0,3,0
51.1,1,1,133.2,196.6,0,1,156.3,0,0.8,2,1,2,1
44.6,1,3,111.1,266.8,0,1,132.8,0,1.1,1,0,3,0
63.9,0,0,106.6,270.7,0,1,166.8,1,1.7,1,2,2,0
40.7,1,1,119.7,157.2,0,1,182.9,0,0.1,2,0,2,1
42.4,1,0,119.7,176.0,0,0,119.5,1,2.4,1,0,3,0
44.0,1,1,119.4,217.6,0,1,170.1,0,0.0,2,0,2,1
63.0,1,3,109.4,208.3,0,0,143.6,1,1.8,1,0,2,1
50.9,0,2,131.4,255.6,0,0,148.8,0,0.5,2,0,2,1
65.5,1,1,159.5,246.7,0,1,117.4,1,0.0,1,3,1,0
66.8,0,0,106.6,222.3,0,1,142.8,0,0.3,2,2,2,1
58.1,1,0,126.1,297.5,0,0,171.7,0,0.0,2,2,3,0
57.4,1,0,114.5,316.7,0,2,139.9,0,4.4,0,3,1,0
57.0,1,1,154.5,232.5,0,0,164.8,0,0.0,2,1,2,0
62.3,0,2,129.5,263.6,0,1,97.6,0,1.1,1,1,3,0
46.3,0,1,105.4,200.5,0,1,174.0,0,0.0,2,0,2,1
59.8,1,0,129.0,255.1,0,1,144.1,1,1.3,2,1,3,0
62.0,1,0,118.8,271.2,0,1,99.0,1,1.8,1,2,3,0
47.3,1,2,108.1,241.5,0,1,152.5,0,0.0,2,0,2,0
35.5,1,0,126.7,284.1,0,0,157.4,1,0.0,2,0,3,0
40.8,1,0,135.5,310.4,0,1,122.6,1,1.8,1,0,1,0
68.0,1,0,143.9,194.9,1,1,142.9,0,3.5,1,2,3,0
45.7,1,0,121.0,247.3,0,0,144.9,0,0.8,2,0,3,0
44.7,1,1,127.4,308.9,0,0,170.0,0,0.0,2,0,2,1
47.9,1,0,123.9,274.8,0,0,165.2,0,0.6,1,0,3,0
63.0,1,0,130.9,331.1,1,0,133.0,1,1.7,2,3,3,0
43.3,1,1,117.6,264.0,0,1,173.0,0,0.0,2,0,3,1
61.7,1,0,121.1,267.7,0,1,97.8,1,1.7,1,2,3,0
58.2,1,2,138.7,209.8,1,0,166.1,0,0.0,2,0,2,1
47.4,1,0,111.5,206.4,0,1,142.6,0,0.1,2,0,2,1
58.1,1,2,131.5,221.6,0,0,172.3,0,3.3,2,2,3,0
45.2,1,0,114.5,259.6,0,0,182.6,0,0.0,2,0,2,1
43.5,1,0,119.3,182.6,0,0,120.0,1,2.6,1,0,3,0
35.3,1,0,121.3,196.3,0,1,129.8,1,1.6,1,0,3,0
54.5,1,1,109.1,313.5,0,1,155.2,0,0.0,2,0,3,1
56.8,1,0,109.9,333.6,0,1,142.1,1,3.0,1,1,3,0
48.8,1,1,128.5,263.6,0,1,171.8,0,0.7,2,0,2,1
42.9,0,0,132.6,342.2,1,0,135.7,1,3.0,1,0,3,0
67.3,0,0,105.4,223.3,0,1,143.3,0,0.2,2,2,2,1
47.2,1,2,129.3,254.7,0,1,178.9,0,0.0,2,0,2,1
68.1,1,2,180.1,276.2,1,0,151.0,1,1.6,1,0,3,0
51.0,0,2,139.8,306.2,0,0,143.2,0,1.5,2,1,2,1
66.2,1,0,159.7,229.9,0,0,139.3,0,2.4,2,0,1,1
40.8,1,1,121.7,157.0,0,1,182.1,0,0.0,2,0,2,1
60.4,1,0,139.3,200.9,0,0,139.1,1,1.9,2,1,3,0
68.5,1,0,146.2,192.3,1,1,141.2,0,3.4,1,2,3,0
59.6,1,0,135.3,236.8,0,1,160.9,0,0.5,1,0,3,1
52.6,1,0,123.5,212.6,0,1,167.4,0,1.0,2,2,3,0
56.9,1,1,122.7,255.2,0,1,142.0,0,0.4,2,0,3,0
57.6,1,0,127.4,217.3,0,0,131.4,1,2.1,1,3,3,0
60.2,1,0,129.4,205.6,0,0,132.8,1,2.4,1,2,3,0
76.9,1,0,125.1,308.9,0,0,161.8,1,0.0,2,3,2,0
58.4,1,2,111.6,230.0,0,0,165.1,0,2.7,1,1,3,0
68.0,0,2,119.8,212.6,0,0,115.5,0,1.5,1,0,2,1
60.8,1,0,147.5,203.9,0,1,160.5,0,0.0,2,1,3,0
45.7,1,2,149.4,230.8,0,1,145.4,0,3.6,1,0,2,0
43.4,1,0,121.0,170.9,0,1,145.6,1,2.8,0,0,1,0
60.4,0,2,119.6,177.0,1,1,95.0,0,0.1,2,0,2,1
41.5,1,0,136.1,312.0,0,1,124.5,1,1.8,1,0,1,0
49.0,1,2,120.1,192.3,0,1,140.2,0,2.0,1,3,3,0
57.7,1,0,114.5,317.6,0,2,137.3,0,4.4,0,3,1,0
41.4,1,0,139.2,226.9,0,1,175.8,0,0.0,2,0,2,1
50.6,1,2,123.9,245.6,1,0,166.2,0,2.3,1,0,2,1
44.1,1,2,120.2,228.3,0,1,168.4,0,0.1,2,0,2,1
56.4,1,1,130.7,214.5,0,0,163.0,0,0.0,2,0,3,1
52.6,1,0,109.3,232.4,1,1,147.4,0,0.1,2,3,3,1
68.6,1,2,180.1,275.4,1,0,148.9,1,1.6,1,0,3,0
64.8,1,3,138.7,282.4,1,0,177.0,0,1.5,1,1,2,0
46.8,1,2,130.0,256.8,0,1,181.5,0,0.0,2,0,2,1
55.4,1,1,121.3,238.8,0,1,168.0,0,0.0,0,0,2,1
49.3,1,2,120.5,189.4,0,1,138.8,0,2.1,1,3,3,0
59.2,1,0,130.1,256.7,0,1,144.9,1,1.5,2,1,3,0
57.1,1,2,127.5,233.7,0,0,148.8,0,0.3,1,1,3,0
49.2,1,2,120.5,184.8,0,1,139.0,0,2.0,1,3,3,0
69.9,1,1,157.2,247.7,0,0,142.8,0,0.1,2,0,2,1
57.9,1,0,100.8,235.0,0,1,157.3,0,0.1,2,1,3,0
65.8,1,1,160.7,241.7,0,1,118.7,1,0.0,1,3,1,0
46.7,1,0,118.9,246.3,0,0,145.3,0,0.8,2,0,3,0
57.6,1,2,106.7,243.5,0,0,152.8,1,0.6,1,0,3,1
68.1,1,2,179.5,276.7,1,0,149.3,1,1.6,1,0,3,0
75.7,0,2,140.1,194.9,0,2,115.5,0,1.1,1,0,2,1
58.9,1,0,137.5,269.7,0,0,180.4,0,0.0,2,0,2,1
43.5,1,0,150.3,248.6,0,1,170.0,0,1.4,2,0,2,1
67.5,1,0,125.2,253.1,1,1,161.7,0,0.2,1,2,3,0
44.4,0,2,109.2,142.0,0,1,175.2,0,0.6,1,0,2,1
47.4,1,2,130.2,252.7,0,1,177.9,0,0.0,2,0,2,1
64.6,0,0,150.1,221.2,0,0,114.4,0,1.0,1,3,3,0
56.0,1,1,130.4,218.9,0,0,164.1,0,0.0,2,0,3,1
61.2,1,2,151.7,238.6,1,1,135.7,1,1.0,1,0,2,1
48.8,0,0,129.6,269.0,0,1,162.4,0,0.0,2,0,2,1
52.1,1,1,119.5,326.7,0,1,172.0,0,0.1,2,0,2,1
44.8,1,0,103.9,208.8,0,0,149.1,1,3.0,1,0,2,1
41.2,1,1,109.2,234.2,0,1,152.5,0,0.0,2,0,2,1
71.3,0,2,109.6,269.4,1,0,129.4,0,0.0,2,1,2,1
60.2,1,2,141.2,184.0,0,0,155.4,0,2.9,1,0,2,0
50.9,1,0,140.9,299.9,0,1,119.8,1,4.1,1,3,3,0
51.3,1,2,171.1,197.9,1,1,162.1,0,0.5,2,0,3,1
55.4,1,0,122.3,247.4,1,0,143.4,1,1.2,1,1,2,0
58.9,1,3,135.0,203.4,0,1,163.4,0,0.8,2,2,2,0
62.4,0,0,139.2,292.7,1,1,106.4,0,1.9,1,3,2,0
53.5,1,1,192.3,283.7,0,0,194.9,0,0.0,2,1,3,0
44.2,1,0,109.4,198.8,0,0,175.7,0,0.0,2,1,2,0
63.8,0,0,129.8,300.9,0,1,124.0,0,2.1,1,2,2,1
58.1,1,2,133.2,221.5,0,0,172.2,0,3.2,2,2,3,0
44.0,1,2,139.6,235.8,0,0,181.0,0,0.0,2,0,2,1
49.9,1,2,139.9,233.5,0,1,164.1,0,0.7,1,1,3,0
43.5,1,0,119.4,172.3,0,1,143.6,1,3.0,0,0,1,0
64.8,1,0,120.0,174.3,0,1,141.1,0,0.5,2,0,3,1
66.4,1,0,119.7,228.8,0,0,128.9,1,2.6,1,2,3,0
40.6,0,1,103.6,196.1,0,1,169.6,0,0.0,2,1,2,1
54.3,0,1,131.8,282.2,1,0,158.5,1,0.1,2,1,2,1
50.9,1,3,124.2,212.3,0,0,125.4,1,1.4,2,1,2,1
47.7,1,0,111.8,204.7,0,1,142.2,0,0.1,2,0,2,1
47.6,1,0,130.9,254.3,1,0,150.3,1,0.0,2,2,3,0
60.7,1,0,138.4,165.1,0,0,125.7,1,3.6,1,1,2,0
60.2,1,0,139.1,291.1,0,0,170.4,0,1.2,1,2,3,0
64.9,1,0,120.4,179.9,0,1,140.6,0,0.4,2,0,3,1
47.9,1,2,123.4,251.4,1,1,174.7,0,0.0,2,2,2,1
61.4,0,0,140.4,266.8,0,0,158.3,0,3.6,0,2,2,0
41.7,0,1,104.9,196.4,0,1,168.0,0,0.0,2,1,2,1
66.9,1,0,161.1,285.9,0,0,107.2,1,1.4,1,3,2,0
39.7,1,0,153.6,223.4,0,1,177.3,0,0.0,2,0,3,0
66.7,1,0,126.1,256.7,1,1,162.3,0,0.2,1,2,3,0
50.8,1,2,110.4,175.6,0,1,124.5,0,0.6,2,0,2,1
39.0,1,0,118.7,218.6,0,1,140.1,0,1.3,1,0,3,0
63.3,1,2,138.6,335.1,0,1,156.4,0,0.1,2,0,2,0
69.8,1,0,131.4,319.8,0,0,109.0,0,2.4,1,3,2,0
61.1,1,0,139.6,206.8,0,0,140.5,1,2.0,2,1,3,0
56.9,0,0,128.8,297.3,0,0,158.2,0,0.0,2,1,2,1
70.0,1,0,131.0,325.2,0,0,108.1,0,2.4,1,3,2,0
45.1,0,1,129.3,233.4,0,0,175.4,0,0.5,1,0,2,1
58.6,1,2,139.9,211.8,1,0,166.0,0,0.0,2,0,2,1
56.0,1,0,130.6,283.8,1,0,103.3,1,1.6,0,0,3,0
64.3,0,2,139.9,313.1,0,1,133.2,0,0.3,2,0,3,1
47.2,1,0,112.8,203.9,0,1,143.6,0,0.0,2,0,2,1
66.5,1,0,110.9,214.0,0,0,133.2,1,0.1,2,1,2,0
69.1,0,3,140.6,237.3,0,1,149.7,0,1.9,2,2,2,1
59.2,1,0,139.5,175.5,0,1,160.7,1,0.1,2,1,3,0
56.7,1,0,132.1,207.2,0,1,167.3,1,0.0,2,0,3,1
63.1,0,2,129.9,262.3,0,1,95.1,0,1.2,1,1,3,0
41.8,1,0,138.2,313.5,0,1,123.8,1,1.8,1,0,1,0
58.7,1,0,164.5,175.4,1,0,91.5,0,1.1,1,2,1,0
49.1,1,1,130.7,247.3,0,0,179.8,0,0.3,1,0,2,1
52.1,1,2,138.7,218.4,0,1,168.8,0,0.0,2,4,2,1
66.3,1,0,161.0,228.6,0,0,141.7,0,2.3,2,0,1,1
68.2,1,2,117.9,275.8,0,1,153.2,0,1.0,2,1,3,1
56.7,1,1,154.4,237.7,0,0,164.8,0,0.0,2,1,2,0
55.1,1,0,140.6,216.2,0,1,109.2,1,5.6,0,0,3,0
55.2,0,1,134.1,249.0,0,0,160.7,0,1.3,1,0,2,1
52.3,1,3,117.9,186.3,0,0,189.3,0,0.1,1,0,1,1
57.5,1,0,139.7,191.8,0,1,146.5,0,0.6,1,0,1,1
58.4,1,1,119.6,279.9,0,0,160.3,0,1.7,1,0,2,0
59.8,0,3,150.5,239.8,0,1,172.0,0,0.9,2,0,2,1
56.4,1,1,119.2,237.7,0,1,170.2,0,0.0,0,0,2,1
64.8,1,0,118.5,175.1,0,1,141.5,0,0.4,2,0,3,1
70.3,1,2,159.8,266.8,0,1,112.5,1,2.9,1,1,3,0
44.6,1,0,105.5,210.0,0,0,147.7,1,3.0,1,0,2,1
58.2,1,0,114.2,318.9,0,2,140.3,0,4.4,0,3,1,0
44.8,0,1,129.7,230.9,0,0,175.6,0,0.5,1,0,2,1
52.2,1,0,107.2,233.0,1,1,148.5,0,0.1,2,3,3,1
66.4,1,0,125.2,252.1,1,1,163.4,0,0.2,1,2,3,0
63.0,1,0,130.3,254.5,0,0,144.9,0,1.5,1,1,3,0
43.3,1,0,149.6,245.2,0,1,168.3,0,1.5,2,0,2,1
63.7,0,0,149.5,403.5,0,0,154.6,0,4.0,1,3,3,0
51.0,1,2,92.6,223.4,0,1,153.1,1,0.0,2,1,3,1
60.1,1,0,131.0,249.9,0,1,141.0,1,1.3,2,1,3,0
66.6,1,0,120.4,235.4,0,1,72.9,0,1.0,1,0,2,0
34.5,1,0,125.9,281.5,0,0,155.3,1,0.0,2,0,3,0
67.5,1,2,181.1,274.5,1,0,149.2,1,1.7,1,0,3,0
55.6,1,1,119.0,237.0,0,1,177.6,0,0.8,2,0,2,1
63.5,1,0,127.6,263.5,0,1,105.3,1,0.2,1,1,3,1
63.2,0,2,140.5,311.0,0,1,132.8,0,0.2,2,0,3,1
66.3,1,2,151.7,215.4,0,0,149.8,0,0.8,1,0,3,0
53.8,0,2,159.4,199.0,0,1,163.7,0,0.0,2,1,2,1
64.1,0,0,179.6,325.1,0,1,152.0,1,0.0,2,0,2,1
64.1,1,0,128.8,263.7,0,1,105.4,1,0.2,1,1,3,1
69.4,0,3,139.5,238.2,0,1,152.7,0,1.9,2,2,2,1
60.5,1,3,133.4,233.5,0,1,144.5,0,2.6,1,2,2,0
61.3,0,2,130.3,263.6,0,1,96.9,0,1.2,1,1,3,0
56.9,1,2,148.9,124.0,1,1,172.2,0,0.3,2,1,3,1
56.4,1,3,120.3,188.8,0,0,160.3,0,2.0,1,0,3,1
69.6,1,0,129.6,320.9,0,0,108.9,0,2.3,1,3,2,0
59.3,1,0,138.1,274.4,0,0,179.9,0,0.0,2,0,2,1
49.2,1,2,118.4,148.0,0,0,127.8,0,0.8,2,3,2,0
61.9,1,0,148.0,199.6,0,1,161.4,0,0.1,2,1,3,0
51.5,1,0,106.5,231.6,1,1,145.4,0,0.1,2,3,3,1
65.8,1,0,134.0,255.2,0,0,125.6,0,2.8,1,1,3,0
55.5,0,0,134.4,410.1,0,0,150.9,1,1.9,1,2,3,0
43.2,1,0,110.0,215.2,0,1,161.9,0,0.0,2,0,3,1
66.0,0,0,177.7,228.3,1,1,165.3,1,1.0,1,2,3,0
61.1,1,0,140.7,205.3,0,0,137.9,1,2.0,2,1,3,0
40.7,1,3,140.7,203.7,0,1,177.6,1,1.5,2,0,3,1
41.1,1,0,138.9,224.1,0,1,181.1,0,0.0,2,0,2,1
55.0,1,1,132.5,263.8,0,1,154.6,0,0.0,2,0,2,1
44.3,0,2,107.7,139.0,0,1,175.6,0,0.7,1,0,2,1
54.6,0,2,160.3,202.1,0,1,164.0,0,0.0,2,1,2,1
55.5,1,3,119.8,194.4,0,0,162.6,0,1.8,1,0,3,1
57.0,1,0,110.0,335.3,0,1,143.5,1,3.0,1,1,3,0
58.0,1,0,126.8,261.7,0,0,130.9,1,2.8,1,2,3,0
67.1,0,2,115.3,563.9,0,0,159.8,0,1.6,1,0,3,1
58.0,1,2,131.2,226.2,0,0,172.8,0,3.1,2,2,3,0
68.8,1,3,160.0,234.5,1,0,131.6,0,0.1,1,1,2,1
51.7,1,0,137.7,298.4,0,1,120.4,1,4.2,1,3,3,0
59.7,1,2,140.3,185.2,0,0,153.8,0,3.0,1,0,2,0
54.5,0,0,127.5,204.1,0,2,130.0,1,2.0,1,1,3,0
62.8,0,0,150.6,405.6,0,0,153.3,0,4.0,1,3,3,0
62.6,1,0,129.4,331.2,1,0,130.9,1,1.8,2,3,3,0
57.4,0,1,129.9,234.1,0,0,174.3,0,0.0,1,1,2,0
48.7,1,2,120.4,186.8,0,1,139.2,0,2.0,1,3,3,0
47.1,1,0,122.4,223.7,0,0,186.8,0,0.0,2,0,2,1
54.2,1,0,138.6,243.1,0,1,158.2,0,1.2,2,0,2,1
63.7,1,2,141.1,333.0,0,1,161.4,0,0.0,2,0,2,0
62.3,0,0,141.5,397.6,0,0,157.3,0,1.2,1,0,2,1
63.2,1,0,140.3,193.3,0,0,142.4,1,4.0,2,2,3,0
42.3,1,2,120.4,241.9,1,1,191.8,0,0.9,0,0,3,1
70.5,1,2,159.6,268.1,0,1,113.0,1,2.8,1,1,3,0
56.9,1,0,140.4,192.6,0,1,147.6,0,0.4,1,0,1,1
54.9,1,0,160.9,285.4,0,0,144.0,1,0.9,1,1,3,0
53.2,0,2,160.8,203.7,0,1,162.3,0,0.0,2,1,2,1
42.8,1,0,119.6,173.1,0,0,118.7,1,2.5,1,0,3,0
55.5,1,2,131.5,258.0,1,0,143.8,1,0.6,1,1,1,0
53.3,1,0,141.6,225.6,0,0,110.8,1,0.0,2,0,3,1
58.5,1,2,127.1,219.0,1,1,134.6,0,2.3,1,1,1,0
59.8,1,0,108.4,241.8,0,0,142.5,1,1.3,1,1,3,0
56.5,0,0,120.1,355.4,0,1,161.0,1,0.6,2,0,2,1
48.5,1,2,122.7,252.6,1,1,174.2,0,0.0,2,2,2,1
51.5,1,3,118.4,180.5,0,0,189.7,0,0.0,1,0,1,1
64.3,1,0,136.0,258.2,0,0,126.3,0,2.8,1,1,3,0
40.9,0,1,125.8,306.7,0,1,163.7,0,0.0,2,0,2,1
65.5,1,0,111.4,210.1,0,0,130.9,1,0.0,2,1,2,0
57.2,1,0,150.4,271.6,0,1,88.1,1,1.1,1,1,3,0
70.8,0,0,112.5,148.0,0,1,125.9,0,1.6,1,0,2,1
57.8,1,0,140.9,193.6,0,1,149.4,0,0.4,1,0,1,1
54.3,1,1,129.3,265.2,0,1,153.5,0,0.0,2,0,2,1
41.8,0,2,120.6,205.7,0,1,172.3,0,0.0,1,0,2,1
58.5,1,3,170.6,283.3,0,0,160.0,0,0.2,1,0,3,0
62.3,0,0,138.5,266.4,0,0,160.5,0,3.6,0,2,2,0
38.7,0,2,93.7,201.0,0,1,179.2,0,0.0,2,0,2,1
51.9,1,0,108.1,233.3,1,1,146.2,0,0.0,2,3,3,1
62.2,1,1,120.3,279.1,0,0,102.9,0,1.4,1,1,3,0
61.6,0,0,145.4,308.2,0,0,146.6,1,1.1,1,0,3,0
64.6,1,0,120.6,244.0,0,0,94.0,1,2.2,0,1,2,0
44.7,0,1,111.9,157.8,0,1,137.6,0,0.0,1,0,2,1
44.1,1,1,119.2,219.9,0,1,170.4,0,0.0,2,0,2,1
55.7,1,0,124.0,250.6,1,0,143.4,1,1.3,1,1,2,0
52.5,1,2,130.4,241.1,1,0,171.9,0,0.0,2,3,2,1
58.3,0,3,148.6,281.7,1,0,161.1,0,1.0,2,0,2,1
59.6,1,2,142.0,187.6,0,0,155.4,0,3.0,1,0,2,0
70.6,1,1,154.9,246.1,0,0,142.6,0,0.0,2,0,2,1
55.7,0,1,140.4,296.5,0,0,154.0,0,1.3,1,0,2,1
52.3,1,0,112.0,227.2,0,1,160.7,0,0.0,2,1,2,0
51.8,1,0,127.9,205.3,1,1,156.1,1,1.0,1,0,0,0
57.4,1,2,105.6,237.2,0,0,153.3,1,0.7,1,0,3,1
61.3,0,0,130.8,324.4,0,0,169.3,0,0.0,2,0,2,0
59.6,0,0,148.7,261.7,0,0,158.3,0,2.6,1,2,3,0
51.4,1,3,125.0,214.0,0,0,125.2,1,1.4,2,1,2,1
54.9,1,0,160.7,286.3,0,0,143.4,1,0.8,1,1,3,0
45.8,1,3,108.4,269.3,0,1,133.1,0,1.3,1,0,3,0
50.8,1,2,99.2,222.4,0,1,145.3,1,1.2,1,0,2,1
77.2,1,0,124.3,304.0,0,0,160.6,1,0.0,2,3,2,0
46.8,1,2,122.7,257.2,1,1,174.4,0,0.0,2,2,2,1
38.1,1,2,139.6,320.9,0,0,183.0,0,0.0,2,0,2,1
29.2,1,1,129.4,205.6,0,0,202.4,0,0.0,2,0,2,1
55.5,1,0,160.5,291.7,0,0,144.9,1,0.8,1,1,3,0
65.0,0,2,159.3,358.6,0,0,152.0,0,0.8,2,0,2,1
40.9,1,0,110.6,174.6,0,0,158.1,0,0.0,2,0,3,0
57.8,1,1,125.0,219.9,0,1,144.0,0,0.4,1,4,3,1
59.8,1,3,169.8,288.8,0,0,157.0,0,0.1,1,0,3,0
70.3,0,2,109.8,266.6,1,0,131.1,0,0.0,2,1,2,1
57.5,0,2,120.0,337.7,0,1,170.9,0,0.0,2,0,2,1
45.9,1,0,141.7,314.9,0,1,120.3,1,1.8,1,2,3,0
46.3,1,1,128.0,308.0,0,0,172.4,0,0.0,2,0,2,1
45.3,1,0,121.4,252.2,0,0,144.0,0,0.9,2,0,3,0
55.6,0,1,139.5,292.7,0,0,151.4,0,1.4,1,0,2,1
54.1,1,1,108.6,312.8,0,1,155.2,0,0.1,2,0,3,1
54.0,1,0,141.7,204.1,1,0,154.3,1,3.2,0,0,3,0
42.1,1,0,139.7,231.2,0,1,178.4,0,0.0,2,0,2,1
50.4,1,2,100.6,219.9,0,1,142.0,1,1.2,1,0,2,1
58.4,1,1,124.7,221.9,0,1,142.0,0,0.4,1,4,3,1
61.9,1,2,130.7,230.5,0,1,146.0,0,1.9,1,3,3,1
60.3,1,0,117.5,230.8,1,1,160.0,1,1.4,2,2,3,0
54.1,1,2,149.6,233.3,0,0,164.6,0,1.5,2,0,3,1
50.4,0,0,108.9,251.1,0,0,159.1,0,0.0,2,0,2,1
60.9,1,2,150.5,241.3,1,1,136.4,1,1.0,1,0,2,1
42.1,1,1,118.7,292.6,0,1,163.0,0,0.0,2,0,2,1
68.7,0,3,140.5,242.5,0,1,149.4,0,1.7,2,2,2,1
66.8,0,0,107.7,222.3,0,1,140.6,0,0.3,2,2,2,1
64.7,1,0,144.8,210.2,0,0,131.1,0,2.1,1,2,1,0
40.4,1,1,120.8,159.2,0,1,181.6,0,0.0,2,0,2,1
54.4,1,0,109.4,241.9,0,1,125.3,1,2.8,1,1,3,0
43.0,0,2,122.2,215.0,0,1,164.6,0,0.1,1,0,2,1
65.3,0,2,140.1,420.0,1,0,156.4,0,0.8,2,1,2,1
58.7,1,0,138.3,275.5,0,0,183.6,0,0.0,2,0,2,1
56.8,1,2,127.2,232.0,0,0,149.7,0,0.2,1,1,3,0
62.9,0,0,130.5,302.0,0,1,124.7,0,1.9,1,2,2,1
60.2,1,0,116.3,229.4,1,1,160.4,1,1.4,2,2,3,0
58.2,1,2,129.4,234.1,0,0,149.8,0,0.4,1,1,3,0
44.5,1,1,119.6,221.4,0,1,169.4,0,0.0,2,0,2,1
58.6,1,0,163.4,173.9,1,0,91.8,0,1.0,1,2,1,0
67.5,1,0,124.3,256.5,1,1,164.0,0,0.2,1,2,3,0
56.5,1,2,130.4,254.4,1,0,142.8,1,0.6,1,1,1,0
65.4,0,2,158.4,362.2,0,0,152.1,0,0.8,2,0,2,1
42.0,1,0,136.3,312.6,0,1,124.3,1,1.6,1,0,1,0
55.8,0,0,200.0,288.2,1,0,133.4,1,4.0,0,2,3,0
53.1,1,2,130.0,244.4,1,0,172.0,0,0.0,2,3,2,1
46.2,0,1,130.9,231.6,0,0,177.4,0,0.6,1,0,2,1
61.3,1,2,149.0,242.1,1,1,135.5,1,1.0,1,0,2,1
53.9,1,2,129.4,193.5,1,0,152.7,0,1.2,0,0,2,1
64.5,1,0,144.5,211.9,0,0,133.4,0,2.0,1,2,1,0
47.2,1,2,130.0,250.7,0,1,179.6,0,0.0,2,0,2,1
57.9,1,1,126.8,221.8,0,1,145.0,0,0.4,1,4,3,1
62.3,1,0,138.2,184.8,0,0,143.5,1,4.0,2,2,3,0
53.4,1,2,128.3,197.1,1,0,152.2,0,1.2,0,0,2,1
57.1,1,1,153.2,227.9,0,0,164.2,0,0.0,2,1,2,0
46.3,1,0,140.2,308.4,0,1,119.9,1,1.9,1,2,3,0
42.6,1,0,111.2,196.2,0,0,176.4,0,0.0,2,1,2,0
62.0,1,0,138.4,209.5,0,0,137.4,1,1.9,2,1,3,0
69.0,1,2,179.6,271.4,1,0,151.0,1,1.6,1,0,3,0
52.2,1,1,133.8,198.5,0,1,159.2,0,0.9,2,1,2,1
54.8,1,0,139.5,212.5,0,1,111.0,1,5.6,0,0,3,0
65.7,1,0,108.5,249.4,0,0,157.2,0,0.6,2,2,1,0
59.5,1,0,130.1,208.3,0,0,132.3,1,2.5,1,2,3,0
55.8,0,0,179.8,327.5,0,2,118.0,1,3.5,1,0,2,0
50.3,1,2,124.0,243.6,1,0,166.4,0,2.5,1,0,2,1
64.0,1,2,124.9,308.8,0,1,131.8,1,1.8,1,0,3,0
62.7,1,1,119.9,282.2,0,0,104.0,0,1.4,1,1,3,0
63.1,1,3,144.0,231.1,1,0,149.2,0,2.3,0,0,1,1
41.3,1,1,109.6,234.1,0,1,152.5,0,0.0,2,0,2,1
48.9,1,0,123.1,276.6,0,0,165.3,0,0.5,1,0,3,0
66.5,0,2,114.8,559.6,0,0,158.1,0,1.8,1,0,3,1
52.3,1,0,129.0,202.3,1,1,154.9,1,1.0,1,0,0,0
37.6,1,2,130.0,249.5,0,1,188.3,0,3.5,0,0,2,1
58.7,1,3,169.6,287.8,0,0,159.6,0,0.2,1,0,3,0
51.5,1,0,138.2,263.5,0,0,185.8,1,0.0,2,0,2,1
46.3,0,0,135.9,243.9,0,0,153.0,1,0.0,1,0,2,1
54.5,1,0,108.9,202.6,0,0,108.3,1,0.0,1,1,2,0
40.5,1,1,134.7,199.9,0,1,132.4,0,0.0,1,0,1,1
43.2,1,2,119.8,225.5,0,1,169.3,0,0.0,2,0,2,1
57.9,1,0,116.6,316.0,0,2,137.6,0,4.4,0,3,1,0
65.8,0,0,178.0,229.4,1,1,166.4,1,0.9,1,2,3,0
62.2,0,0,159.8,162.6,0,0,144.5,0,6.0,0,3,3,0
55.0,1,0,119.3,187.2,0,1,114.8,0,1.4,1,1,3,0
49.9,1,2,131.2,192.2,0,1,162.5,0,0.0,2,0,2,1
59.3,1,0,141.0,172.3,0,1,163.1,1,0.0,2,1,3,0
57.9,1,0,116.4,319.4,0,2,139.9,0,4.4,0,3,1,0
54.0,1,1,106.5,311.4,0,1,157.2,0,0.0,2,0,3,1
65.2,1,3,137.3,281.9,1,0,173.9,0,1.4,1,1,2,0
28.4,1,1,129.9,204.8,0,0,205.3,0,0.1,2,0,2,1
49.0,1,1,131.1,263.8,0,1,169.6,0,0.7,2,0,2,1
57.9,1,2,132.1,225.4,0,0,173.0,0,3.1,2,2,3,0
48.2,1,1,130.1,247.6,0,0,180.0,0,0.1,1,0,2,1
70.9,0,0,112.7,151.1,0,1,126.4,0,1.5,1,0,2,1
52.7,0,0,130.5,265.3,0,0,145.2,0,0.4,1,0,2,1
41.8,1,2,129.3,178.7,0,1,148.9,0,0.0,2,0,2,1
41.3,1,2,129.6,212.8,0,0,166.6,0,2.1,1,0,2,1
52.2,1,3,152.9,295.7,1,1,178.3,0,1.2,1,0,3,1
64.7,1,3,138.4,281.5,1,0,174.2,0,1.4,1,1,2,0
66.9,1,2,151.5,212.6,0,0,149.6,0,0.7,1,0,3,0
58.9,1,3,169.9,290.3,0,0,160.3,0,0.2,1,0,3,0
51.6,1,0,124.9,210.9,0,1,169.1,0,1.1,2,2,3,0
65.5,0,2,144.5,276.0,0,0,151.2,0,0.0,1,1,2,1
46.1,1,0,139.9,305.2,0,1,119.2,1,1.8,1,2,3,0
45.0,1,0,141.6,308.4,0,0,145.4,1,0.0,1,3,3,0
51.2,0,2,121.4,295.0,0,0,157.8,0,0.6,2,0,2,1
55.6,1,0,132.1,183.5,0,0,104.5,1,2.1,1,1,1,0
44.3,1,0,111.5,290.9,0,0,152.4,0,0.0,2,1,2,0
71.8,0,2,110.0,266.4,1,0,129.4,0,0.1,2,1,2,1
41.7,0,2,118.3,206.6,0,1,171.0,0,0.0,1,0,2,1
50.2,1,2,140.8,235.0,0,1,164.2,0,0.6,1,1,3,0
56.6,1,0,125.8,249.7,1,0,142.2,1,1.1,1,1,2,0
53.8,1,2,120.4,255.9,0,0,145.8,0,0.3,1,0,3,1
60.2,1,0,149.1,202.8,0,1,162.1,0,0.0,2,1,3,0
76.8,1,0,125.0,301.4,0,0,162.6,1,0.0,2,3,2,0
58.1,1,0,133.4,206.0,0,1,167.3,1,0.0,2,0,3,1
52.8,1,2,128.6,196.6,1,0,150.4,0,1.2,0,0,2,1
61.7,0,0,144.2,306.5,0,0,146.2,1,1.0,1,0,3,0
59.2,1,0,164.2,175.7,1,0,90.6,0,1.0,1,2,1,0
55.8,1,0,140.6,215.8,0,1,111.2,1,5.6,0,0,3,0
71.1,0,0,111.3,146.9,0,1,124.0,0,1.5,1,0,2,1
50.7,0,0,128.9,304.4,0,1,143.0,1,1.2,1,0,3,0
50.5,1,2,129.1,190.6,0,1,164.1,0,0.0,2,0,2,1
41.6,0,0,101.3,270.2,0,0,119.2,0,0.6,1,0,2,1
51.3,1,0,140.7,263.4,0,0,185.1,1,0.0,2,0,2,1
43.6,1,2,138.6,233.8,0,0,179.5,0,0.0,2,0,2,1
44.6,1,0,112.3,292.3,0,0,152.8,0,0.0,2,1,2,0
46.2,1,0,121.3,247.3,0,0,143.7,0,0.8,2,0,3,0
42.2,0,0,100.2,261.9,0,0,121.0,0,0.7,1,0,2,1
57.9,0,1,136.3,316.2,1,0,150.9,0,0.1,2,2,2,0
46.8,1,2,131.1,248.8,0,1,179.6,0,0.0,2,0,2,1
62.0,0,0,140.5,393.8,0,0,155.9,0,1.2,1,0,2,1
63.0,0,0,151.9,406.5,0,0,154.8,0,3.9,1,3,3,0
57.5,1,0,110.7,201.4,0,1,125.0,1,1.5,1,0,1,1
59.5,1,0,134.0,231.4,0,1,160.6,0,0.5,1,0,3,1
58.5,0,0,129.4,196.7,0,1,131.5,0,0.6,1,0,2,1
57.4,0,1,130.3,233.5,0,0,174.1,0,0.0,1,1,2,0
77.2,1,0,125.5,306.0,0,0,160.4,1,0.0,2,3,2,0
54.4,1,2,120.2,253.5,0,0,145.9,0,0.4,1,0,3,1
41.7,1,0,138.7,226.6,0,1,179.1,0,0.0,2,0,2,1
53.5,0,2,110.8,214.2,0,1,157.4,0,1.7,1,0,2,1
70.5,0,0,112.7,146.3,0,1,125.2,0,1.6,1,0,2,1
58.2,1,0,147.8,222.9,0,1,106.2,0,2.0,1,1,3,0
60.1,0,3,150.2,240.3,0,1,170.0,0,0.8,2,0,2,1
64.2,1,2,140.1,334.9,0,1,158.4,0,0.1,2,0,2,0
41.6,1,2,130.1,180.1,0,1,150.5,0,0.0,2,0,2,1
62.9,1,2,126.2,308.0,0,1,130.8,1,1.9,1,0,3,0
58.2,1,0,113.6,313.6,0,2,143.6,0,4.4,0,3,1,0
62.7,1,3,147.5,232.1,1,0,150.5,0,2.3,0,0,1,1
71.0,0,1,158.4,303.3,0,1,161.7,0,0.3,2,2,2,1
62.4,1,0,120.3,268.1,0,1,99.1,1,1.8,1,2,3,0
44.7,1,0,103.2,203.9,0,0,148.8,1,2.9,1,0,2,1
54.2,0,1,131.9,289.7,1,0,158.8,1,0.0,2,1,2,1
61.8,0,2,131.2,261.4,0,1,96.4,0,1.2,1,1,3,0
46.0,0,2,141.7,178.3,0,0,161.8,1,1.4,0,0,2,1
51.6,1,2,139.5,224.2,0,1,168.1,0,0.0,2,4,2,1
42.1,0,2,120.3,208.0,0,1,174.1,0,0.0,1,0,2,1
59.1,1,2,140.1,187.0,0,0,155.4,0,3.1,1,0,2,0
58.2,1,2,106.0,236.5,0,0,154.8,1,0.6,1,0,3,1
55.4,1,0,139.3,217.0,0,1,110.5,1,5.6,0,0,3,0
54.7,0,1,135.0,250.7,0,0,160.5,0,1.3,1,0,2,1
69.8,0,0,111.8,151.1,0,1,123.8,0,1.6,1,0,2,1
36.3,0,2,120.5,216.1,0,1,167.9,0,0.0,2,0,2,1
61.9,1,2,129.5,228.9,0,1,144.9,0,1.6,1,3,3,1
42.9,1,0,109.4,214.6,0,1,159.5,0,0.0,2,0,3,1
57.8,1,0,110.0,338.7,0,1,141.8,1,3.0,1,1,3,0
45.6,1,0,103.1,207.3,0,0,145.7,1,2.9,1,0,2,1
61.7,0,0,139.5,267.7,0,0,157.7,0,3.7,0,2,2,0
39.0,1,0,117.4,220.3,0,1,140.2,0,1.2,1,0,3,0
57.0,1,0,110.0,333.2,0,1,142.6,1,3.0,1,1,3,0
55.8,0,0,200.0,286.0,1,0,133.3,1,4.0,0,2,3,0
54.1,0,2,109.9,213.0,0,1,158.9,0,1.6,1,0,2,1
59.7,1,0,133.7,241.5,0,1,160.2,0,0.5,1,0,3,1
54.9,1,0,160.2,285.7,0,0,145.5,1,0.8,1,1,3,0
60.2,0,2,120.0,178.3,1,1,98.2,0,0.0,2,0,2,1
44.4,1,1,117.7,223.1,0,1,170.7,0,0.0,2,0,2,1
59.4,0,0,151.1,254.8,0,0,158.1,0,2.6,1,2,3,0
61.7,1,1,128.8,205.9,1,0,139.9,0,0.0,2,0,2,1
56.5,1,0,109.7,335.4,0,1,142.7,1,2.9,1,1,3,0
64.4,1,2,125.0,309.6,0,1,130.5,1,1.8,1,0,3,0
61.3,1,0,138.7,165.0,0,0,123.0,1,3.7,1,1,2,0
38.8,0,2,94.5,202.1,0,1,178.9,0,0.1,2,0,2,1
62.4,0,0,150.7,245.9,0,1,153.7,1,1.5,1,0,2,0
48.0,1,0,128.9,257.2,1,0,151.1,1,0.1,2,2,3,0
46.2,0,2,142.8,176.0,0,0,160.8,1,1.4,0,0,2,1
55.5,0,0,180.3,327.9,0,2,116.6,1,3.3,1,0,2,0
67.4,1,0,120.8,234.2,0,1,72.6,0,1.0,1,0,2,0
47.8,1,1,109.8,230.9,0,1,169.1,0,0.9,0,0,3,0
68.8,1,3,160.0,232.9,1,0,132.1,0,0.1,1,1,2,1
66.2,0,2,145.7,275.4,0,0,152.7,0,0.0,1,1,2,1
63.6,0,0,177.7,322.9,0,1,153.4,1,0.0,2,0,2,1
66.7,1,1,159.6,247.9,0,1,120.2,1,0.0,1,3,1,0
46.6,1,0,120.7,246.2,0,0,145.0,0,0.8,2,0,3,0
42.1,1,3,146.1,244.9,0,0,178.6,0,0.8,2,2,2,1
42.1,1,0,139.9,225.0,0,1,175.2,0,0.1,2,0,2,1
57.8,1,0,147.5,218.0,0,1,107.5,0,2.0,1,1,3,0
57.8,0,1,136.3,317.0,1,0,152.8,0,0.0,2,2,2,0
63.1,1,0,140.1,187.6,0,0,142.9,1,3.9,2,2,3,0
51.4,1,0,125.6,212.4,0,1,165.8,0,1.0,2,2,3,0
59.5,1,3,133.3,209.7,0,1,160.6,0,0.8,2,2,2,0
46.5,1,0,142.1,309.2,0,1,119.4,1,1.8,1,2,3,0
64.6,1,3,169.1,231.5,0,0,154.4,0,0.6,1,0,3,1
52.7,0,0,136.3,235.1,0,0,159.6,0,0.0,2,0,2,1
54.0,0,0,130.2,264.3,0,0,141.5,0,0.4,1,0,2,1
62.3,0,0,141.4,389.4,0,0,155.2,0,1.1,1,0,2,1
58.7,1,0,101.5,234.4,0,1,154.4,0,0.1,2,1,3,0
57.3,1,0,140.0,188.1,0,1,148.3,0,0.3,1,0,1,1
42.6,0,2,123.8,213.3,0,1,165.7,0,0.2,1,0,2,1
56.5,1,0,110.8,338.2,0,1,142.9,1,3.0,1,1,3,0
69.1,1,2,138.7,250.3,0,0,146.9,0,2.0,1,3,3,0
57.9,1,0,100.3,227.9,0,1,155.5,0,0.0,2,1,3,0
50.6,1,2,94.9,220.7,0,1,154.1,1,0.0,2,1,3,1
58.0,0,0,130.0,201.6,0,1,130.1,0,0.6,1,0,2,1
64.6,0,2,141.9,422.4,1,0,157.9,0,0.9,2,1,2,1
65.6,0,0,150.4,221.3,0,0,113.7,0,1.0,1,3,3,0
42.1,1,2,120.2,243.3,1,1,192.8,0,0.9,0,0,3,1
57.6,0,1,136.6,322.3,1,0,153.3,0,0.0,2,2,2,0
46.6,1,2,129.8,251.4,0,1,178.0,0,0.0,2,0,2,1
58.3,0,0,99.5,249.8,0,0,121.9,0,1.1,1,0,2,1
44.2,1,0,111.8,284.6,0,0,153.3,0,0.0,2,1,2,0
55.7,1,0,130.3,284.8,1,0,104.8,1,1.6,0,0,3,0
50.6,1,2,99.9,217.5,0,1,143.0,1,1.1,1,0,2,1
59.9,1,0,146.5,204.2,0,1,161.2,0,0.0,2,1,3,0
45.2,1,0,140.6,308.1,0,1,121.0,1,1.9,1,2,3,0
56.2,1,1,129.7,219.6,0,0,162.0,0,0.0,2,0,3,1
56.4,1,1,154.4,232.6,0,0,163.4,0,0.1,2,1,2,0
50.3,0,2,129.0,255.6,0,0,149.3,0,0.4,2,0,2,1
48.7,1,2,118.9,149.6,0,0,124.3,0,0.8,2,3,2,0
55.5,0,0,200.0,288.0,1,0,134.1,1,4.0,0,2,3,0
47.2,1,0,111.8,203.4,0,1,143.6,0,0.0,2,0,2,1
59.4,1,0,125.0,258.1,0,0,140.3,1,2.8,1,1,3,0
64.5,1,3,111.4,208.2,0,0,144.0,1,1.8,1,0,2,1
56.6,1,0,109.7,201.6,0,1,123.6,1,1.5,1,0,1,1
38.1,1,3,119.7,230.2,0,1,183.0,1,3.8,1,0,3,0
62.3,0,0,141.1,393.3,0,0,157.3,0,1.2,1,0,2,1
55.9,1,0,124.7,248.4,1,0,143.8,1,1.2,1,1,2,0
62.1,1,0,119.9,263.6,0,1,139.9,1,3.6,1,1,3,0
65.5,1,0,158.1,230.2,0,0,138.3,0,2.3,2,0,1,1
50.8,1,0,140.9,296.3,0,1,174.1,1,1.6,2,0,3,0
44.3,1,2,120.8,227.0,0,1,168.6,0,0.0,2,0,2,1
65.6,1,0,133.8,256.3,0,0,128.3,0,2.8,1,1,3,0
58.4,1,0,126.9,216.9,0,0,130.6,1,2.2,1,3,3,0
57.6,1,0,115.5,317.3,0,2,140.6,0,4.4,0,3,1,0
62.5,0,0,140.0,267.8,0,0,161.3,0,3.6,0,2,2,0
66.5,1,0,120.8,303.2,0,0,151.1,0,0.4,1,0,2,1
66.2,1,0,112.0,209.9,0,0,130.6,1,0.1,2,1,2,0
55.8,1,1,120.6,239.0,0,1,168.9,0,0.1,0,0,2,1
64.1,0,0,129.9,301.8,0,1,122.8,0,2.0,1,2,2,1
59.3,1,3,179.2,270.5,0,0,145.2,0,4.2,0,0,3,1
34.5,1,0,118.3,200.0,0,1,130.2,1,1.6,1,0,3,0
51.9,1,0,126.3,212.6,0,1,167.0,0,1.0,2,2,3,0
53.3,1,0,138.6,204.9,1,0,154.6,1,3.1,0,0,3,0
59.0,1,1,139.3,215.9,0,1,164.8,1,0.0,2,0,2,1
42.3,1,1,120.1,295.3,0,1,161.4,0,0.0,2,0,2,1
62.8,1,0,129.5,334.6,1,0,130.9,1,1.7,2,3,3,0
55.9,1,1,120.3,238.5,0,1,168.5,0,0.0,0,0,2,1
56.4,0,0,134.1,412.8,0,0,149.0,1,1.8,1,2,3,0
58.9,1,0,170.5,326.0,0,0,139.1,1,3.4,0,0,3,0
42.4,0,2,120.0,207.0,0,1,172.5,0,0.0,1,0,2,1
51.8,1,0,110.7,229.4,0,1,159.1,0,0.0,2,1,2,0
60.7,1,0,129.5,252.1,0,1,143.5,1,1.4,2,1,3,0
66.6,0,2,115.5,566.9,0,0,159.3,0,1.6,1,0,3,1
56.1,1,1,121.1,239.2,0,1,179.9,0,0.7,2,0,2,1
38.7,1,2,140.3,320.3,0,0,182.2,0,0.1,2,0,2,1
57.2,0,0,127.6,297.9,0,0,159.3,0,0.1,2,1,2,1
52.3,1,3,117.6,183.0,0,0,192.7,0,0.1,1,0,1,1
54.8,1,0,132.3,348.8,0,1,132.5,1,1.2,1,1,3,0
47.0,1,0,119.5,249.5,0,0,145.2,0,0.9,2,0,3,0
52.4,1,2,137.9,221.2,0,1,170.9,0,0.1,2,4,2,1
40.0,1,0,108.9,172.6,0,0,114.5,1,2.0,1,0,3,0
40.9,0,1,104.9,201.7,0,1,167.3,0,0.0,2,1,2,1
53.8,0,2,110.4,213.4,0,1,157.4,0,1.7,1,0,2,1
64.2,0,2,140.8,311.7,0,1,133.3,0,0.2,2,0,3,1
35.6,1,1,121.2,191.0,0,1,175.9,0,0.0,2,0,2,1
42.4,1,0,150.1,242.2,0,1,170.2,0,1.6,2,0,2,1
62.9,1,0,128.4,255.3,0,0,145.5,0,1.4,1,1,3,0
50.0,0,0,109.6,253.1,0,0,158.8,0,0.0,2,0,2,1
64.9,0,2,139.1,416.4,1,0,156.4,0,0.8,2,1,2,1
65.2,1,3,139.6,282.2,1,0,176.1,0,1.4,1,1,2,0
46.5,1,2,108.4,241.7,0,1,152.7,0,0.1,2,0,2,0
42.4,1,0,140.2,225.2,0,1,179.2,0,0.0,2,0,2,1
61.1,0,0,131.0,334.3,0,0,169.8,0,0.0,2,0,2,0
44.3,1,2,129.0,232.7,0,1,177.8,1,0.3,2,0,2,1
43.6,1,2,129.1,230.8,0,1,179.0,1,0.4,2,0,2,1
50.7,1,2,100.0,220.0,0,1,144.7,1,1.2,1,0,2,1
57.4,1,2,131.0,222.8,0,0,173.4,0,3.5,2,2,3,0
53.0,1,0,107.6,235.9,1,1,145.2,0,0.1,2,3,3,1
63.3,1,0,130.1,254.7,0,0,148.6,0,1.4,1,1,3,0
61.4,0,2,130.8,258.8,0,1,98.7,0,1.1,1,1,3,0
55.1,1,1,130.0,218.5,0,0,162.7,0,0.0,2,0,3,1
51.6,1,2,171.8,203.5,1,1,161.6,0,0.3,2,0,3,1
57.0,1,0,140.6,189.4,0,1,146.9,0,0.5,1,0,1,1
51.5,0,2,130.5,255.5,0,0,147.8,0,0.5,2,0,2,1
49.5,0,0,111.9,258.1,0,0,158.2,0,0.0,2,0,2,1
52.9,0,0,138.2,235.6,0,0,160.5,0,0.0,2,0,2,1
54.8,0,1,135.7,249.0,0,0,160.9,0,1.4,1,0,2,1
61.3,0,0,130.5,330.0,0,0,169.9,0,0.0,2,0,2,0
59.6,1,0,125.3,259.8,0,0,142.3,1,2.9,1,1,3,0
50.4,1,2,110.5,174.7,0,1,126.1,0,0.6,2,0,2,1
40.5,1,2,129.1,217.7,0,0,169.2,0,2.1,1,0,2,1
52.0,1,3,117.8,189.5,0,0,188.4,0,0.0,1,0,1,1
47.8,1,1,111.7,231.2,0,1,169.2,0,1.0,0,0,3,0
76.9,1,0,124.2,308.3,0,0,161.6,1,0.0,2,3,2,0
56.3,1,0,151.4,274.0,0,1,89.6,1,1.3,1,1,3,0
62.1,0,0,122.4,207.3,0,1,163.0,0,0.0,2,0,2,1
57.1,1,0,152.5,281.5,0,0,111.4,1,0.6,1,1,1,0
52.0,1,2,172.9,199.4,1,1,162.7,0,0.5,2,0,3,1
45.7,0,1,106.6,203.2,0,1,171.3,0,0.0,2,0,2,1
45.3,1,3,109.0,267.1,0,1,131.8,0,1.2,1,0,3,0
52.2,1,2,131.1,198.3,1,0,151.0,0,1.1,0,0,2,1
58.2,1,0,100.4,238.4,0,1,157.1,0,0.2,2,1,3,0
34.7,1,1,122.6,193.5,0,1,174.6,0,0.0,2,0,2,1
57.3,1,0,130.8,205.8,0,1,168.1,1,0.0,2,0,3,1
61.1,1,3,132.9,233.9,0,1,144.1,0,2.6,1,2,2,0
34.1,0,1,117.7,205.2,0,1,190.7,0,0.7,2,0,2,1
56.7,1,2,128.3,258.3,1,0,145.0,1,0.6,1,1,1,0
61.7,1,1,128.7,208.4,1,0,139.1,0,0.0,2,0,2,1
40.8,1,1,108.3,233.5,0,1,153.2,0,0.0,2,0,2,1
52.9,0,0,138.7,232.6,0,0,158.3,0,0.0,2,0,2,1
60.2,1,0,145.5,284.8,0,0,140.9,1,2.7,1,2,3,0
58.2,1,0,113.7,316.9,0,2,141.6,0,4.4,0,3,1,0
59.7,1,2,140.9,186.5,0,0,155.8,0,3.1,1,0,2,0
40.9,1,2,130.3,214.8,0,0,167.2,0,2.0,1,0,2,1
53.1,0,0,130.1,264.8,0,0,143.7,0,0.4,1,0,2,1
53.9,1,0,110.2,202.7,0,0,107.4,1,0.0,1,1,2,0
42.3,1,2,120.9,242.4,1,1,194.7,0,0.8,0,0,3,1
62.4,0,0,160.6,164.0,0,0,146.0,0,6.0,0,3,3,0
42.2,1,2,130.5,314.6,0,1,160.0,0,1.8,2,1,2,1
55.0,1,2,130.4,255.1,1,0,141.1,1,0.7,1,1,1,0
50.5,1,2,100.3,219.6,0,1,143.8,1,1.2,1,0,2,1
58.1,1,0,99.3,237.1,0,1,155.5,0,0.2,2,1,3,0
62.6,1,0,119.6,268.2,0,1,99.3,1,1.7,1,2,3,0
43.0,1,0,111.3,215.3,0,1,159.9,0,0.0,2,0,3,1
60.3,0,3,150.9,241.9,0,1,170.7,0,0.9,2,0,2,1
57.6,0,0,129.7,198.9,0,1,131.2,0,0.7,1,0,2,1
58.1,1,0,125.9,299.5,0,0,171.7,0,0.1,2,2,3,0
59.0,1,3,169.3,289.2,0,0,159.0,0,0.3,1,0,3,0
51.1,0,2,118.6,293.2,0,0,156.6,0,0.7,2,0,2,1
47.5,1,0,128.9,255.4,1,0,150.5,1,0.0,2,2,3,0
38.8,1,0,118.2,219.4,0,1,139.7,0,1.2,1,0,3,0
51.2,1,2,124.9,242.1,1,0,166.7,0,2.5,1,0,2,1
58.3,1,0,127.8,218.4,0,0,131.2,1,2.2,1,3,3,0
53.5,0,2,109.0,219.9,0,1,158.5,0,1.6,1,0,2,1
57.8,1,0,136.7,269.5,0,0,181.9,0,0.0,2,0,2,1
67.5,1,0,144.4,195.9,1,1,140.5,0,3.5,1,2,3,0
64.0,1,3,170.3,227.0,0,0,153.9,0,0.7,1,0,3,1
39.4,1,0,109.7,166.0,0,0,114.8,1,2.0,1,0,3,0
57.8,1,2,127.0,224.1,0,0,150.2,0,0.3,1,1,3,0
52.2,1,2,172.3,197.9,1,1,161.8,0,0.4,2,0,3,1
38.7,1,2,139.0,327.7,0,0,181.0,0,0.0,2,0,2,1
58.9,1,0,163.4,176.3,1,0,91.3,0,1.0,1,2,1,0
53.9,1,0,122.2,286.0,0,0,116.0,1,3.3,1,2,2,0
67.1,1,0,125.3,257.5,1,1,162.6,0,0.2,1,2,3,0
48.8,1,2,117.2,150.1,0,0,127.0,0,0.9,2,3,2,0
53.4,0,2,128.7,220.5,0,0,114.6,0,0.0,2,0,0,1
60.0,1,0,115.6,228.4,1,1,158.0,1,1.4,2,2,3,0
55.7,0,0,199.9,289.9,1,0,133.6,1,4.1,0,2,3,0
57.7,1,1,119.1,286.8,0,0,160.0,0,1.9,1,0,2,0
60.7,0,0,130.1,329.2,0,0,169.0,0,0.0,2,0,2,0
45.0,1,0,112.5,290.0,0,0,152.9,0,0.0,2,1,2,0
69.9,1,2,159.7,268.8,0,1,112.0,1,2.9,1,1,3,0
51.6,1,0,113.0,227.9,0,1,160.4,0,0.0,2,1,2,0
40.2,1,0,108.9,175.2,0,0,114.0,1,2.0,1,0,3,0
53.9,0,2,109.0,214.5,0,1,158.0,0,1.7,1,0,2,1
55.6,1,1,129.7,216.5,0,0,161.1,0,0.0,2,0,3,1
54.6,1,0,122.2,288.2,0,0,117.1,1,3.2,1,2,2,0
43.4,1,0,133.1,249.5,1,0,143.8,1,0.0,1,4,3,0
42.7,0,0,133.0,343.7,1,0,134.3,1,2.9,1,0,3,0
58.0,1,0,126.2,298.4,0,0,171.3,0,0.0,2,2,3,0
59.7,1,0,169.9,324.9,0,0,141.3,1,3.4,0,0,3,0
65.0,0,0,180.1,319.0,0,1,151.7,1,0.0,2,0,2,1
61.6,1,2,129.8,228.5,0,1,146.0,0,1.8,1,3,3,1
71.1,0,2,109.5,261.7,1,0,130.9,0,0.0,2,1,2,1
57.9,1,2,140.2,210.1,1,0,164.4,0,0.0,2,0,2,1
46.3,0,2,141.9,172.9,0,0,160.9,1,1.4,0,0,2,1
44.5,0,1,130.0,235.6,0,0,174.4,0,0.6,1,0,2,1
53.3,1,2,125.3,274.5,0,0,153.4,0,0.4,0,1,2,1
54.4,1,0,109.9,208.3,0,0,107.4,1,0.0,1,1,2,0
65.2,0,2,154.1,268.9,0,1,147.9,0,0.8,2,0,2,1
43.6,1,0,118.9,170.2,0,1,143.6,1,2.8,0,0,1,0
48.2,1,0,129.5,261.8,1,0,149.1,1,0.0,2,2,3,0
42.0,0,2,122.0,212.3,0,1,173.8,0,0.1,1,0,2,1
66.6,0,2,145.3,278.1,0,0,152.6,0,0.0,1,1,2,1
70.1,1,1,155.6,246.6,0,0,146.1,0,0.0,2,0,2,1
42.2,0,0,102.9,268.5,0,0,122.3,0,0.6,1,0,2,1
57.4,1,0,139.5,194.0,0,1,146.9,0,0.4,1,0,1,1
52.1,1,0,127.7,251.7,0,1,161.7,1,0.0,2,1,3,0
51.4,1,1,118.4,325.5,0,1,169.3,0,0.2,2,0,2,1
62.4,0,0,122.9,206.9,0,1,163.3,0,0.0,2,0,2,1
48.2,0,2,129.4,271.2,0,1,140.0,0,0.2,2,0,2,1
58.0,1,0,140.5,194.9,0,1,147.0,0,0.4,1,0,1,1
58.0,1,0,150.8,273.2,0,0,113.5,1,0.8,2,0,3,0
59.1,1,0,162.0,170.3,1,0,90.7,0,1.0,1,2,1,0
42.0,0,2,121.8,209.0,0,1,173.2,0,0.0,1,0,2,1
58.2,1,1,125.2,225.3,0,1,144.1,0,0.4,1,4,3,1
56.3,1,1,121.6,239.5,0,1,168.8,0,0.1,0,0,2,1
41.3,1,3,139.8,202.4,0,1,177.9,1,1.4,2,0,3,1
66.6,1,0,98.6,298.8,0,0,125.3,1,0.9,1,2,2,0
46.6,0,0,138.6,246.5,0,0,150.9,1,0.0,1,0,2,1
44.3,1,1,128.6,222.9,0,0,187.7,0,0.0,2,0,2,1
44.2,1,2,120.6,227.8,0,1,170.3,0,0.0,2,0,2,1
35.1,0,0,138.2,185.6,0,1,181.7,0,1.4,2,0,2,1
57.0,1,0,110.4,202.0,0,1,125.2,1,1.5,1,0,1,1
37.8,1,3,119.7,232.0,0,1,185.0,1,3.8,1,0,3,0
61.7,0,2,129.6,257.2,0,1,96.4,0,1.2,1,1,3,0
56.9,1,0,151.6,272.3,0,1,87.9,1,1.2,1,1,3,0
53.3,0,0,129.9,262.8,0,0,144.2,0,0.3,1,0,2,1
43.8,1,1,129.5,219.7,0,0,187.0,0,0.0,2,0,2,1
44.3,1,2,120.4,224.9,0,1,169.4,0,0.1,2,0,2,1
77.0,1,0,125.3,302.4,0,0,164.1,1,0.0,2,3,2,0
65.3,0,2,160.6,362.0,0,0,151.0,0,0.8,2,0,2,1
53.0,0,2,126.2,214.4,0,0,113.8,0,0.0,2,0,0,1
34.1,1,0,121.0,199.7,0,1,128.5,1,1.6,1,0,3,0
39.2,1,0,119.5,220.0,0,1,138.7,0,1.2,1,0,3,0
59.0,1,2,124.8,219.5,1,1,133.5,0,2.2,1,1,1,0
69.2,1,1,156.4,244.4,0,0,143.6,0,0.1,2,0,2,1
38.2,1,2,136.7,175.0,0,1,172.7,0,0.0,2,4,2,1
55.6,1,2,130.0,254.8,1,0,142.5,1,0.7,1,1,1,0
48.8,0,0,129.0,275.0,0,1,160.3,0,0.0,2,0,2,1
44.2,1,1,129.0,221.7,0,0,187.3,0,0.0,2,0,2,1
43.6,1,1,130.9,217.9,0,0,188.2,0,0.0,2,0,2,1
58.6,1,2,150.0,215.8,1,1,156.4,0,1.6,2,0,2,1
54.4,1,0,109.7,207.5,0,0,109.3,1,0.0,1,1,2,0
34.3,1,3,118.7,181.4,0,0,174.3,0,0.1,2,0,2,1
56.2,1,0,129.4,286.1,1,0,105.7,1,1.6,0,0,3,0
62.7,0,0,125.0,214.1,0,1,162.4,0,0.0,2,0,2,1
65.6,0,0,178.5,225.0,1,1,165.9,1,1.0,1,2,3,0
50.9,1,0,139.0,261.9,0,0,185.0,1,0.1,2,0,2,1
59.1,1,1,140.8,222.8,0,1,162.9,1,0.1,2,0,2,1
54.5,1,2,120.9,262.7,0,0,148.7,0,0.4,1,0,3,1
42.4,1,0,131.8,248.3,1,0,143.0,1,0.2,1,4,3,0
48.6,1,0,122.1,222.2,0,0,185.8,0,0.0,2,0,2,1
77.2,1,0,126.0,309.0,0,0,162.4,1,0.0,2,3,2,0
52.4,1,3,119.0,187.3,0,0,191.1,0,0.0,1,0,1,1
59.8,0,2,120.9,178.9,1,1,94.8,0,0.1,2,0,2,1
54.7,1,0,140.6,216.1,0,1,112.2,1,5.7,0,0,3,0
57.5,1,0,151.0,276.4,0,1,86.9,1,1.2,1,1,3,0
65.2,1,0,109.3,248.1,0,0,158.0,0,0.7,2,2,1,0
54.0,0,1,132.1,289.1,1,0,156.9,1,0.0,2,1,2,1
53.6,0,2,107.8,267.2,0,0,165.7,0,0.0,2,0,2,1
41.3,1,2,130.2,181.3,0,1,150.4,0,0.1,2,0,2,1
53.1,1,0,123.7,281.9,0,1,94.6,1,2.0,1,2,3,0
57.2,1,2,150.1,125.1,1,1,173.3,0,0.3,2,1,3,1
56.7,1,0,140.3,189.6,0,1,150.6,0,0.3,1,0,1,1
62.1,1,1,127.7,209.4,1,0,138.7,0,0.0,2,0,2,1
56.3,1,1,117.9,234.2,0,1,177.3,0,0.8,2,0,2,1
45.1,1,0,116.2,260.1,0,0,185.2,0,0.0,2,0,2,1
57.4,1,0,108.8,338.9,0,1,143.4,1,2.9,1,1,3,0
34.3,0,0,139.3,188.3,0,1,181.7,0,1.3,2,0,2,1
56.5,1,0,149.9,278.0,0,0,110.8,1,0.5,1,1,1,0
56.5,1,2,130.2,255.8,1,0,142.4,1,0.5,1,1,1,0
37.0,0,2,119.3,217.4,0,1,170.7,0,0.0,2,0,2,1
69.6,1,0,146.4,170.2,0,1,125.7,1,2.5,0,0,3,0
44.2,1,1,128.8,215.5,0,0,186.2,0,0.0,2,0,2,1
45.3,1,0,104.1,212.6,0,0,150.6,1,3.0,1,0,2,1
53.8,0,2,134.7,304.3,1,1,166.3,0,0.0,2,0,2,1
66.6,1,0,119.1,229.1,0,0,128.1,1,2.6,1,2,3,0
58.6,1,2,125.3,217.2,1,1,134.9,0,2.3,1,1,1,0
56.1,1,1,125.0,259.7,0,1,140.0,0,0.4,2,0,3,0
57.5,1,0,109.9,336.6,0,1,142.6,1,3.0,1,1,3,0
56.4,1,1,121.1,232.0,0,1,178.1,0,0.7,2,0,2,1
62.9,0,0,149.6,405.9,0,0,153.7,0,4.0,1,3,3,0
60.3,0,2,120.9,182.5,1,1,94.3,0,0.0,2,0,2,1
63.3,1,2,139.8,335.3,0,1,158.4,0,0.0,2,0,2,0
45.0,0,1,111.7,162.3,0,1,139.4,0,0.0,1,0,2,1
49.6,1,2,118.6,154.1,0,0,126.4,0,0.9,2,3,2,0
59.6,1,3,159.4,272.5,0,0,125.3,0,0.0,2,0,2,0
50.0,1,2,139.3,234.2,0,1,162.9,0,0.5,1,1,3,0
66.9,1,0,100.2,298.8,0,0,124.9,1,0.8,1,2,2,0
48.9,1,2,119.4,185.2,0,1,137.7,0,2.0,1,3,3,0
50.7,1,2,100.9,221.3,0,1,141.7,1,1.1,1,0,2,1
55.9,1,0,133.4,186.6,0,0,103.4,1,2.0,1,1,1,0
63.7,1,3,110.0,210.1,0,0,141.8,1,1.8,1,0,2,1
69.9,1,1,154.6,244.9,0,0,143.7,0,0.0,2,0,2,1
56.6,0,1,130.6,344.5,0,1,165.1,0,1.2,2,0,2,1
61.1,1,0,123.4,260.4,0,0,138.0,1,2.9,1,1,3,0
43.6,0,2,119.1,245.5,0,1,148.1,0,0.3,1,1,2,1
62.3,0,2,134.7,250.9,0,0,172.7,0,0.0,2,0,2,1
59.1,1,0,171.6,322.4,0,0,141.8,1,3.5,0,0,3,0
56.2,1,1,129.9,221.3,0,0,163.4,0,0.0,2,0,3,1
41.2,0,1,105.5,199.9,0,1,167.6,0,0.0,2,1,2,1
44.9,1,0,142.2,307.1,0,0,147.4,1,0.0,1,3,3,0
44.9,1,3,109.7,267.4,0,1,132.4,0,1.1,1,0,3,0
47.3,1,0,108.4,273.4,0,0,120.3,1,1.0,1,1,2,0
63.1,0,1,141.1,190.7,0,1,179.8,0,0.0,2,2,2,1
68.3,0,2,120.2,210.2,0,0,116.0,0,1.6,1,0,2,1
58.9,1,3,169.4,286.6,0,0,157.0,0,0.2,1,0,3,0
54.9,0,0,178.8,329.2,0,2,118.6,1,3.3,1,0,2,0
58.5,1,3,169.1,286.7,0,0,159.0,0,0.2,1,0,3,0
46.8,1,0,139.9,310.5,0,1,121.4,1,1.7,1,2,3,0
40.2,1,2,129.8,214.2,0,0,169.1,0,2.0,1,0,2,1
57.6,1,2,133.4,222.9,0,0,174.9,0,3.2,2,2,3,0
44.8,1,1,120.7,219.3,0,1,171.8,0,0.0,2,0,2,1
58.1,0,3,149.0,283.4,1,0,161.4,0,1.0,2,0,2,1
45.7,1,0,143.6,306.3,0,0,146.8,1,0.0,1,3,3,0
57.2,1,0,152.6,274.8,0,1,87.8,1,1.3,1,1,3,0
61.1,1,0,148.1,201.4,0,1,161.2,0,0.0,2,1,3,0
57.7,1,0,125.1,299.1,0,0,171.1,0,0.0,2,2,3,0
53.4,0,2,108.5,215.1,0,1,156.3,0,1.6,1,0,2,1
60.1,1,0,123.3,254.0,0,0,140.1,1,2.9,1,1,3,0
51.7,1,0,110.8,229.3,0,1,157.8,0,0.0,2,1,2,0
52.4,0,0,138.7,233.1,0,0,160.7,0,0.0,2,0,2,1
57.2,0,1,130.8,231.1,0,0,174.5,0,0.1,1,1,2,0
65.4,0,2,154.5,271.3,0,1,149.3,0,0.7,2,0,2,1
57.9,1,0,146.2,224.0,0,1,106.1,0,2.0,1,1,3,0
66.9,1,0,98.5,292.1,0,0,123.7,1,0.9,1,2,2,0
43.9,1,2,120.5,225.6,0,1,169.1,0,0.0,2,0,2,1
58.8,1,1,126.3,219.3,0,1,143.6,0,0.3,1,4,3,1
53.5,1,0,109.9,241.7,0,1,126.1,1,2.8,1,1,3,0
41.5,1,2,111.0,249.7,0,1,180.7,0,0.0,2,0,2,1
62.1,0,1,140.0,199.7,0,1,178.9,0,0.0,2,2,2,1
61.2,1,2,140.2,183.5,0,0,155.9,0,3.0,1,0,2,0
62.1,1,0,119.2,266.7,0,1,98.0,1,1.9,1,2,3,0
60.5,1,0,143.8,286.6,0,0,140.7,1,2.8,1,2,3,0
56.6,1,1,155.1,231.7,0,0,164.3,0,0.1,2,1,2,0
51.1,1,0,126.3,251.4,0,1,159.0,1,0.0,2,1,3,0
43.2,0,0,132.4,338.2,1,0,137.7,1,3.0,1,0,3,0
56.4,1,2,130.7,253.7,1,0,143.4,1,0.7,1,1,1,0
62.4,0,0,150.4,410.7,0,0,153.6,0,4.1,1,3,3,0
64.8,1,0,119.9,178.3,0,1,139.5,0,0.3,2,0,3,1
50.4,1,2,109.1,177.1,0,1,123.3,0,0.6,2,0,2,1
58.0,1,0,146.0,215.9,0,1,105.6,0,2.0,1,1,3,0
56.6,1,0,151.3,273.9,0,1,88.5,1,1.2,1,1,3,0
42.5,1,0,138.2,315.0,0,1,126.0,1,1.8,1,0,1,0
65.1,0,2,140.1,416.8,1,0,157.6,0,0.8,2,1,2,1
51.2,1,0,139.5,300.7,0,1,174.8,1,1.6,2,0,3,0
52.4,0,0,136.8,230.6,0,0,160.8,0,0.0,2,0,2,1
63.5,1,3,170.0,224.1,0,0,155.6,0,0.7,1,0,3,1
52.0,1,1,129.6,206.1,1,1,182.1,0,0.0,2,0,2,1
46.0,0,2,143.8,180.3,0,0,160.5,1,1.4,0,0,2,1
74.5,0,1,119.9,264.6,0,0,122.6,1,0.2,2,1,2,1
34.1,0,0,137.5,187.6,0,1,181.1,0,1.4,2,0,2,1
56.4,1,0,140.1,187.3,0,1,148.2,0,0.4,1,0,1,1
48.5,1,0,129.3,256.9,1,0,151.1,1,0.0,2,2,3,0
49.7,1,2,123.2,240.8,1,0,166.1,0,2.4,1,0,2,1
50.0,1,0,143.8,199.7,0,0,125.9,1,0.9,1,0,3,0
46.2,1,1,100.2,200.8,1,1,159.3,0,0.0,2,0,3,1
51.3,1,0,139.0,295.4,0,1,174.3,1,1.6,2,0,3,0
57.8,1,2,104.2,237.9,0,0,153.4,1,0.5,1,0,3,1
57.1,1,0,130.5,131.9,0,1,115.5,1,1.2,1,1,3,0
42.1,0,2,119.7,210.1,0,1,174.1,0,0.0,1,0,2,1
53.8,1,0,140.0,236.3,0,1,161.4,0,1.2,2,0,2,1
58.0,1,0,128.4,258.8,0,0,129.2,1,3.0,1,2,3,0
54.2,1,0,121.3,283.3,0,0,115.8,1,3.2,1,2,2,0
65.7,0,2,141.8,421.2,1,0,157.9,0,0.8,2,1,2,1
55.9,1,0,129.7,285.5,1,0,100.9,1,1.5,0,0,3,0
49.9,1,0,143.0,202.5,0,0,126.0,1,1.0,1,0,3,0
71.5,0,2,110.0,268.3,1,0,127.4,0,0.0,2,1,2,1
40.3,1,2,130.2,210.5,0,0,167.9,0,2.1,1,0,2,1
66.0,0,3,151.1,223.3,0,1,114.2,0,2.6,0,0,2,1
44.7,1,0,104.3,207.5,0,0,146.4,1,3.0,1,0,2,1
44.8,1,0,103.0,207.5,0,0,146.8,1,3.1,1,0,2,1
66.6,0,0,179.8,232.8,1,1,163.1,1,1.1,1,2,3,0
63.0,1,3,144.7,235.8,1,0,150.3,0,2.3,0,0,1,1
54.5,1,0,121.2,290.1,0,0,116.3,1,3.2,1,2,2,0
69.1,1,3,160.6,232.9,1,0,131.4,0,0.1,1,1,2,1
57.0,0,1,138.0,319.1,1,0,150.7,0,0.0,2,2,2,0
65.1,0,2,138.9,417.6,1,0,157.4,0,0.8,2,1,2,1
48.4,1,0,123.6,272.8,0,0,166.7,0,0.5,1,0,3,0
63.6,1,0,120.5,241.8,0,0,93.7,1,2.1,0,1,2,0
46.5,0,2,142.4,177.6,0,0,158.4,1,1.4,0,0,2,1
56.9,0,0,129.9,198.5,0,1,133.1,0,0.6,1,0,2,1
63.0,0,0,123.7,191.7,0,1,137.9,1,0.0,1,0,2,0
57.3,1,0,109.7,334.9,0,1,141.4,1,3.0,1,1,3,0
54.1,0,1,131.5,291.6,1,0,157.7,1,0.0,2,1,2,1
64.4,0,0,149.8,223.4,0,0,115.1,0,1.0,1,3,3,0
41.2,0,1,124.7,301.3,0,1,161.5,0,0.1,2,0,2,1
57.3,1,0,150.5,272.4,0,0,111.5,1,0.5,1,1,1,0
43.3,0,0,132.0,340.0,1,0,136.6,1,3.0,1,0,3,0
58.8,1,3,160.0,272.3,0,0,125.9,0,0.0,2,0,2,0
43.7,1,1,121.0,222.0,0,1,169.1,0,0.0,2,0,2,1
55.3,0,1,132.0,339.9,0,1,164.8,0,1.1,2,0,2,1
40.9,1,2,110.1,249.2,0,1,179.2,0,0.0,2,0,2,1
61.4,0,0,145.5,305.6,0,0,145.3,1,1.0,1,0,3,0
64.5,1,3,138.1,286.5,1,0,175.6,0,1.4,1,1,2,0
48.1,1,0,130.7,259.6,1,0,150.5,1,0.0,2,2,3,0
60.4,1,0,146.4,204.4,0,1,161.9,0,0.0,2,1,3,0
52.6,1,0,107.3,228.5,1,1,147.0,0,0.1,2,3,3,1
54.2,1,1,192.2,281.6,0,0,196.3,0,0.0,2,1,3,0
58.3,1,0,146.3,218.9,0,1,104.7,0,2.0,1,1,3,0
62.7,1,1,118.2,279.3,0,0,103.1,0,1.4,1,1,3,0
61.4,1,1,119.0,282.7,0,0,102.1,0,1.4,1,1,3,0
68.8,0,3,138.3,238.5,0,1,149.1,0,1.7,2,2,2,1
70.6,1,1,155.7,242.9,0,0,143.0,0,0.1,2,0,2,1
56.5,1,1,120.4,235.7,0,1,178.5,0,0.7,2,0,2,1
52.3,1,0,121.4,283.6,0,1,97.0,1,2.0,1,2,3,0
58.0,1,1,123.7,220.6,0,1,145.1,0,0.3,1,4,3,1
53.6,0,2,160.7,198.6,0,1,161.9,0,0.0,2,1,2,1
44.5,0,1,130.4,233.6,0,0,174.4,0,0.5,1,0,2,1
38.2,1,3,121.2,237.1,0,1,182.6,1,3.9,1,0,3,0
41.5,0,0,133.1,339.4,1,0,137.2,1,3.1,1,0,3,0
38.7,0,2,139.7,217.0,0,1,151.5,0,0.1,1,0,2,1
54.9,0,0,127.8,204.0,0,2,129.6,1,2.1,1,1,3,0
59.3,1,3,178.0,270.5,0,0,145.0,0,4.2,0,0,3,1
61.8,1,0,120.0,268.5,0,1,98.9,1,1.8,1,2,3,0
68.4,0,2,122.2,210.9,0,0,111.3,0,1.5,1,0,2,1
46.4,1,0,139.3,314.0,0,1,119.8,1,1.8,1,2,3,0
49.8,0,1,122.5,239.1,0,1,159.8,0,1.0,2,0,2,1
41.2,1,0,137.4,313.3,0,1,123.0,1,1.8,1,0,1,0
57.9,0,0,130.2,193.4,0,1,130.9,0,0.7,1,0,2,1
57.0,1,2,112.4,227.1,0,0,163.6,0,2.5,1,1,3,0
57.7,1,1,123.6,260.4,0,1,138.8,0,0.3,2,0,3,0
62.7,0,0,159.9,163.9,0,0,145.0,0,6.0,0,3,3,0
49.6,1,2,119.6,147.0,0,0,126.1,0,0.8,2,3,2,0
49.5,1,2,118.2,148.5,0,0,127.3,0,0.8,2,3,2,0
60.2,1,0,116.9,232.2,1,1,159.6,1,1.4,2,2,3,0
57.7,0,0,139.5,243.7,0,1,123.5,1,0.2,1,0,3,0
52.4,1,2,129.9,196.3,1,0,152.2,0,1.3,0,0,2,1
54.9,1,0,133.2,349.7,0,1,132.8,1,1.2,1,1,3,0
61.7,1,1,118.8,279.6,0,0,104.0,0,1.5,1,1,3,0
57.9,0,0,100.2,245.1,0,0,122.4,0,0.9,1,0,2,1
54.6,1,0,110.6,207.2,0,0,106.3,1,0.0,1,1,2,0
53.4,1,0,109.4,202.8,0,0,109.2,1,0.0,1,1,2,0
63.0,1,0,130.5,253.0,0,0,147.5,0,1.4,1,1,3,0
65.1,0,2,160.0,361.3,0,0,150.1,0,0.8,2,0,2,1
61.3,1,0,119.4,269.2,0,1,100.3,1,1.8,1,2,3,0
60.7,0,0,143.3,309.0,0,0,144.8,1,1.0,1,0,3,0
62.0,1,2,130.7,227.5,0,1,146.3,0,1.8,1,3,3,1
44.6,1,3,109.6,266.0,0,1,132.0,0,1.2,1,0,3,0
39.7,0,2,91.6,198.9,0,1,180.4,0,0.0,2,0,2,1
59.3,0,3,150.2,241.2,0,1,170.0,0,0.8,2,0,2,1
55.8,1,1,120.8,241.9,0,1,166.7,0,0.0,0,0,2,1
34.3,0,1,118.3,208.2,0,1,192.3,0,0.7,2,0,2,1
68.4,0,2,119.2,211.9,0,0,114.1,0,1.6,1,0,2,1
68.6,1,2,182.0,274.1,1,0,149.6,1,1.7,1,0,3,0
56.3,0,0,133.4,412.5,0,0,150.4,1,1.9,1,2,3,0
48.7,1,1,130.5,243.8,0,0,176.2,0,0.1,1,0,2,1
65.2,1,3,137.4,281.7,1,0,171.7,0,1.4,1,1,2,0
58.2,1,3,176.7,272.8,0,0,145.8,0,4.1,0,0,3,1
55.8,1,0,159.7,290.7,0,0,146.1,1,0.8,1,1,3,0
49.4,1,1,130.5,263.4,0,1,171.9,0,0.6,2,0,2,1
58.5,1,0,168.3,332.3,0,0,140.2,1,3.4,0,0,3,0
40.1,1,0,153.6,223.4,0,1,180.1,0,0.1,2,0,3,0
71.4,0,2,110.7,265.7,1,0,129.3,0,0.0,2,1,2,1
64.2,0,0,131.4,303.6,0,1,121.2,0,2.0,1,2,2,1
52.9,0,0,128.5,266.7,0,0,142.3,0,0.4,1,0,2,1
56.2,1,1,120.6,234.8,0,1,168.4,0,0.0,0,0,2,1
70.0,1,2,160.4,266.8,0,1,111.4,1,2.9,1,1,3,0
56.6,1,2,149.5,129.1,1,1,174.1,0,0.2,2,1,3,1
41.2,1,1,118.9,160.4,0,1,182.5,0,0.0,2,0,2,1
53.6,1,0,111.3,208.2,0,0,107.6,1,0.0,1,1,2,0
42.8,0,0,131.8,343.3,1,0,136.3,1,3.1,1,0,3,0
54.5,1,0,132.8,350.9,0,1,132.1,1,1.2,1,1,3,0
64.5,1,0,128.0,262.7,0,1,104.5,1,0.2,1,1,3,1
57.4,1,0,150.5,269.1,0,0,110.7,1,0.9,2,0,3,0
63.0,1,0,130.3,330.1,1,0,133.4,1,1.8,2,3,3,0
42.5,1,0,138.4,229.4,0,1,178.9,0,0.0,2,0,2,1
54.2,1,0,111.1,236.0,0,1,124.4,1,2.8,1,1,3,0
59.3,0,0,173.1,246.1,0,1,143.0,1,0.0,1,0,2,0
65.7,1,0,118.3,241.6,0,1,70.9,0,1.0,1,0,2,0
63.7,0,0,179.6,327.8,0,1,154.0,1,0.0,2,0,2,1
68.8,1,2,138.6,258.4,0,0,146.4,0,2.1,1,3,3,0
54.2,1,2,119.9,260.7,0,0,147.6,0,0.3,1,0,3,1
38.3,1,2,137.4,172.4,0,1,173.3,0,0.0,2,4,2,1
57.7,1,2,112.0,230.2,0,0,166.9,0,2.5,1,1,3,0
59.7,1,0,130.0,252.0,0,1,142.8,1,1.4,2,1,3,0
66.7,1,0,161.9,285.4,0,0,107.5,1,1.5,1,3,2,0
59.8,1,0,139.7,292.0,0,0,170.5,0,1.2,1,2,3,0
51.3,1,2,140.2,224.9,0,1,168.6,0,0.0,2,4,2,1
63.9,1,3,145.0,237.1,1,0,148.1,0,2.3,0,0,1,1
49.8,1,2,128.8,194.4,0,1,165.3,0,0.0,2,0,2,1
52.0,1,1,127.9,205.6,1,1,184.0,0,0.1,2,0,2,1
58.2,1,1,125.7,218.1,0,1,142.8,0,0.5,1,4,3,1
57.5,1,0,125.6,301.1,0,0,171.6,0,0.0,2,2,3,0
66.3,0,0,107.4,226.6,0,1,142.3,0,0.2,2,2,2,1
37.8,1,3,120.1,230.1,0,1,181.6,1,3.7,1,0,3,0
65.6,0,2,146.3,279.1,0,0,151.0,0,0.1,1,1,2,1
48.2,1,1,130.1,248.6,0,0,180.7,0,0.2,1,0,2,1
41.9,1,0,134.9,314.2,0,1,126.1,1,1.9,1,0,1,0
56.8,1,0,110.1,333.4,0,1,142.7,1,3.0,1,1,3,0
42.7,0,0,133.3,341.0,1,0,135.7,1,3.0,1,0,3,0
39.0,1,2,137.1,175.6,0,1,174.2,0,0.0,2,4,2,1
56.6,1,2,149.6,126.6,1,1,173.0,0,0.3,2,1,3,1
54.5,0,1,132.1,281.6,1,0,158.7,1,0.0,2,1,2,1
59.6,0,0,172.5,252.7,0,1,143.5,1,0.0,1,0,2,0
61.2,1,1,119.7,281.0,0,0,102.1,0,1.3,1,1,3,0
55.7,1,0,131.1,288.1,1,0,103.8,1,1.6,0,0,3,0
38.5,0,2,93.8,199.8,0,1,177.5,0,0.0,2,0,2,1
61.3,0,0,143.8,311.9,0,0,144.6,1,1.0,1,0,3,0
64.4,1,0,145.1,213.2,0,0,133.0,0,2.0,1,2,1,0
64.7,1,3,110.1,212.3,0,0,143.1,1,1.7,1,0,2,1
66.9,1,2,151.1,209.9,0,0,148.5,0,0.8,1,0,3,0
50.7,1,3,125.9,211.9,0,0,124.2,1,1.4,2,1,2,1
48.1,1,0,125.7,272.5,0,0,166.0,0,0.4,1,0,3,0
68.3,1,2,179.1,273.5,1,0,152.0,1,1.6,1,0,3,0
58.7,1,0,142.2,175.5,0,1,161.8,1,0.0,2,1,3,0
49.4,0,1,133.4,269.7,0,1,162.8,0,0.0,1,0,2,1
58.7,1,2,105.9,239.5,0,0,153.7,1,0.6,1,0,3,1
50.0,1,2,128.0,195.4,0,1,161.8,0,0.0,2,0,2,1
50.2,1,0,143.4,203.2,0,0,127.2,1,0.9,1,0,3,0
50.9,1,3,124.5,213.2,0,0,125.6,1,1.4,2,1,2,1
46.7,1,0,112.3,206.6,0,1,143.4,0,0.1,2,0,2,1
59.8,1,0,116.3,229.7,1,1,159.0,1,1.3,2,2,3,0
53.8,1,1,107.9,313.7,0,1,155.9,0,0.0,2,0,3,1
42.6,1,0,151.4,244.1,0,1,170.9,0,1.6,2,0,2,1
43.9,1,2,140.2,234.7,0,0,181.4,0,0.0,2,0,2,1
44.0,0,2,117.7,245.3,0,1,150.1,0,0.2,1,1,2,1
54.2,0,2,159.8,198.6,0,1,164.1,0,0.0,2,1,2,1
65.1,0,2,155.6,273.9,0,1,148.0,0,0.7,2,0,2,1
51.9,1,1,132.0,199.8,0,1,157.8,0,0.8,2,1,2,1
58.4,1,0,128.0,217.5,0,0,130.9,1,2.2,1,3,3,0
59.2,0,0,173.8,252.9,0,1,143.9,1,0.0,1,0,2,0
60.1,0,0,150.2,259.1,0,0,156.7,0,2.7,1,2,3,0
67.1,0,0,105.7,224.7,0,1,142.7,0,0.3,2,2,2,1
38.4,1,2,140.7,326.6,0,0,181.5,0,0.0,2,0,2,1
56.8,1,0,140.3,191.9,0,1,151.5,0,0.3,1,0,1,1
55.6,1,0,133.1,353.8,0,1,131.5,1,1.2,1,1,3,0
58.1,0,1,135.1,319.3,1,0,151.6,0,0.0,2,2,2,0
42.0,1,2,130.6,177.7,0,1,148.3,0,0.1,2,0,2,1
51.6,1,3,119.4,187.1,0,0,188.6,0,0.0,1,0,1,1
59.9,0,2,101.1,320.6,0,1,161.0,0,0.0,2,1,2,1
58.6,0,1,136.0,318.6,1,0,151.9,0,0.0,2,2,2,0
61.1,1,2,149.3,247.2,1,1,135.9,1,1.1,1,0,2,1
61.0,1,0,148.0,201.1,0,1,159.6,0,0.0,2,1,3,0
52.4,1,1,133.3,199.8,0,1,158.5,0,0.8,2,1,2,1
56.1,1,1,118.5,244.0,0,1,168.4,0,0.0,0,0,2,1
55.4,0,1,130.6,342.4,0,1,166.9,0,1.2,2,0,2,1
41.1,1,1,136.0,203.3,0,1,130.9,0,0.1,1,0,1,1
45.5,1,1,128.6,310.1,0,0,171.8,0,0.0,2,0,2,1
61.5,0,0,124.9,209.3,0,1,162.9,0,0.0,2,0,2,1
58.0,1,2,132.0,223.0,0,0,173.2,0,3.2,2,2,3,0
53.5,1,2,125.0,267.9,0,0,150.4,0,0.4,0,1,2,1
63.8,1,0,127.3,263.6,0,1,102.9,1,0.2,1,1,3,1
56.9,0,0,128.4,306.1,0,0,160.1,0,0.0,2,1,2,1
44.2,0,2,117.2,244.3,0,1,149.8,0,0.4,1,1,2,1
56.5,1,0,140.7,193.4,0,1,148.4,0,0.4,1,0,1,1
42.6,0,0,100.8,261.7,0,0,120.7,0,0.5,1,0,2,1
65.5,1,0,160.0,226.0,0,0,138.5,0,2.3,2,0,1,1
39.5,1,0,108.7,165.6,0,0,115.4,1,2.0,1,0,3,0
55.5,0,0,180.5,329.7,0,2,117.2,1,3.4,1,0,2,0
41.9,0,0,103.6,263.1,0,0,121.0,0,0.6,1,0,2,1
60.2,1,0,116.9,234.3,1,1,160.9,1,1.5,2,2,3,0
60.0,1,0,130.3,201.4,0,0,131.5,1,2.3,1,2,3,0
57.3,1,2,105.1,237.6,0,0,155.0,1,0.6,1,0,3,1
51.9,1,2,172.7,191.8,1,1,161.4,0,0.5,2,0,3,1
54.1,1,2,121.0,257.0,0,0,146.2,0,0.4,1,0,3,1
49.1,1,2,118.0,151.4,0,0,127.0,0,0.8,2,3,2,0
44.5,1,0,121.2,164.1,0,1,142.9,1,2.8,0,0,1,0
52.3,1,3,117.1,185.2,0,0,190.0,0,0.1,1,0,1,1
70.0,1,0,144.5,170.9,0,1,124.7,1,2.7,0,0,3,0
57.8,1,2,129.2,224.5,0,0,151.3,0,0.2,1,1,3,0
59.9,1,0,124.7,255.1,0,0,142.5,1,2.8,1,1,3,0
62.6,0,2,133.0,253.1,0,0,173.8,0,0.0,2,0,2,1
44.2,0,2,107.8,141.9,0,1,173.6,0,0.5,1,0,2,1
56.8,1,0,108.6,334.3,0,1,143.7,1,2.9,1,1,3,0
53.5,1,0,139.5,205.1,1,0,155.2,1,3.0,0,0,3,0
39.7,1,0,151.7,228.1,0,1,179.9,0,0.0,2,0,3,0
46.3,1,0,119.0,248.2,0,0,141.5,0,0.8,2,0,3,0
43.5,1,1,120.3,220.4,0,1,168.7,0,0.0,2,0,2,1
41.4,0,0,101.1,265.6,0,0,119.6,0,0.6,1,0,2,1
55.4,1,0,158.7,289.6,0,0,144.9,1,0.8,1,1,3,0
66.7,0,0,177.3,222.0,1,1,166.1,1,1.0,1,2,3,0
58.8,1,0,111.7,237.9,0,0,143.3,1,1.3,1,1,3,0
67.8,1,2,152.6,211.6,0,0,150.9,0,0.9,1,0,3,0
35.6,0,0,138.3,181.2,0,1,183.5,0,1.3,2,0,2,1
44.7,1,2,139.1,235.5,0,0,179.7,0,0.1,2,0,2,1
60.9,1,0,148.9,200.3,0,1,159.8,0,0.1,2,1,3,0
47.2,1,0,113.0,200.0,0,1,142.3,0,0.1,2,0,2,1
48.7,1,2,118.3,147.2,0,0,125.2,0,0.8,2,3,2,0
55.3,0,0,134.2,408.8,0,0,149.0,1,1.9,1,2,3,0
52.5,1,0,123.4,212.1,0,1,165.4,0,0.9,2,2,3,0
44.9,0,1,110.7,163.2,0,1,138.2,0,0.0,1,0,2,1
53.3,1,1,107.4,305.3,0,1,156.2,0,0.0,2,0,3,1
65.5,1,0,109.7,247.8,0,0,156.4,0,0.6,2,2,1,0
43.5,1,0,108.1,194.9,0,0,176.2,0,0.0,2,1,2,0
59.0,1,3,159.2,273.3,0,0,123.1,0,0.0,2,0,2,0
55.1,1,0,109.6,210.6,0,0,106.3,1,0.0,1,1,2,0
61.8,1,0,137.1,164.4,0,0,126.2,1,3.6,1,1,2,0
49.7,1,1,129.4,264.5,0,1,171.6,0,0.7,2,0,2,1
60.2,0,3,150.7,233.2,0,1,170.1,0,0.8,2,0,2,1
59.4,1,0,125.2,256.5,0,0,140.7,1,2.7,1,1,3,0
47.3,1,2,138.9,255.6,0,0,156.9,0,0.0,2,0,2,1
42.4,1,2,130.3,180.0,0,1,149.4,0,0.1,2,0,2,1
48.4,1,0,129.6,253.0,1,0,150.3,1,0.0,2,2,3,0
54.4,0,2,135.3,305.0,1,1,170.7,0,0.0,2,0,2,1
59.9,1,0,140.3,293.2,0,0,169.8,0,1.2,1,2,3,0
67.4,1,2,179.9,272.6,1,0,148.5,1,1.5,1,0,3,0
35.1,1,0,124.7,281.8,0,0,155.7,1,0.1,2,0,3,0
50.7,1,0,139.1,297.3,0,1,172.8,1,1.6,2,0,3,0
52.0,1,0,108.9,235.6,1,1,146.5,0,0.1,2,3,3,1
40.7,0,1,126.0,308.8,0,1,163.5,0,0.0,2,0,2,1
57.3,1,2,127.1,233.6,0,0,149.5,0,0.4,1,1,3,0
53.6,1,1,191.7,284.7,0,0,193.8,0,0.1,2,1,3,0
56.0,1,1,119.5,240.2,0,1,167.0,0,0.0,0,0,2,1
65.2,1,0,111.0,248.9,0,0,158.3,0,0.7,2,2,1,0
53.9,1,1,192.2,282.3,0,0,194.5,0,0.0,2,1,3,0
48.6,1,2,118.5,145.2,0,0,127.0,0,0.8,2,3,2,0
67.5,0,2,118.7,214.4,0,0,111.2,0,1.5,1,0,2,1
53.9,1,0,121.2,287.3,0,0,114.8,1,3.2,1,2,2,0
58.2,1,2,140.6,206.7,1,0,164.6,0,0.0,2,0,2,1
56.8,1,0,165.1,285.7,1,0,124.8,0,1.0,1,3,3,0
55.2,1,2,130.0,258.8,1,0,142.5,1,0.6,1,1,1,0
62.9,1,0,130.7,248.1,0,0,145.9,0,1.5,1,1,3,0
63.7,0,2,138.8,311.0,0,1,132.7,0,0.2,2,0,3,1
64.5,0,0,150.6,226.2,0,0,114.8,0,1.0,1,3,3,0
61.3,0,0,151.4,238.2,0,1,152.9,1,1.4,1,0,2,0
40.4,1,0,110.4,169.9,0,0,114.8,1,2.0,1,0,3,0
43.5,1,0,150.7,242.3,0,1,172.5,0,1.5,2,0,2,1
58.5,0,1,136.5,319.4,1,0,150.8,0,0.0,2,2,2,0
64.3,0,0,149.3,227.5,0,0,111.9,0,1.0,1,3,3,0
46.7,1,0,109.8,276.6,0,0,118.6,1,0.9,1,1,2,0
66.9,0,0,177.1,230.9,1,1,164.0,1,1.0,1,2,3,0
44.0,1,1,128.8,221.2,0,0,186.9,0,0.0,2,0,2,1
54.0,1,0,124.2,262.9,0,0,106.0,1,2.2,1,1,3,0
53.9,1,0,110.8,205.7,0,0,108.0,1,0.0,1,1,2,0
42.2,1,2,131.1,182.8,0,1,147.4,0,0.1,2,0,2,1
60.5,0,3,148.8,240.3,0,1,170.8,0,1.0,2,0,2,1
52.4,0,2,136.0,195.9,0,0,168.2,0,0.0,1,0,2,1
71.1,0,2,111.3,267.3,1,0,132.5,0,0.0,2,1,2,1
51.9,1,0,124.7,216.4,0,1,167.8,0,0.9,2,2,3,0
56.4,0,1,129.9,236.5,0,0,175.2,0,0.0,1,1,2,0
66.8,1,0,99.9,300.6,0,0,123.1,1,0.9,1,2,2,0
47.6,1,0,122.3,221.1,0,0,186.1,0,0.0,2,0,2,1
40.7,1,1,120.5,155.8,0,1,181.5,0,0.0,2,0,2,1
33.8,1,3,117.6,181.8,0,0,175.1,0,0.0,2,0,2,1
59.0,1,0,170.5,320.4,0,0,141.4,1,3.5,0,0,3,0
55.3,1,0,161.2,288.7,0,0,146.8,1,0.7,1,1,3,0
57.7,1,0,146.7,217.1,0,1,105.6,0,2.0,1,1,3,0
61.3,0,0,144.4,308.2,0,0,144.7,1,0.9,1,0,3,0
51.1,1,3,124.6,213.4,0,0,126.0,1,1.4,2,1,2,1
56.6,1,2,127.7,230.9,0,0,147.5,0,0.4,1,1,3,0
58.8,1,0,109.8,240.5,0,0,141.8,1,1.2,1,1,3,0
52.3,0,2,126.7,212.3,0,0,115.6,0,0.0,2,0,0,1
76.2,0,2,139.5,196.8,0,2,119.2,0,1.2,1,0,2,1
58.8,1,0,146.8,217.0,0,1,106.8,0,2.0,1,1,3,0
54.4,0,2,107.5,265.5,0,0,166.3,0,0.0,2,0,2,1
34.6,0,1,118.9,207.3,0,1,192.6,0,0.7,2,0,2,1
57.9,0,0,101.5,248.1,0,0,120.6,0,0.9,1,0,2,1
62.2,0,0,140.0,264.1,0,0,161.2,0,3.6,0,2,2,0
58.6,1,3,135.0,203.0,0,1,162.8,0,0.8,2,2,2,0
53.4,0,2,136.9,307.9,1,1,170.4,0,0.0,2,0,2,1
67.3,1,0,119.9,229.8,0,0,128.8,1,2.6,1,2,3,0
59.1,1,3,169.9,284.1,0,0,156.9,0,0.2,1,0,3,0
46.0,0,0,139.3,244.6,0,0,151.5,1,0.0,1,0,2,1
41.9,1,0,139.3,225.8,0,1,179.5,0,0.0,2,0,2,1
58.6,1,0,146.5,217.2,0,1,102.1,0,1.9,1,1,3,0
39.7,0,2,138.0,214.8,0,1,151.9,0,0.0,1,0,2,1
40.8,1,2,129.6,213.5,0,0,167.6,0,2.0,1,0,2,1
61.9,1,0,147.0,206.4,0,1,159.9,0,0.1,2,1,3,0
62.1,0,0,137.5,297.5,1,1,107.1,0,1.9,1,3,2,0
58.7,1,0,123.6,304.4,0,0,170.2,0,0.0,2,2,3,0
49.2,1,2,120.4,145.5,0,0,127.2,0,0.9,2,3,2,0
59.5,1,0,141.9,297.3,0,0,169.1,0,1.3,1,2,3,0
43.6,1,1,119.7,220.3,0,1,169.5,0,0.0,2,0,2,1
42.9,1,2,119.1,237.1,1,1,192.9,0,0.8,0,0,3,1
61.9,1,0,120.7,266.2,0,1,99.3,1,1.8,1,2,3,0
50.3,1,2,129.4,196.0,0,1,163.0,0,0.0,2,0,2,1
58.5,1,1,125.8,222.2,0,1,143.6,0,0.4,1,4,3,1
51.6,1,0,129.3,251.8,0,1,161.6,1,0.0,2,1,3,0
53.2,1,0,123.7,282.5,0,1,92.9,1,2.0,1,2,3,0
43.5,1,1,128.8,218.8,0,0,188.5,0,0.0,2,0,2,1
45.8,1,2,151.1,224.5,0,1,146.8,0,3.6,1,0,2,0
53.2,0,2,128.4,214.6,0,0,113.4,0,0.0,2,0,0,1
62.8,0,0,137.4,293.4,1,1,104.5,0,1.9,1,3,2,0
43.2,1,2,130.1,315.5,0,1,162.2,0,1.9,2,1,2,1
43.4,1,2,119.1,226.8,0,1,168.9,0,0.0,2,0,2,1
62.1,1,2,130.8,226.8,0,1,145.4,0,1.9,1,3,3,1
57.2,1,2,127.6,227.1,0,0,148.5,0,0.4,1,1,3,0
69.7,1,0,130.3,326.1,0,0,107.5,0,2.5,1,3,2,0
49.9,1,0,144.6,198.5,0,0,125.5,1,0.9,1,0,3,0
62.0,0,0,125.4,211.0,0,1,162.2,0,0.0,2,0,2,1
47.3,1,2,108.0,244.1,0,1,153.1,0,0.0,2,0,2,0
51.9,1,2,171.4,198.4,1,1,162.8,0,0.5,2,0,3,1
56.9,1,0,110.3,332.5,0,1,142.8,1,3.0,1,1,3,0
67.9,0,2,118.3,214.8,0,0,116.0,0,1.5,1,0,2,1
57.5,1,0,110.6,192.7,0,1,126.9,1,1.4,1,0,1,1
58.2,1,0,101.0,230.8,0,1,153.9,0,0.1,2,1,3,0
51.5,0,2,129.5,256.4,0,0,147.9,0,0.5,2,0,2,1
57.9,1,0,144.9,218.2,0,1,108.0,0,2.0,1,1,3,0
51.3,1,3,124.9,209.7,0,0,125.5,1,1.6,2,1,2,1
44.5,1,1,121.5,262.2,0,1,170.8,0,0.1,2,0,3,1
55.7,1,0,140.6,217.7,0,1,110.8,1,5.6,0,0,3,0
68.8,1,2,139.6,252.8,0,0,145.9,0,1.9,1,3,3,0
34.7,0,0,138.0,185.4,0,1,182.6,0,1.3,2,0,2,1
53.8,1,0,108.0,206.2,0,0,110.7,1,0.1,1,1,2,0
63.0,1,3,145.7,231.8,1,0,149.4,0,2.4,0,0,1,1
61.8,0,0,140.6,269.2,0,0,159.4,0,3.7,0,2,2,0
51.8,1,3,116.5,182.6,0,0,192.2,0,0.0,1,0,1,1
51.2,1,2,124.5,240.1,1,0,168.2,0,2.5,1,0,2,1
65.0,1,2,125.1,305.7,0,1,129.0,1,1.8,1,0,3,0
64.0,1,2,141.3,335.9,0,1,157.7,0,0.1,2,0,2,0
50.6,0,2,119.7,294.1,0,0,157.1,0,0.6,2,0,2,1
76.3,0,2,140.6,197.9,0,2,116.7,0,1.1,1,0,2,1
47.1,1,2,137.0,258.5,0,0,156.5,0,0.1,2,0,2,1
44.2,0,1,113.2,161.8,0,1,138.8,0,0.0,1,0,2,1
61.3,1,0,120.5,256.9,0,1,142.8,1,3.6,1,1,3,0
34.9,1,1,121.4,189.3,0,1,175.0,0,0.0,2,0,2,1
54.3,1,2,123.9,274.2,0,0,151.1,0,0.5,0,1,2,1
44.8,1,1,127.7,303.4,0,0,170.2,0,0.0,2,0,2,1
58.0,0,1,135.9,318.1,1,0,151.8,0,0.0,2,2,2,0
62.2,1,1,126.9,209.6,1,0,137.5,0,0.0,2,0,2,1
57.3,1,1,124.8,261.7,0,1,139.6,0,0.4,2,0,3,0
63.1,1,0,130.4,329.5,1,0,131.0,1,1.7,2,3,3,0
61.4,1,1,120.7,281.9,0,0,104.4,0,1.4,1,1,3,0
45.6,0,2,140.8,181.8,0,0,159.5,1,1.4,0,0,2,1
65.3,1,0,119.9,179.9,0,1,142.1,0,0.4,2,0,3,1
62.9,1,0,129.9,256.0,0,0,147.7,0,1.4,1,1,3,0
64.2,0,2,140.4,314.6,0,1,133.9,0,0.2,2,0,3,1
60.0,1,2,149.5,213.2,1,1,154.7,0,1.6,2,0,2,1
58.1,1,0,148.5,270.7,0,0,109.1,1,0.8,2,0,3,0
69.9,1,1,155.3,243.9,0,0,142.3,0,0.0,2,0,2,1
57.8,1,0,149.7,269.6,0,0,110.6,1,0.9,2,0,3,0
67.9,0,0,105.4,224.9,0,1,139.7,0,0.3,2,2,2,1
54.3,0,0,179.8,322.7,0,2,117.1,1,3.4,1,0,2,0
49.0,1,2,118.7,190.7,0,1,138.5,0,1.9,1,3,3,0
67.0,1,2,152.7,213.6,0,0,151.6,0,0.8,1,0,3,0
68.3,0,2,119.0,206.5,0,0,115.8,0,1.5,1,0,2,1
39.4,0,2,137.2,224.2,0,1,151.8,0,0.0,1,0,2,1
73.5,0,1,119.9,270.6,0,0,119.1,1,0.1,2,1,2,1
50.8,1,2,102.0,223.7,0,1,142.3,1,1.2,1,0,2,1
52.3,1,0,128.0,206.6,1,1,153.3,1,1.1,1,0,0,0
58.6,1,0,112.9,316.4,0,2,139.2,0,4.4,0,3,1,0
44.6,1,0,113.8,263.4,0,0,186.5,0,0.0,2,0,2,1
66.7,0,2,114.8,559.6,0,0,159.2,0,1.6,1,0,3,1
53.4,0,0,129.4,264.3,0,0,141.8,0,0.4,1,0,2,1
59.5,1,3,169.5,290.6,0,0,160.1,0,0.1,1,0,3,0
43.7,1,0,112.3,290.6,0,0,152.4,0,0.0,2,1,2,0
44.3,1,2,119.2,222.4,0,1,170.2,0,0.0,2,0,2,1
58.2,1,1,124.0,223.8,0,1,142.4,0,0.4,1,4,3,1
53.5,1,2,125.9,276.9,0,0,152.5,0,0.6,0,1,2,1
43.5,0,2,119.2,240.2,0,1,148.6,0,0.3,1,1,2,1
47.5,1,1,109.9,225.5,0,1,166.3,0,1.0,0,0,3,0
41.3,1,2,111.7,251.3,0,1,179.2,0,0.0,2,0,2,1
60.6,0,0,129.2,325.2,0,0,168.7,0,0.0,2,0,2,0
56.9,1,2,128.5,231.4,0,0,151.0,0,0.4,1,1,3,0
70.5,0,0,112.3,147.1,0,1,124.8,0,1.6,1,0,2,1
58.3,0,3,150.2,285.7,1,0,160.4,0,1.0,2,0,2,1
41.3,1,0,134.3,316.0,0,1,126.3,1,1.7,1,0,1,0
61.1,1,1,127.9,209.5,1,0,139.0,0,0.0,2,0,2,1
38.9,0,2,92.4,198.5,0,1,180.0,0,0.0,2,0,2,1
65.5,0,2,138.8,417.3,1,0,157.4,0,0.8,2,1,2,1
62.4,0,0,137.9,290.9,1,1,106.2,0,1.9,1,3,2,0
52.0,1,1,127.4,210.9,1,1,185.2,0,0.0,2,0,2,1
59.3,1,0,138.2,181.5,0,1,162.4,1,0.0,2,1,3,0
54.1,1,1,109.0,308.3,0,1,154.6,0,0.1,2,0,3,1
65.4,1,0,110.1,248.2,0,0,159.7,0,0.6,2,2,1,0
39.9,1,0,152.0,221.5,0,1,181.8,0,0.0,2,0,3,0
38.1,1,3,120.2,228.4,0,1,180.7,1,3.8,1,0,3,0
39.1,0,2,94.1,194.5,0,1,180.2,0,0.0,2,0,2,1
63.7,0,2,140.2,318.3,0,1,130.7,0,0.2,2,0,3,1
67.7,1,0,125.5,254.2,1,1,165.5,0,0.2,1,2,3,0
62.5,1,0,129.4,336.0,1,0,133.7,1,1.8,2,3,3,0
47.2,1,0,111.3,207.2,0,1,143.4,0,0.1,2,0,2,1
62.5,0,0,123.7,197.4,0,1,135.8,1,0.0,1,0,2,0
66.8,1,2,150.6,209.9,0,0,149.0,0,0.6,1,0,3,0
54.3,1,2,125.1,274.2,0,0,152.2,0,0.4,0,1,2,1
49.6,1,2,117.9,147.3,0,0,129.2,0,0.8,2,3,2,0
50.5,1,0,140.5,297.6,0,1,123.7,1,4.2,1,3,3,0
51.1,0,2,118.8,290.3,0,0,159.5,0,0.6,2,0,2,1
58.1,0,0,130.1,199.6,0,1,131.1,0,0.5,1,0,2,1
46.2,1,0,113.2,205.6,0,1,141.2,0,0.1,2,0,2,1
29.1,1,1,129.4,206.5,0,0,201.7,0,0.0,2,0,2,1
49.7,0,2,119.0,216.4,0,1,156.6,0,1.6,1,0,2,1
62.7,1,3,145.4,234.6,1,0,150.3,0,2.3,0,0,1,1
51.1,1,0,140.2,260.6,0,0,186.8,1,0.0,2,0,2,1
61.8,1,1,128.0,208.6,1,0,139.7,0,0.0,2,0,2,1
65.0,0,2,159.1,358.1,0,0,152.8,0,0.9,2,0,2,1
43.7,1,0,115.4,303.2,0,1,180.7,0,1.2,1,0,2,1
70.3,1,2,161.2,272.7,0,1,111.4,1,2.9,1,1,3,0
55.0,1,0,158.5,289.5,0,0,145.7,1,0.8,1,1,3,0
63.7,0,2,135.0,253.2,0,0,172.9,0,0.0,2,0,2,1
44.7,1,0,102.2,206.4,0,0,147.0,1,3.0,1,0,2,1
43.8,1,2,120.3,227.5,0,1,169.8,0,0.0,2,0,2,1
60.6,1,0,116.8,230.0,1,1,157.8,1,1.3,2,2,3,0
59.5,1,1,139.7,223.4,0,1,162.4,1,0.0,2,0,2,1
69.2,1,2,139.8,250.3,0,0,147.6,0,2.0,1,3,3,0
55.9,0,0,199.4,289.9,1,0,133.2,1,4.1,0,2,3,0
55.8,1,1,120.1,242.0,0,1,179.1,0,0.8,2,0,2,1
60.6,1,0,137.5,166.8,0,0,124.1,1,3.7,1,1,2,0
63.8,0,2,134.9,251.8,0,0,170.5,0,0.0,2,0,2,1
56.7,1,0,129.6,127.6,0,1,113.9,1,1.2,1,1,3,0
47.0,1,0,109.0,275.5,0,0,117.7,1,0.9,1,1,2,0
51.1,0,0,129.6,307.9,0,1,142.0,1,1.3,1,0,3,0
40.9,1,1,120.5,157.4,0,1,184.0,0,0.0,2,0,2,1
49.1,0,0,108.3,255.6,0,0,159.8,0,0.0,2,0,2,1
59.7,1,3,179.0,269.7,0,0,145.1,0,4.3,0,0,3,1
47.0,1,2,139.8,258.2,0,0,156.5,0,0.0,2,0,2,1
43.8,1,2,119.3,224.6,0,1,167.6,0,0.0,2,0,2,1
61.0,1,3,134.8,234.0,0,1,144.6,0,2.6,1,2,2,0
37.8,1,3,120.1,232.0,0,1,181.2,1,3.8,1,0,3,0
52.5,1,0,108.2,233.0,1,1,147.6,0,0.2,2,3,3,1
41.7,1,1,118.6,291.5,0,1,162.2,0,0.0,2,0,2,1
41.1,1,1,109.3,237.9,0,1,153.0,0,0.0,2,0,2,1
61.7,1,1,119.0,275.6,0,0,102.4,0,1.4,1,1,3,0
54.1,1,0,108.8,203.8,0,0,109.1,1,0.0,1,1,2,0
58.2,1,2,149.9,209.4,1,1,156.8,0,1.5,2,0,2,1
41.9,1,0,138.8,231.2,0,1,179.7,0,0.0,2,0,2,1
35.1,0,0,139.6,183.4,0,1,182.4,0,1.4,2,0,2,1
59.4,1,0,170.3,323.1,0,0,138.8,1,3.4,0,0,3,0
41.0,1,1,119.3,155.6,0,1,181.2,0,0.0,2,0,2,1
36.8,0,2,119.5,211.2,0,1,171.3,0,0.1,2,0,2,1
60.1,0,2,103.8,315.3,0,1,160.5,0,0.0,2,1,2,1
63.8,1,3,108.1,211.3,0,0,144.9,1,1.8,1,0,2,1
57.4,1,2,105.2,243.3,0,0,154.1,1,0.6,1,0,3,1
50.9,1,2,109.7,170.7,0,1,122.6,0,0.6,2,0,2,1
61.2,1,0,139.7,206.0,0,0,139.2,1,1.9,2,1,3,0
50.5,1,2,109.3,173.7,0,1,124.0,0,0.6,2,0,2,1
58.1,1,0,100.5,232.3,0,1,154.1,0,0.1,2,1,3,0
55.7,1,0,132.2,352.7,0,1,133.2,1,1.2,1,1,3,0
53.6,1,2,129.8,244.7,1,0,172.5,0,0.0,2,3,2,1
49.6,0,0,110.9,255.5,0,0,158.7,0,0.0,2,0,2,1
52.6,1,2,130.3,193.2,1,0,152.5,0,1.1,0,0,2,1
44.9,1,1,127.4,311.0,0,0,169.0,0,0.1,2,0,2,1
43.2,1,2,130.0,310.2,0,1,161.0,0,2.0,2,1,2,1
46.2,0,1,106.1,204.4,0,1,172.1,0,0.0,2,0,2,1
46.0,1,0,123.3,251.6,0,0,144.4,0,0.9,2,0,3,0
46.2,1,0,110.9,278.3,0,0,118.0,1,1.0,1,1,2,0
45.3,1,0,120.9,250.3,0,0,145.0,0,0.9,2,0,3,0
64.2,0,2,160.4,360.7,0,0,151.2,0,0.8,2,0,2,1
46.0,1,0,109.6,271.4,0,0,118.4,1,0.9,1,1,2,0
54.5,1,2,149.3,236.0,0,0,166.1,0,1.7,2,0,3,1
57.2,1,2,112.0,224.2,0,0,164.1,0,2.4,1,1,3,0
56.3,1,1,129.0,218.7,0,0,163.4,0,0.0,2,0,3,1
56.3,1,2,130.3,250.9,1,0,141.7,1,0.6,1,1,1,0
66.2,1,0,159.1,225.8,0,0,139.5,0,2.3,2,0,1,1
40.6,1,2,111.9,250.0,0,1,180.4,0,0.0,2,0,2,1
46.8,1,0,120.1,249.0,0,0,143.7,0,0.9,2,0,3,0
50.5,1,2,123.6,246.2,1,0,166.4,0,2.4,1,0,2,1
59.6,1,0,117.4,231.0,1,1,160.9,1,1.3,2,2,3,0
52.8,1,0,121.5,282.6,0,1,93.9,1,2.0,1,2,3,0
52.5,0,2,135.3,199.4,0,0,171.5,0,0.1,1,0,2,1
74.1,0,1,119.7,268.3,0,0,121.8,1,0.2,2,1,2,1
66.5,1,0,120.1,229.6,0,0,126.4,1,2.6,1,2,3,0
40.1,1,1,135.3,207.3,0,1,131.1,0,0.0,1,0,1,1
73.2,0,1,121.1,270.1,0,0,122.3,1,0.2,2,1,2,1
42.6,1,2,129.8,181.7,0,1,151.4,0,0.1,2,0,2,1
52.0,1,2,172.2,200.7,1,1,165.6,0,0.4,2,0,3,1
40.7,0,1,125.6,303.8,0,1,162.1,0,0.0,2,0,2,1
35.4,0,0,138.1,184.6,0,1,181.8,0,1.4,2,0,2,1
62.2,1,1,129.2,207.1,1,0,140.6,0,0.1,2,0,2,1
67.0,1,2,153.9,212.6,0,0,150.6,0,0.8,1,0,3,0
59.8,1,3,178.0,270.3,0,0,144.4,0,4.3,0,0,3,1
63.6,1,3,169.6,231.2,0,0,154.2,0,0.6,1,0,3,1
42.8,0,0,131.8,343.2,1,0,134.5,1,3.0,1,0,3,0
36.9,0,2,120.0,215.7,0,1,170.3,0,0.0,2,0,2,1
63.2,0,1,140.5,193.7,0,1,178.8,0,0.0,2,2,2,1
54.5,1,2,124.3,274.9,0,0,150.4,0,0.5,0,1,2,1
53.0,0,0,131.4,264.7,0,0,142.8,0,0.4,1,0,2,1
66.7,0,3,149.8,225.9,0,1,114.4,0,2.6,0,0,2,1
55.5,0,1,134.2,249.2,0,0,162.2,0,1.3,1,0,2,1
49.5,1,2,127.6,193.0,0,1,162.1,0,0.0,2,0,2,1
55.5,1,0,130.1,285.7,1,0,103.8,1,1.6,0,0,3,0
41.7,1,3,147.3,244.9,0,0,177.8,0,0.8,2,2,2,1
58.6,1,2,126.1,215.4,1,1,135.1,0,2.3,1,1,1,0
43.5,1,1,119.5,216.4,0,1,172.1,0,0.0,2,0,2,1
62.2,0,0,159.1,164.5,0,0,145.4,0,6.0,0,3,3,0
56.7,1,2,150.7,127.5,1,1,174.0,0,0.2,2,1,3,1
59.6,1,3,134.1,203.1,0,1,161.8,0,0.8,2,2,2,0
64.4,1,0,134.6,257.6,0,0,126.5,0,2.8,1,1,3,0
40.1,1,0,110.4,169.2,0,0,157.9,0,0.0,2,0,3,0
43.3,1,0,119.6,178.8,0,0,117.4,1,2.5,1,0,3,0
48.0,1,0,129.6,258.3,1,0,148.9,1,0.0,2,2,3,0
64.6,0,2,140.4,415.5,1,0,157.8,0,0.9,2,1,2,1
56.9,1,0,164.5,288.7,1,0,124.7,0,1.0,1,3,3,0
50.4,1,0,140.0,299.1,0,1,173.5,1,1.7,2,0,3,0
34.4,1,0,125.9,283.7,0,0,157.9,1,0.0,2,0,3,0
57.1,1,0,114.0,320.4,0,2,139.1,0,4.4,0,3,1,0
66.6,1,0,161.5,288.6,0,0,108.5,1,1.5,1,3,2,0
50.5,0,2,119.5,296.2,0,0,157.9,0,0.6,2,0,2,1
56.5,1,0,129.7,281.5,1,0,102.6,1,1.6,0,0,3,0
34.0,1,3,117.9,180.2,0,0,176.4,0,0.0,2,0,2,1
55.6,0,1,140.7,296.5,0,0,151.9,0,1.3,1,0,2,1
58.2,1,0,164.4,172.4,1,0,90.7,0,1.0,1,2,1,0
55.6,1,0,131.6,184.9,0,0,107.0,1,2.1,1,1,1,0
63.5,1,0,131.3,253.2,0,0,147.6,0,1.4,1,1,3,0
43.6,1,0,131.5,248.2,1,0,142.7,1,0.1,1,4,3,0
58.8,1,2,150.1,208.9,1,1,156.2,0,1.6,2,0,2,1
62.4,0,0,139.4,268.0,0,0,159.5,0,3.6,0,2,2,0
40.9,1,1,119.5,152.1,0,1,183.5,0,0.0,2,0,2,1
47.0,1,0,112.8,206.4,0,1,142.4,0,0.0,2,0,2,1
41.6,0,2,111.3,265.5,0,0,172.1,1,0.0,2,0,2,1
69.1,1,2,161.3,272.6,0,1,110.8,1,2.9,1,1,3,0
33.8,0,1,117.7,212.4,0,1,191.6,0,0.7,2,0,2,1
44.0,1,0,105.2,206.2,0,0,147.3,1,3.0,1,0,2,1
63.1,0,2,135.7,253.0,0,0,171.6,0,0.0,2,0,2,1
48.2,1,0,130.0,258.1,1,0,151.8,1,0.0,2,2,3,0
59.5,1,3,178.7,271.0,0,0,144.9,0,4.3,0,0,3,1
58.8,1,3,159.4,271.4,0,0,123.9,0,0.0,2,0,2,0
71.5,0,1,161.5,302.0,0,1,162.3,0,0.4,2,2,2,1
55.2,1,0,125.0,252.0,1,0,145.2,1,1.1,1,1,2,0
67.4,1,0,100.1,301.4,0,0,125.9,1,1.0,1,2,2,0
51.1,0,0,131.1,309.9,0,1,142.3,1,1.2,1,0,3,0
66.6,0,3,148.5,231.0,0,1,112.5,0,2.6,0,0,2,1
66.9,1,0,120.7,228.4,0,0,128.1,1,2.6,1,2,3,0
51.7,1,2,93.6,230.9,0,1,155.7,1,0.1,2,1,3,1
59.2,1,0,146.9,284.0,0,0,141.7,1,2.9,1,2,3,0
61.6,1,2,151.0,240.6,1,1,139.2,1,1.1,1,0,2,1
47.9,1,2,124.3,258.5,1,1,174.8,0,0.0,2,2,2,1
51.7,1,1,120.5,324.0,0,1,173.2,0,0.2,2,0,2,1
64.0,0,2,139.1,417.7,1,0,160.0,0,0.8,2,1,2,1
59.5,1,0,140.0,294.0,0,0,171.5,0,1.1,1,2,3,0
45.3,1,1,100.4,194.4,1,1,157.4,0,0.1,2,0,3,1
70.0,1,1,156.3,246.4,0,0,141.9,0,0.0,2,0,2,1
50.0,1,2,139.4,236.4,0,1,162.2,0,0.6,1,1,3,0
52.2,1,1,128.1,207.0,1,1,184.1,0,0.0,2,0,2,1
60.1,1,0,130.5,255.6,0,1,142.6,1,1.4,2,1,3,0
48.7,1,0,130.0,253.4,1,0,148.3,1,0.0,2,2,3,0
57.3,1,0,110.6,336.0,0,1,143.0,1,3.0,1,1,3,0
60.9,1,0,140.4,293.9,0,0,170.0,0,1.1,1,2,3,0
53.7,1,0,122.7,270.1,0,0,107.1,1,2.1,1,1,3,0
63.5,0,2,141.1,313.4,0,1,131.9,0,0.1,2,0,3,1
57.2,1,2,148.9,125.9,1,1,172.3,0,0.2,2,1,3,1
51.6,0,2,135.3,191.3,0,0,168.6,0,0.2,1,0,2,1
54.5,1,2,125.2,270.9,0,0,151.3,0,0.5,0,1,2,1
45.5,0,0,138.8,243.0,0,0,152.7,1,0.1,1,0,2,1
59.1,0,0,174.8,252.5,0,1,142.8,1,0.0,1,0,2,0
53.6,1,0,122.6,282.2,0,1,93.9,1,2.0,1,2,3,0
63.7,0,2,139.9,311.1,0,1,135.5,0,0.2,2,0,3,1
53.1,1,0,141.5,205.5,1,0,154.8,1,3.2,0,0,3,0
59.8,1,3,160.6,275.0,0,0,124.9,0,0.0,2,0,2,0
68.4,1,2,179.7,272.7,1,0,150.8,1,1.6,1,0,3,0
59.1,1,0,135.2,231.1,0,1,160.8,0,0.5,1,0,3,1
48.8,0,1,133.4,272.8,0,1,163.1,0,0.0,1,0,2,1
62.2,0,0,150.4,405.7,0,0,153.4,0,4.0,1,3,3,0
67.2,1,2,151.8,208.8,0,0,153.4,0,0.8,1,0,3,0
66.4,0,0,176.8,229.4,1,1,165.2,1,0.9,1,2,3,0
62.7,0,0,139.1,294.4,1,1,105.0,0,1.9,1,3,2,0
45.9,1,0,139.8,310.5,0,1,120.0,1,1.8,1,2,3,0
48.8,1,1,130.4,245.5,0,0,180.5,0,0.2,1,0,2,1
52.3,1,2,130.3,198.6,1,0,150.5,0,1.2,0,0,2,1
66.8,0,2,114.2,565.0,0,0,160.5,0,1.7,1,0,3,1
61.7,0,0,140.3,270.1,0,0,158.8,0,3.6,0,2,2,0
34.5,0,1,118.9,208.5,0,1,190.5,0,0.7,2,0,2,1
62.0,0,0,138.4,389.7,0,0,155.2,0,1.3,1,0,2,1
53.8,0,2,110.6,218.9,0,1,156.2,0,1.6,1,0,2,1
53.1,0,0,137.0,233.7,0,0,159.4,0,0.0,2,0,2,1
56.7,1,1,124.2,219.7,0,1,142.9,0,0.4,1,4,3,1
65.3,0,2,141.3,419.9,1,0,156.2,0,0.7,2,1,2,1
56.0,1,3,118.8,193.2,0,0,161.6,0,1.8,1,0,3,1
53.0,0,0,132.0,267.7,0,0,141.8,0,0.4,1,0,2,1
45.0,1,0,119.8,169.7,0,1,143.7,1,2.8,0,0,1,0
57.4,1,2,151.0,122.6,1,1,173.0,0,0.3,2,1,3,1
52.7,0,0,129.9,265.4,0,0,143.1,0,0.4,1,0,2,1
44.3,1,2,120.3,229.5,0,1,166.8,0,0.1,2,0,2,1
41.0,1,3,140.7,202.0,0,1,176.9,1,1.3,2,0,3,1
62.4,1,1,128.1,209.4,1,0,139.8,0,0.0,2,0,2,1
61.0,1,0,141.0,205.8,0,0,138.6,1,1.9,2,1,3,0
58.5,1,0,136.4,233.3,0,1,160.8,0,0.5,1,0,3,1
47.4,1,2,137.8,258.6,0,0,156.9,0,0.0,2,0,2,1
59.0,1,1,140.2,217.1,0,1,164.4,1,0.0,2,0,2,1
65.2,0,2,160.2,363.5,0,0,153.3,0,0.8,2,0,2,1
42.9,1,0,119.6,179.5,0,0,119.7,1,2.5,1,0,3,0
52.3,1,2,138.8,220.0,0,1,170.2,0,0.0,2,4,2,1
55.1,0,1,135.4,252.6,0,0,162.6,0,1.4,1,0,2,1
60.8,1,0,137.4,163.8,0,0,125.3,1,3.5,1,1,2,0
66.4,0,0,179.0,227.9,1,1,166.1,1,1.0,1,2,3,0
68.4,1,2,180.5,274.4,1,0,150.4,1,1.6,1,0,3,0
56.7,1,0,139.5,192.3,0,1,149.9,0,0.5,1,0,1,1
43.8,1,2,130.7,234.6,0,1,179.8,1,0.4,2,0,2,1
66.6,1,2,151.6,215.1,0,0,150.1,0,0.9,1,0,3,0
51.6,0,2,139.7,310.2,0,0,142.3,0,1.4,2,1,2,1
65.0,1,0,134.9,250.9,0,0,127.1,0,2.8,1,1,3,0
65.4,0,2,146.3,278.6,0,0,153.2,0,0.0,1,1,2,1
43.6,1,0,120.4,164.6,0,1,142.0,1,2.8,0,0,1,0
56.9,1,0,130.0,135.1,0,1,115.9,1,1.2,1,1,3,0
56.4,1,0,140.9,190.3,0,1,149.2,0,0.3,1,0,1,1
58.6,1,3,160.2,269.1,0,0,125.1,0,0.0,2,0,2,0
49.7,1,1,129.3,265.8,0,1,171.8,0,0.6,2,0,2,1
49.1,1,2,116.7,147.1,0,0,124.6,0,0.9,2,3,2,0
51.6,0,2,120.2,294.5,0,0,155.1,0,0.7,2,0,2,1
51.7,1,0,111.8,235.1,0,1,160.0,0,0.0,2,1,2,0
66.5,0,2,145.7,276.1,0,0,152.2,0,0.0,1,1,2,1
50.9,0,0,108.8,254.1,0,0,158.6,0,0.1,2,0,2,1
70.2,1,0,143.5,174.1,0,1,125.2,1,2.6,0,0,3,0
59.1,1,0,140.0,181.5,0,1,162.0,1,0.0,2,1,3,0
58.3,1,2,140.2,210.9,1,0,164.9,0,0.0,2,0,2,1
51.7,1,2,110.9,177.0,0,1,122.9,0,0.6,2,0,2,1
55.8,1,0,125.6,252.2,1,0,145.1,1,1.2,1,1,2,0
52.9,1,2,129.7,195.5,1,0,151.2,0,1.3,0,0,2,1
57.1,1,0,109.5,199.5,0,1,125.7,1,1.4,1,0,1,1
70.8,1,0,145.0,176.9,0,1,124.1,1,2.6,0,0,3,0
44.5,1,0,119.8,169.8,0,1,143.8,1,2.7,0,0,1,0
53.6,0,2,134.4,307.3,1,1,171.7,0,0.0,2,0,2,1
49.6,0,1,119.9,242.3,0,1,161.0,0,1.2,2,0,2,1
60.8,1,0,119.4,263.6,0,1,140.7,1,3.6,1,1,3,0
48.8,1,2,123.5,257.8,1,1,176.3,0,0.0,2,2,2,1
50.1,0,1,121.0,244.2,0,1,162.9,0,1.2,2,0,2,1
61.2,0,0,145.1,312.2,0,0,145.3,1,1.0,1,0,3,0
34.3,0,0,137.3,186.8,0,1,181.7,0,1.3,2,0,2,1
54.0,1,0,140.3,242.0,0,1,161.0,0,1.1,2,0,2,1
60.7,1,2,150.5,244.7,1,1,136.2,1,1.0,1,0,2,1
57.0,1,1,155.3,231.7,0,0,163.8,0,0.0,2,1,2,0
44.8,0,0,137.6,232.7,0,0,153.6,1,0.2,1,0,2,1
40.9,0,1,129.5,201.8,0,0,172.0,0,1.5,2,0,2,1
59.4,1,0,169.1,328.4,0,0,139.9,1,3.4,0,0,3,0
69.3,0,3,140.0,243.9,0,1,151.2,0,1.7,2,2,2,1
52.4,0,2,136.3,201.0,0,0,167.5,0,0.1,1,0,2,1
35.7,1,2,130.2,250.6,0,1,186.4,0,3.5,0,0,2,1
37.9,1,3,119.2,226.7,0,1,180.7,1,3.8,1,0,3,0
49.7,1,0,143.1,198.3,0,0,125.4,1,0.9,1,0,3,0
57.2,1,0,125.4,301.0,0,0,168.9,0,0.0,2,2,3,0
48.1,1,0,130.5,259.5,1,0,151.7,1,0.0,2,2,3,0
52.3,0,2,128.1,214.9,0,0,114.5,0,0.0,2,0,0,1
52.3,1,0,128.8,202.6,1,1,157.7,1,0.9,1,0,0,0
44.1,1,0,110.8,290.0,0,0,154.8,0,0.1,2,1,2,0
48.8,1,1,129.3,244.1,0,0,179.1,0,0.2,1,0,2,1
69.9,1,1,156.5,246.5,0,0,145.3,0,0.0,2,0,2,1
62.9,0,0,107.6,271.4,0,1,168.4,1,1.8,1,2,2,0
56.5,1,3,119.6,199.6,0,0,161.2,0,1.9,1,0,3,1
58.0,0,1,135.6,316.6,1,0,151.7,0,0.1,2,2,2,0
69.5,1,0,130.7,321.4,0,0,111.2,0,2.4,1,3,2,0
47.2,1,0,110.1,274.9,0,0,118.8,1,0.9,1,1,2,0
44.0,0,2,109.2,140.6,0,1,175.6,0,0.5,1,0,2,1
57.9,1,0,129.0,221.7,0,0,132.4,1,2.2,1,3,3,0
53.2,1,2,129.0,247.1,1,0,173.3,0,0.1,2,3,2,1
45.0,0,0,137.2,234.4,0,0,152.3,1,0.0,1,0,2,1
54.2,1,0,143.0,239.6,0,1,158.9,0,1.2,2,0,2,1
38.4,1,3,120.6,226.3,0,1,182.8,1,3.8,1,0,3,0
33.9,0,1,118.6,211.4,0,1,192.1,0,0.6,2,0,2,1
61.8,0,0,160.6,164.0,0,0,145.5,0,6.0,0,3,3,0
56.2,1,0,126.1,252.8,1,0,146.3,1,1.2,1,1,2,0
44.8,0,1,112.4,162.4,0,1,139.3,0,0.0,1,0,2,1
42.7,1,0,113.4,298.6,0,1,182.5,0,1.3,1,0,2,1
42.1,1,2,120.4,242.6,1,1,193.0,0,0.8,0,0,3,1
63.4,0,0,180.5,328.6,0,1,153.0,1,0.0,2,0,2,1
43.3,1,0,149.0,245.8,0,1,171.0,0,1.5,2,0,2,1
67.4,0,0,107.9,224.2,0,1,143.1,0,0.3,2,2,2,1
61.3,0,0,124.5,209.8,0,1,162.7,0,0.0,2,0,2,1
55.5,1,0,130.4,286.9,1,0,102.8,1,1.6,0,0,3,0
59.6,1,2,128.4,214.2,1,1,133.5,0,2.3,1,1,1,0
55.6,1,1,122.1,237.4,0,1,178.6,0,0.8,2,0,2,1
59.6,1,2,140.7,186.8,0,0,155.5,0,3.0,1,0,2,0
58.0,1,1,126.1,215.5,0,1,144.0,0,0.4,1,4,3,1
41.4,0,1,105.0,200.1,0,1,169.7,0,0.0,2,1,2,1
45.2,1,0,103.3,206.0,0,0,149.8,1,3.0,1,0,2,1
40.7,0,1,126.1,309.5,0,1,162.2,0,0.0,2,0,2,1
53.8,0,2,160.8,195.1,0,1,162.9,0,0.0,2,1,2,1
37.5,0,2,119.2,219.5,0,1,171.4,0,0.0,2,0,2,1
38.9,1,2,139.7,319.5,0,0,180.1,0,0.0,2,0,2,1
50.5,0,2,140.3,306.2,0,0,139.4,0,1.5,2,1,2,1
43.3,1,0,120.0,175.8,0,0,120.3,1,2.5,1,0,3,0
50.4,0,0,130.9,300.9,0,1,142.6,1,1.3,1,0,3,0
64.0,0,0,179.6,325.8,0,1,155.4,1,0.0,2,0,2,1
48.8,1,1,130.5,246.1,0,0,181.6,0,0.3,1,0,2,1
55.1,1,3,119.0,189.5,0,0,160.0,0,1.9,1,0,3,1
64.4,0,0,128.8,301.2,0,1,119.1,0,2.1,1,2,2,1
57.1,1,0,132.0,206.7,0,1,169.4,1,0.1,2,0,3,1
34.1,0,1,117.6,210.4,0,1,191.6,0,0.7,2,0,2,1
60.2,1,0,129.2,204.0,0,0,132.4,1,2.5,1,2,3,0
51.6,1,1,131.3,203.7,0,1,158.6,0,0.9,2,1,2,1
44.9,1,1,126.7,309.3,0,0,168.7,0,0.0,2,0,2,1
50.0,0,1,120.2,245.2,0,1,160.4,0,1.1,2,0,2,1
53.9,1,0,140.3,238.6,0,1,159.8,0,1.2,2,0,2,1
53.7,0,2,127.6,216.7,0,0,115.3,0,0.0,2,0,0,1
60.1,1,2,139.1,180.2,0,0,153.6,0,3.0,1,0,2,0
58.0,1,0,128.0,260.0,0,0,128.7,1,3.0,1,2,3,0
56.3,1,1,119.2,243.3,0,1,171.1,0,0.0,0,0,2,1
49.2,1,2,121.9,185.1,0,1,138.1,0,2.0,1,3,3,0
58.7,1,3,161.7,274.5,0,0,125.2,0,0.0,2,0,2,0
50.7,1,2,125.5,246.7,1,0,165.7,0,2.4,1,0,2,1
41.2,1,2,121.5,241.5,1,1,190.9,0,0.8,0,0,3,1
51.3,1,2,125.5,242.4,1,0,165.9,0,2.4,1,0,2,1
70.3,1,1,156.9,244.6,0,0,144.4,0,0.0,2,0,2,1
45.4,0,1,130.8,228.0,0,0,176.1,0,0.7,1,0,2,1
53.9,1,1,107.7,313.3,0,1,153.6,0,0.0,2,0,3,1
53.7,1,1,192.0,285.1,0,0,197.4,0,0.1,2,1,3,0
38.4,1,3,120.5,230.8,0,1,182.5,1,3.7,1,0,3,0
56.7,0,1,130.8,237.8,0,0,176.0,0,0.0,1,1,2,0
51.3,0,2,138.6,307.0,0,0,143.9,0,1.4,2,1,2,1
61.9,1,1,119.8,274.4,0,0,105.2,0,1.2,1,1,3,0
42.2,1,2,129.5,182.1,0,1,150.9,0,0.0,2,0,2,1
53.8,0,2,133.5,304.2,1,1,169.7,0,0.0,2,0,2,1
47.3,0,2,130.1,275.2,0,1,138.2,0,0.2,2,0,2,1
70.1,1,2,159.4,263.1,0,1,110.8,1,2.9,1,1,3,0
56.9,0,0,118.3,356.6,0,1,162.7,1,0.6,2,0,2,1
55.2,0,0,177.9,324.3,0,2,118.9,1,3.4,1,0,2,0
59.3,1,3,177.3,270.4,0,0,146.2,0,4.0,0,0,3,1
58.8,0,0,174.2,246.9,0,1,141.2,1,0.0,1,0,2,0
63.3,1,0,129.4,329.1,1,0,132.7,1,1.9,2,3,3,0
48.7,1,2,119.7,148.7,0,0,127.3,0,0.8,2,3,2,0
68.5,0,3,140.2,236.5,0,1,152.5,0,1.8,2,2,2,1
63.2,0,0,131.2,298.6,0,1,123.2,0,1.9,1,2,2,1
51.8,1,1,128.3,207.8,1,1,184.2,0,0.0,2,0,2,1
54.9,1,1,130.1,258.5,0,1,156.9,0,0.0,2,0,2,1
42.7,1,0,120.0,176.1,0,0,120.5,1,2.5,1,0,3,0
54.6,1,0,118.8,193.8,0,1,112.2,0,1.3,1,1,3,0
69.4,1,2,161.1,266.2,0,1,110.8,1,2.9,1,1,3,0
49.2,1,2,119.5,151.1,0,0,125.5,0,0.9,2,3,2,0
50.9,1,0,139.3,299.8,0,1,122.2,1,4.2,1,3,3,0
48.6,1,1,130.4,267.3,0,1,171.0,0,0.5,2,0,2,1
60.1,1,3,133.1,233.5,0,1,145.4,0,2.7,1,2,2,0
50.2,1,1,128.8,265.9,0,1,173.0,0,0.5,2,0,2,1
42.2,1,2,122.3,242.7,1,1,194.2,0,0.8,0,0,3,1
42.2,1,0,141.2,220.7,0,1,179.0,0,0.0,2,0,2,1
42.3,1,0,110.8,169.4,0,0,160.0,0,0.0,2,0,3,0
56.5,0,0,121.5,356.6,0,1,162.0,1,0.6,2,0,2,1
59.0,1,3,133.7,208.0,0,1,163.3,0,0.8,2,2,2,0
42.1,1,3,147.0,242.2,0,0,179.7,0,0.9,2,2,2,1
58.7,1,0,110.6,239.4,0,0,142.8,1,1.2,1,1,3,0
64.2,1,2,125.3,312.2,0,1,131.7,1,1.8,1,0,3,0
45.4,1,0,114.0,263.2,0,0,185.1,0,0.0,2,0,2,1
61.6,1,0,147.5,197.1,0,1,159.3,0,0.1,2,1,3,0
69.5,1,2,159.5,269.0,0,1,112.8,1,2.8,1,1,3,0
61.1,1,0,148.2,202.7,0,1,161.7,0,0.0,2,1,3,0
45.1,1,1,127.8,310.0,0,0,169.4,0,0.0,2,0,2,1
59.1,1,0,162.4,169.8,1,0,90.5,0,0.9,1,2,1,0
55.0,1,0,131.4,354.5,0,1,131.8,1,1.2,1,1,3,0
57.1,1,2,151.2,165.6,0,1,172.9,0,1.6,2,0,2,1
55.4,1,1,131.2,264.2,0,1,155.8,0,0.0,2,0,2,1
52.7,1,2,129.2,199.5,1,0,152.9,0,1.1,0,0,2,1
38.8,1,0,118.2,218.0,0,1,141.4,0,1.3,1,0,3,0
45.6,1,1,128.2,309.1,0,0,167.7,0,0.0,2,0,2,1
61.9,0,0,151.0,243.8,0,1,154.0,1,1.4,1,0,2,0
45.9,1,1,100.6,197.1,1,1,155.5,0,0.0,2,0,3,1
44.2,1,1,118.9,217.1,0,1,169.9,0,0.0,2,0,2,1
56.2,0,0,199.8,287.3,1,0,135.6,1,4.0,0,2,3,0
53.9,0,2,107.0,272.5,0,0,165.3,0,0.0,2,0,2,1
54.5,1,0,141.1,221.5,0,0,111.1,1,0.0,2,0,3,1
35.5,1,0,119.9,195.9,0,1,130.0,1,1.5,1,0,3,0
52.6,1,1,127.6,203.4,1,1,185.4,0,0.1,2,0,2,1
51.4,1,0,137.9,300.3,0,1,122.5,1,4.2,1,3,3,0
50.2,1,2,131.3,197.7,0,1,161.5,0,0.0,2,0,2,1
54.9,1,0,132.3,350.9,0,1,132.1,1,1.1,1,1,3,0
47.7,1,1,110.4,230.0,0,1,169.1,0,1.1,0,0,3,0
57.7,1,0,129.5,258.0,0,0,128.4,1,3.0,1,2,3,0
64.1,0,0,178.8,323.1,0,1,154.9,1,0.0,2,0,2,1
59.3,1,1,138.7,218.9,0,1,161.6,1,0.0,2,0,2,1
55.5,0,1,139.4,292.4,0,0,152.6,0,1.3,1,0,2,1
38.9,1,2,139.7,319.7,0,0,182.1,0,0.0,2,0,2,1
47.1,1,2,108.6,245.9,0,1,152.6,0,0.0,2,0,2,0
64.4,0,2,140.0,313.0,0,1,135.2,0,0.2,2,0,3,1
61.6,1,1,120.7,282.1,0,0,101.7,0,1.2,1,1,3,0
43.2,1,0,132.0,244.0,1,0,142.8,1,0.1,1,4,3,0
62.1,0,0,159.4,159.3,0,0,144.3,0,6.0,0,3,3,0
38.5,1,2,138.5,178.5,0,1,172.6,0,0.0,2,4,2,1
48.1,1,0,130.2,258.3,1,0,150.2,1,0.0,2,2,3,0
64.1,1,3,110.0,210.9,0,0,145.0,1,1.9,1,0,2,1
68.3,0,2,119.1,214.4,0,0,115.1,0,1.5,1,0,2,1
68.4,1,0,144.3,189.9,1,1,141.1,0,3.3,1,2,3,0
63.0,0,0,106.6,271.2,0,1,169.3,1,1.8,1,2,2,0
71.0,0,0,111.4,149.6,0,1,124.1,0,1.6,1,0,2,1
61.1,1,0,140.0,205.0,0,0,138.9,1,1.8,2,1,3,0
70.3,0,0,113.0,145.6,0,1,126.9,0,1.5,1,0,2,1
45.0,1,3,111.0,264.5,0,1,132.5,0,1.2,1,0,3,0
53.9,1,2,150.0,232.2,0,0,163.0,0,1.6,2,0,3,1
54.9,1,2,128.4,254.5,1,0,140.0,1,0.6,1,1,1,0
46.7,1,1,102.3,198.2,1,1,156.2,0,0.0,2,0,3,1
56.6,0,0,119.9,351.4,0,1,163.1,1,0.6,2,0,2,1
54.9,0,0,127.5,204.2,0,2,130.5,1,2.1,1,1,3,0
60.2,1,0,144.2,280.7,0,0,142.6,1,2.9,1,2,3,0
44.8,1,0,112.8,287.2,0,0,153.0,0,0.1,2,1,2,0
51.8,1,3,124.3,213.2,0,0,124.0,1,1.4,2,1,2,1
34.9,1,0,119.9,198.9,0,1,131.2,1,1.6,1,0,3,0
45.5,1,2,147.5,231.3,0,1,149.0,0,3.7,1,0,2,0
55.7,0,0,128.1,207.2,0,2,132.3,1,1.9,1,1,3,0
56.9,0,1,130.0,237.2,0,0,173.7,0,0.0,1,1,2,0
48.0,1,0,129.7,253.0,1,0,149.7,1,0.1,2,2,3,0
55.6,1,1,129.2,259.2,0,1,156.6,0,0.0,2,0,2,1
52.0,1,0,108.6,226.9,1,1,148.3,0,0.0,2,3,3,1
39.8,1,0,152.6,222.5,0,1,179.2,0,0.0,2,0,3,0
64.5,1,0,120.7,247.0,0,0,96.7,1,2.2,0,1,2,0
65.4,1,3,137.6,278.6,1,0,172.6,0,1.3,1,1,2,0
41.9,1,0,134.9,315.1,0,1,124.5,1,1.8,1,0,1,0
47.9,1,2,125.2,257.4,1,1,175.4,0,0.0,2,2,2,1
61.4,1,0,121.0,257.5,0,1,140.0,1,3.6,1,1,3,0
52.2,1,2,137.9,222.2,0,1,168.2,0,0.0,2,4,2,1
52.8,1,0,125.4,211.1,0,1,166.0,0,1.0,2,2,3,0
40.9,0,1,125.8,304.7,0,1,165.3,0,0.0,2,0,2,1
50.9,1,2,109.0,176.4,0,1,123.8,0,0.7,2,0,2,1
54.7,1,1,108.7,305.8,0,1,155.2,0,0.0,2,0,3,1
55.9,1,2,130.0,255.1,1,0,141.8,1,0.6,1,1,1,0
54.1,0,2,136.7,307.9,1,1,169.3,0,0.0,2,0,2,1
54.7,1,0,130.1,357.0,0,1,130.7,1,1.2,1,1,3,0
56.3,1,0,131.5,282.8,1,0,105.0,1,1.6,0,0,3,0
37.8,0,2,119.8,210.6,0,1,168.7,0,0.0,2,0,2,1
61.5,0,0,138.3,294.2,1,1,106.1,0,1.9,1,3,2,0
65.1,0,0,150.0,226.3,0,0,113.5,0,0.9,1,3,3,0
36.6,0,2,118.4,216.8,0,1,167.8,0,0.0,2,0,2,1
64.7,1,0,121.9,247.2,0,0,94.3,1,2.3,0,1,2,0
58.6,1,0,128.4,216.6,0,0,132.3,1,2.2,1,3,3,0
57.5,0,0,127.4,299.8,0,0,159.9,0,0.0,2,1,2,1
58.7,1,3,134.6,203.3,0,1,162.9,0,0.8,2,2,2,0
48.3,1,0,122.5,273.8,0,0,165.4,0,0.7,1,0,3,0
56.4,1,1,123.9,261.9,0,1,139.3,0,0.4,2,0,3,0
53.8,1,0,140.4,240.4,0,1,159.7,0,1.2,2,0,2,1
46.6,1,2,108.2,243.4,0,1,151.7,0,0.0,2,0,2,0
61.2,0,0,145.0,305.9,0,0,145.6,1,1.0,1,0,3,0
64.8,0,0,151.4,224.1,0,0,114.7,0,1.0,1,3,3,0
39.5,1,0,109.5,166.8,0,0,112.9,1,2.0,1,0,3,0
35.0,0,0,139.5,183.6,0,1,180.5,0,1.4,2,0,2,1
71.6,0,1,160.9,300.3,0,1,163.0,0,0.2,2,2,2,1
66.5,1,2,152.7,205.7,0,0,150.8,0,0.9,1,0,3,0
52.1,1,1,132.9,201.0,0,1,156.6,0,0.8,2,1,2,1
44.5,1,0,121.1,170.8,0,1,145.0,1,2.9,0,0,1,0
43.2,0,2,122.3,213.9,0,1,165.4,0,0.1,1,0,2,1
38.2,0,2,136.8,216.6,0,1,151.6,0,0.1,1,0,2,1
54.5,0,1,131.8,284.3,1,0,159.1,1,0.0,2,1,2,1
54.0,0,1,132.3,290.4,1,0,157.1,1,0.0,2,1,2,1
56.3,1,0,133.8,208.4,0,1,168.7,1,0.0,2,0,3,1
42.8,1,0,149.4,244.3,0,1,171.5,0,1.4,2,0,2,1
52.6,1,0,122.2,283.9,0,1,96.4,1,1.9,1,2,3,0
63.2,1,3,145.2,235.7,1,0,150.3,0,2.2,0,0,1,1
34.4,1,3,115.9,177.7,0,0,173.8,0,0.0,2,0,2,1
57.3,0,0,128.6,303.3,0,0,159.9,0,0.1,2,1,2,1
51.6,1,2,100.5,223.0,0,1,141.9,1,1.2,1,0,2,1
41.7,1,1,120.2,158.7,0,1,182.5,0,0.1,2,0,2,1
58.1,1,0,135.3,233.4,0,1,161.4,0,0.6,1,0,3,1
58.7,1,3,170.3,285.6,0,0,157.9,0,0.2,1,0,3,0
47.7,1,0,122.5,218.9,0,0,183.8,0,0.1,2,0,2,1
49.9,1,2,129.3,193.6,0,1,163.0,0,0.0,2,0,2,1
41.1,1,3,148.5,239.6,0,0,177.1,0,0.8,2,2,2,1
62.1,0,0,150.6,242.9,0,1,157.1,1,1.4,1,0,2,0
65.4,1,3,137.4,282.7,1,0,174.8,0,1.4,1,1,2,0
66.5,1,0,126.7,258.6,1,1,163.6,0,0.1,1,2,3,0
43.5,1,2,139.3,234.7,0,0,178.9,0,0.0,2,0,2,1
59.7,1,0,130.5,206.5,0,0,132.5,1,2.3,1,2,3,0
54.5,0,2,136.5,301.7,1,1,168.1,0,0.0,2,0,2,1
57.4,1,0,140.4,190.4,0,1,145.9,0,0.4,1,0,1,1
57.0,0,0,120.0,357.1,0,1,163.7,1,0.6,2,0,2,1
63.9,0,0,180.8,325.9,0,1,152.9,1,0.0,2,0,2,1
42.4,0,2,120.8,211.9,0,1,161.9,0,0.2,1,0,2,1
62.9,1,0,130.5,329.9,1,0,132.8,1,1.9,2,3,3,0
58.4,1,3,170.3,284.8,0,0,160.1,0,0.2,1,0,3,0
58.4,1,0,151.3,272.6,0,0,112.3,1,0.8,2,0,3,0
38.3,1,3,120.6,228.8,0,1,184.2,1,3.7,1,0,3,0
64.4,1,0,119.7,250.1,0,0,96.5,1,2.3,0,1,2,0
56.7,1,0,109.4,336.1,0,1,142.8,1,3.1,1,1,3,0
57.1,1,0,110.6,202.5,0,1,125.4,1,1.5,1,0,1,1
34.3,1,0,120.9,200.0,0,1,130.8,1,1.6,1,0,3,0
50.2,1,2,100.0,221.4,0,1,143.0,1,1.2,1,0,2,1
48.8,1,2,118.8,149.3,0,0,124.1,0,0.7,2,3,2,0
55.7,1,0,125.0,253.9,1,0,144.9,1,1.1,1,1,2,0
67.7,1,0,121.9,233.8,0,0,125.5,1,2.6,1,2,3,0
46.1,1,0,140.0,310.2,0,1,119.6,1,1.8,1,2,3,0
28.5,1,1,128.5,204.2,0,0,199.6,0,0.0,2,0,2,1
42.3,1,0,137.3,316.9,0,1,124.6,1,1.9,1,0,1,0
59.8,1,0,116.7,228.1,1,1,160.8,1,1.5,2,2,3,0
64.4,1,3,139.1,281.8,1,0,174.3,0,1.4,1,1,2,0
71.2,0,2,109.9,265.0,1,0,129.5,0,0.0,2,1,2,1
54.9,1,0,133.2,186.6,0,0,105.1,1,2.1,1,1,1,0
61.9,1,1,128.3,210.3,1,0,140.8,0,0.0,2,0,2,1
58.1,1,0,147.0,223.0,0,1,105.8,0,2.0,1,1,3,0
51.0,1,0,139.9,299.1,0,1,120.9,1,4.3,1,3,3,0
60.0,1,0,130.0,250.8,0,1,145.5,1,1.3,2,1,3,0
50.6,1,3,124.6,216.0,0,0,127.1,1,1.4,2,1,2,1
39.7,1,0,112.1,169.5,0,0,114.7,1,2.0,1,0,3,0
51.7,1,1,133.2,200.2,0,1,158.5,0,0.8,2,1,2,1
60.5,0,0,129.7,328.9,0,0,169.6,0,0.0,2,0,2,0
48.9,1,2,117.2,150.8,0,0,127.6,0,0.8,2,3,2,0
69.0,1,2,159.3,268.4,0,1,112.8,1,3.0,1,1,3,0
41.3,0,1,126.9,302.7,0,1,164.8,0,0.1,2,0,2,1
67.5,1,0,121.4,227.8,0,0,128.8,1,2.5,1,2,3,0
59.7,1,0,145.1,280.0,0,0,142.0,1,2.8,1,2,3,0
60.7,1,0,148.6,204.3,0,1,161.4,0,0.0,2,1,3,0
45.7,1,1,98.9,195.8,1,1,156.4,0,0.0,2,0,3,1
46.5,1,2,106.9,243.1,0,1,152.5,0,0.0,2,0,2,0
66.8,1,0,126.1,253.7,1,1,162.8,0,0.2,1,2,3,0
57.1,1,0,139.1,191.7,0,1,148.8,0,0.4,1,0,1,1
46.1,1,0,139.4,312.2,0,1,121.4,1,1.8,1,2,3,0
47.0,1,0,119.6,247.6,0,0,143.0,0,0.8,2,0,3,0
59.1,0,0,100.4,250.3,0,0,123.0,0,0.9,1,0,2,1
52.2,1,0,128.0,204.0,1,1,158.3,1,1.0,1,0,0,0
61.4,1,0,138.0,166.0,0,0,125.1,1,3.5,1,1,2,0
54.1,1,2,121.0,258.5,0,0,146.9,0,0.3,1,0,3,1
66.0,1,1,161.3,247.0,0,1,119.2,1,0.1,1,3,1,0
43.6,1,1,130.4,220.4,0,0,187.4,0,0.0,2,0,2,1
55.2,0,0,134.3,413.8,0,0,150.5,1,2.0,1,2,3,0
57.3,0,0,140.5,237.5,0,1,123.3,1,0.2,1,0,3,0
59.1,1,0,145.6,281.0,0,0,141.8,1,2.7,1,2,3,0
53.5,1,0,110.6,238.4,0,1,123.4,1,2.9,1,1,3,0
46.1,1,2,149.2,231.6,0,1,145.8,0,3.6,1,0,2,0
44.8,0,1,130.7,235.6,0,0,176.4,0,0.5,1,0,2,1
68.4,0,2,119.0,212.2,0,0,115.7,0,1.5,1,0,2,1
58.3,1,0,150.1,273.0,0,0,111.1,1,0.8,2,0,3,0
40.0,1,3,140.2,198.6,0,1,177.5,1,1.5,2,0,3,1
60.6,1,0,130.8,249.4,0,1,144.3,1,1.5,2,1,3,0
35.4,0,0,138.3,184.9,0,1,182.7,0,1.5,2,0,2,1
45.8,0,2,142.3,173.6,0,0,159.5,1,1.5,0,0,2,1
38.1,1,2,138.9,173.8,0,1,174.3,0,0.1,2,4,2,1
62.6,1,0,129.7,328.6,1,0,134.4,1,1.8,2,3,3,0
47.8,1,0,122.5,219.1,0,0,188.0,0,0.0,2,0,2,1
56.3,0,0,132.8,411.0,0,0,151.3,1,1.9,1,2,3,0
57.4,1,0,151.8,275.2,0,1,87.4,1,1.1,1,1,3,0
33.9,0,1,119.3,211.9,0,1,191.9,0,0.7,2,0,2,1
63.2,1,0,139.6,192.2,0,0,145.5,1,3.9,2,2,3,0
67.1,1,0,120.3,236.8,0,1,72.6,0,0.9,1,0,2,0
63.3,0,0,129.4,299.7,0,1,122.5,0,2.0,1,2,2,1
58.3,1,0,150.8,268.9,0,0,110.4,1,0.8,2,0,3,0
67.8,1,2,118.6,275.6,0,1,148.7,0,1.1,2,1,3,1
44.4,1,1,119.2,264.0,0,1,172.4,0,0.0,2,0,3,1
62.3,0,0,146.1,309.7,0,0,146.0,1,1.0,1,0,3,0
57.2,0,1,135.2,322.4,1,0,151.7,0,0.1,2,2,2,0
69.8,1,2,160.9,271.5,0,1,112.7,1,2.9,1,1,3,0
53.7,0,2,136.6,308.9,1,1,170.2,0,0.1,2,0,2,1
56.8,1,0,164.5,290.0,1,0,125.7,0,1.1,1,3,3,0
53.6,0,2,109.7,214.2,0,1,157.2,0,1.6,1,0,2,1
45.1,0,2,142.2,178.3,0,0,160.9,1,1.4,0,0,2,1
51.3,1,0,112.2,235.4,0,1,161.4,0,0.0,2,1,2,0
43.0,1,0,109.6,209.2,0,1,160.4,0,0.0,2,0,3,1
40.6,1,1,135.7,199.8,0,1,131.7,0,0.0,1,0,1,1
58.2,0,0,99.3,248.2,0,0,123.1,0,1.0,1,0,2,1
34.9,0,0,137.2,182.5,0,1,183.1,0,1.5,2,0,2,1
56.7,1,2,150.3,125.0,1,1,172.0,0,0.2,2,1,3,1
57.5,1,2,152.5,121.0,1,1,173.4,0,0.2,2,1,3,1
64.3,0,0,130.4,303.0,0,1,121.5,0,2.0,1,2,2,1
56.4,1,0,129.7,284.4,1,0,102.7,1,1.7,0,0,3,0
57.1,1,0,108.9,337.0,0,1,144.9,1,3.0,1,1,3,0
59.4,1,3,135.0,208.2,0,1,162.0,0,0.8,2,2,2,0
41.7,1,3,147.6,246.4,0,0,175.4,0,0.8,2,2,2,1
44.3,1,0,110.0,196.5,0,0,177.3,0,0.1,2,1,2,0
52.8,1,0,140.8,226.4,0,0,110.5,1,0.0,2,0,3,1
69.3,1,2,140.1,253.8,0,0,146.2,0,2.0,1,3,3,0
48.0,0,2,129.5,273.1,0,1,139.1,0,0.3,2,0,2,1
45.6,0,1,132.0,234.9,0,0,173.6,0,0.4,1,0,2,1
66.0,0,3,149.7,223.3,0,1,113.8,0,2.5,0,0,2,1
42.9,1,0,150.8,249.1,0,1,170.1,0,1.6,2,0,2,1
65.5,1,3,137.3,279.3,1,0,173.8,0,1.5,1,1,2,0
47.1,1,0,110.4,276.6,0,0,119.0,1,1.0,1,1,2,0
57.7,1,1,126.1,222.4,0,1,143.3,0,0.4,1,4,3,1
58.8,1,3,133.8,204.6,0,1,161.3,0,0.8,2,2,2,0
52.6,1,0,122.7,281.4,0,1,93.6,1,2.0,1,2,3,0
34.8,1,1,121.9,193.0,0,1,173.6,0,0.0,2,0,2,1
71.1,0,1,159.7,303.5,0,1,161.7,0,0.4,2,2,2,1
55.7,1,1,120.5,237.6,0,1,179.2,0,0.8,2,0,2,1
57.2,0,0,140.2,240.8,0,1,120.8,1,0.1,1,0,3,0
68.1,0,2,118.9,208.8,0,0,115.0,0,1.4,1,0,2,1
56.9,0,0,127.3,298.6,0,0,161.8,0,0.0,2,1,2,1
54.0,1,1,107.8,307.6,0,1,156.3,0,0.0,2,0,3,1
57.7,0,0,128.3,299.8,0,0,158.4,0,0.0,2,1,2,1
57.4,1,0,150.3,274.6,0,0,112.0,1,0.8,2,0,3,0
59.9,0,2,119.9,176.2,1,1,94.6,0,0.0,2,0,2,1
54.7,1,0,111.7,238.4,0,1,125.0,1,2.8,1,1,3,0
63.6,1,3,110.7,211.0,0,0,141.6,1,1.7,1,0,2,1
29.2,1,1,129.2,204.9,0,0,199.8,0,0.0,2,0,2,1
58.2,0,2,121.5,336.6,0,1,171.9,0,0.0,2,0,2,1
62.0,1,1,120.4,282.9,0,0,102.4,0,1.5,1,1,3,0
57.3,1,0,130.4,133.3,0,1,112.0,1,1.2,1,1,3,0
40.0,1,3,139.3,200.0,0,1,178.0,1,1.5,2,0,3,1
62.9,0,0,150.3,408.1,0,0,154.2,0,4.1,1,3,3,0
64.2,1,0,145.8,214.4,0,0,131.3,0,2.0,1,2,1,0
56.4,0,0,200.0,287.7,1,0,135.0,1,4.0,0,2,3,0
52.0,1,0,125.5,208.8,0,1,168.7,0,1.0,2,2,3,0
58.1,1,0,163.4,172.6,1,0,89.3,0,1.0,1,2,1,0
70.9,0,0,112.5,143.5,0,1,125.7,0,1.6,1,0,2,1
68.3,1,0,143.2,189.0,1,1,139.8,0,3.4,1,2,3,0
67.3,1,0,120.5,226.4,0,0,129.6,1,2.6,1,2,3,0
60.2,1,0,140.1,294.9,0,0,169.1,0,1.2,1,2,3,0
52.7,0,0,138.7,233.5,0,0,159.0,0,0.0,2,0,2,1
33.7,1,1,122.4,188.9,0,1,173.4,0,0.0,2,0,2,1
42.8,1,0,119.4,177.0,0,0,119.5,1,2.5,1,0,3,0
63.4,1,0,130.7,328.9,1,0,131.9,1,1.8,2,3,3,0
67.0,1,2,152.9,209.3,0,0,151.0,0,0.9,1,0,3,0
45.9,1,0,120.2,248.0,0,0,146.1,0,0.8,2,0,3,0
59.1,1,3,171.1,292.0,0,0,159.6,0,0.2,1,0,3,0
65.4,1,3,137.4,281.1,1,0,173.8,0,1.4,1,1,2,0
56.9,1,0,129.3,132.1,0,1,114.5,1,1.2,1,1,3,0
52.5,1,0,128.7,204.5,1,1,155.3,1,0.9,1,0,0,0
52.2,1,2,171.1,192.9,1,1,162.3,0,0.5,2,0,3,1
56.3,1,2,127.9,257.5,1,0,144.8,1,0.6,1,1,1,0
51.8,1,0,124.0,207.7,0,1,167.2,0,1.1,2,2,3,0
70.0,1,0,146.6,172.2,0,1,124.4,1,2.7,0,0,3,0
63.8,1,3,170.8,228.4,0,0,155.7,0,0.6,1,0,3,1
45.6,1,1,128.6,307.5,0,0,168.0,0,0.0,2,0,2,1
54.1,0,0,127.6,209.1,0,2,129.8,1,1.9,1,1,3,0
61.7,1,0,119.1,255.7,0,1,139.1,1,3.6,1,1,3,0
66.5,1,0,158.6,288.0,0,0,106.9,1,1.5,1,3,2,0
42.5,0,0,103.0,264.6,0,0,125.2,0,0.7,1,0,2,1
56.8,1,0,109.7,337.4,0,1,144.6,1,3.0,1,1,3,0
65.2,1,0,111.3,248.1,0,0,157.1,0,0.7,2,2,1,0
56.5,1,0,109.7,335.3,0,1,143.7,1,2.9,1,1,3,0
60.9,1,3,133.0,236.1,0,1,147.0,0,2.6,1,2,2,0
58.6,1,0,167.9,327.6,0,0,140.2,1,3.4,0,0,3,0
53.4,1,0,109.7,238.5,0,1,126.4,1,2.9,1,1,3,0
47.4,1,0,131.1,256.4,1,0,148.7,1,0.0,2,2,3,0
51.6,1,3,118.3,184.4,0,0,192.5,0,0.0,1,0,1,1
57.9,1,0,128.5,256.1,0,0,131.8,1,3.1,1,2,3,0
76.6,1,0,124.9,302.7,0,0,162.5,1,0.0,2,3,2,0
56.8,1,0,130.5,285.6,1,0,102.6,1,1.6,0,0,3,0
42.6,1,0,114.6,302.6,0,1,179.9,0,1.2,1,0,2,1
58.3,0,0,100.4,249.9,0,0,121.7,0,1.0,1,0,2,1
67.0,1,0,119.1,235.2,0,1,70.0,0,1.0,1,0,2,0
44.9,1,0,103.0,206.7,0,0,148.5,1,3.0,1,0,2,1
43.8,1,2,141.2,234.9,0,0,179.4,0,0.1,2,0,2,1
51.0,1,2,126.5,241.4,1,0,166.0,0,2.4,1,0,2,1
51.3,0,2,130.4,254.0,0,0,149.1,0,0.5,2,0,2,1
39.7,1,2,138.6,322.4,0,0,182.5,0,0.0,2,0,2,1
59.8,0,3,149.5,241.8,0,1,172.1,0,0.8,2,0,2,1
68.6,1,3,159.6,238.4,1,0,130.6,0,0.1,1,1,2,1
62.9,0,1,139.8,196.2,0,1,178.3,0,0.0,2,2,2,1
52.6,1,2,172.4,196.5,1,1,160.9,0,0.6,2,0,3,1
52.1,1,2,137.6,224.0,0,1,166.8,0,0.0,2,4,2,1
59.7,1,0,129.9,208.8,0,0,132.6,1,2.3,1,2,3,0
65.1,1,0,119.6,176.1,0,1,139.7,0,0.5,2,0,3,1
44.0,1,0,131.3,248.8,1,0,143.2,1,0.1,1,4,3,0
42.2,0,0,103.3,263.2,0,0,122.3,0,0.5,1,0,2,1
60.4,0,0,144.9,303.1,0,0,147.0,1,1.0,1,0,3,0
41.3,1,1,112.4,235.2,0,1,153.8,0,0.1,2,0,2,1
43.4,1,0,120.1,165.9,0,1,142.4,1,2.8,0,0,1,0
55.4,0,1,132.9,342.4,0,1,166.6,0,1.2,2,0,2,1
58.7,1,2,106.3,237.7,0,0,153.5,1,0.6,1,0,3,1
53.2,1,0,122.3,270.9,0,0,108.6,1,2.3,1,1,3,0
65.2,0,0,130.4,302.0,0,1,120.1,0,1.9,1,2,2,1
63.3,0,0,150.1,407.6,0,0,153.3,0,4.0,1,3,3,0
62.7,1,0,129.0,257.3,0,0,148.3,0,1.4,1,1,3,0
56.1,1,1,120.6,237.9,0,1,169.2,0,0.0,0,0,2,1
61.5,0,0,138.8,394.1,0,0,158.3,0,1.2,1,0,2,1
51.3,1,2,100.4,222.9,0,1,143.8,1,1.2,1,0,2,1
63.8,1,3,110.9,211.2,0,0,145.1,1,1.9,1,0,2,1
58.9,1,0,113.4,320.4,0,2,140.5,0,4.4,0,3,1,0
57.8,1,2,131.5,224.5,0,0,174.0,0,3.1,2,2,3,0
70.1,1,0,145.0,175.7,0,1,125.5,1,2.6,0,0,3,0
68.7,1,2,116.7,276.7,0,1,151.6,0,1.1,2,1,3,1
64.7,1,0,134.2,252.3,0,0,127.4,0,2.8,1,1,3,0
48.7,1,2,117.6,150.0,0,0,126.0,0,0.9,2,3,2,0
62.3,0,0,138.4,292.5,1,1,107.1,0,1.9,1,3,2,0
59.4,1,0,140.2,287.4,0,0,168.2,0,1.2,1,2,3,0
57.7,1,0,128.3,259.1,0,0,129.4,1,2.9,1,2,3,0
52.4,1,0,125.0,208.8,0,1,168.2,0,1.0,2,2,3,0
52.1,1,1,133.2,198.3,0,1,157.0,0,0.9,2,1,2,1
55.9,1,1,118.8,234.7,0,1,177.5,0,0.8,2,0,2,1
38.6,0,2,138.7,219.7,0,1,150.2,0,0.0,1,0,2,1
60.8,1,0,131.2,204.8,0,0,132.6,1,2.4,1,2,3,0
56.2,1,0,130.2,128.6,0,1,114.4,1,1.2,1,1,3,0
58.1,1,0,149.3,269.7,0,0,110.8,1,0.8,2,0,3,0
55.0,1,1,120.8,236.7,0,1,169.0,0,0.0,0,0,2,1
40.6,1,1,134.3,205.9,0,1,134.5,0,0.0,1,0,1,1
62.2,1,1,121.2,278.5,0,0,102.2,0,1.3,1,1,3,0
62.2,0,0,139.8,274.3,0,0,158.8,0,3.6,0,2,2,0
67.6,1,0,125.5,255.3,1,1,164.0,0,0.2,1,2,3,0
50.3,0,1,121.1,244.4,0,1,161.3,0,1.0,2,0,2,1
41.5,1,1,133.2,204.3,0,1,131.3,0,0.0,1,0,1,1
53.1,1,1,119.1,332.4,0,1,172.8,0,0.3,2,0,2,1
52.8,1,2,129.6,198.1,1,0,151.0,0,1.1,0,0,2,1
66.0,0,2,146.7,278.3,0,0,153.6,0,0.0,1,1,2,1
52.0,1,0,124.9,211.0,0,1,166.5,0,1.0,2,2,3,0
51.4,1,2,93.6,224.9,0,1,153.8,1,0.0,2,1,3,1
67.0,1,0,119.6,228.6,0,0,131.3,1,2.6,1,2,3,0
49.7,0,0,130.0,267.2,0,1,163.0,0,0.1,2,0,2,1
47.7,1,2,129.7,249.3,0,1,177.5,0,0.0,2,0,2,1
42.6,1,0,150.7,249.4,0,1,169.2,0,1.4,2,0,2,1
42.5,1,2,129.8,313.3,0,1,161.5,0,1.9,2,1,2,1
53.6,0,0,136.7,235.2,0,0,157.8,0,0.0,2,0,2,1
51.4,1,0,124.9,214.5,0,1,167.7,0,1.1,2,2,3,0
77.4,1,0,124.9,306.6,0,0,161.6,1,0.1,2,3,2,0
64.4,0,2,155.1,272.1,0,1,145.6,0,0.8,2,0,2,1
42.9,1,0,150.7,245.5,0,1,173.0,0,1.4,2,0,2,1
65.2,1,3,137.7,283.3,1,0,175.0,0,1.5,1,1,2,0
46.1,0,1,105.1,204.2,0,1,174.0,0,0.0,2,0,2,1
43.7,1,1,129.9,218.0,0,0,187.9,0,0.1,2,0,2,1
47.5,1,2,109.4,245.8,0,1,153.3,0,0.0,2,0,2,0
64.9,1,3,137.3,290.1,1,0,172.8,0,1.5,1,1,2,0
58.9,1,0,134.0,235.1,0,1,160.0,0,0.6,1,0,3,1
54.7,0,0,128.7,202.7,0,2,130.9,1,2.0,1,1,3,0
66.3,0,2,151.2,275.0,0,1,170.6,0,0.0,2,1,2,1
48.2,0,2,128.1,277.2,0,1,140.5,0,0.2,2,0,2,1
51.3,1,2,99.2,221.0,0,1,143.2,1,1.2,1,0,2,1
53.1,0,0,128.5,263.7,0,0,142.4,0,0.3,1,0,2,1
52.7,0,0,129.3,261.6,0,0,143.1,0,0.4,1,0,2,1
41.7,1,2,129.9,177.7,0,1,149.4,0,0.1,2,0,2,1
51.9,1,0,108.7,233.9,1,1,146.8,0,0.1,2,3,3,1
50.3,0,0,129.8,303.6,0,1,142.5,1,1.3,1,0,3,0
67.5,1,2,152.0,208.3,0,0,150.3,0,0.8,1,0,3,0
41.5,1,2,130.0,212.8,0,0,167.0,0,2.0,1,0,2,1
62.4,0,0,139.3,396.2,0,0,155.9,0,1.2,1,0,2,1
50.3,1,0,138.4,262.9,0,0,186.5,1,0.1,2,0,2,1
40.6,1,0,152.6,223.5,0,1,180.4,0,0.0,2,0,3,0
60.6,1,2,150.2,238.7,1,1,137.6,1,1.0,1,0,2,1
50.2,0,1,120.3,244.8,0,1,161.9,0,1.0,2,0,2,1
41.4,0,2,112.7,270.1,0,0,172.0,1,0.1,2,0,2,1
70.5,0,0,111.5,154.0,0,1,125.5,0,1.5,1,0,2,1
54.3,1,0,160.2,287.4,0,0,145.5,1,0.8,1,1,3,0
49.3,1,2,119.8,186.3,0,1,139.1,0,2.0,1,3,3,0
54.3,1,2,120.3,254.4,0,0,147.8,0,0.4,1,0,3,1
58.3,1,0,98.0,231.8,0,1,156.8,0,0.1,2,1,3,0
44.6,1,0,108.1,194.6,0,0,174.2,0,0.1,2,1,2,0
46.8,1,0,111.4,203.8,0,1,142.6,0,0.0,2,0,2,1
54.8,1,0,123.7,248.5,1,0,143.2,1,1.2,1,1,2,0
66.5,1,1,160.0,248.0,0,1,118.0,1,0.0,1,3,1,0
60.8,1,0,136.7,167.2,0,0,125.6,1,3.8,1,1,2,0
40.4,1,1,133.5,201.4,0,1,132.0,0,0.0,1,0,1,1
60.0,0,2,102.4,312.5,0,1,160.3,0,0.1,2,1,2,1
65.7,1,0,159.9,226.2,0,0,137.9,0,2.4,2,0,1,1
70.2,0,2,110.1,266.9,1,0,128.8,0,0.0,2,1,2,1
70.1,1,3,160.7,237.3,1,0,129.1,0,0.0,1,1,2,1
46.2,1,1,101.4,196.6,1,1,155.8,0,0.1,2,0,3,1
66.6,0,2,144.1,276.4,0,0,152.0,0,0.1,1,1,2,1
53.6,0,2,159.8,200.2,0,1,162.3,0,0.1,2,1,2,1
66.3,1,0,110.5,213.7,0,0,133.8,1,0.0,2,1,2,0
62.3,1,1,120.0,282.1,0,0,103.5,0,1.4,1,1,3,0
69.6,1,0,145.3,173.9,0,1,125.7,1,2.7,0,0,3,0
58.2,1,3,135.1,202.9,0,1,163.1,0,0.8,2,2,2,0
49.7,1,0,149.8,240.8,0,0,128.4,0,2.5,1,0,3,0
65.0,1,0,134.2,250.1,0,0,127.0,0,2.7,1,1,3,0
63.3,1,0,139.5,185.6,0,0,145.2,1,4.0,2,2,3,0
59.1,1,0,134.8,232.3,0,1,161.7,0,0.5,1,0,3,1
67.4,1,0,123.9,252.1,1,1,163.3,0,0.2,1,2,3,0
54.0,1,0,110.0,240.0,0,1,126.6,1,2.9,1,1,3,0
37.6,1,2,138.3,178.3,0,1,171.7,0,0.0,2,4,2,1
39.9,1,0,153.3,223.4,0,1,182.5,0,0.0,2,0,3,0
60.0,0,0,149.1,261.3,0,0,154.9,0,2.6,1,2,3,0
58.5,0,3,149.8,281.4,1,0,162.1,0,1.0,2,0,2,1
68.7,1,2,179.5,278.6,1,0,151.6,1,1.7,1,0,3,0
60.0,1,0,138.7,295.2,0,0,169.8,0,1.2,1,2,3,0
54.3,0,1,133.0,291.1,1,0,158.2,1,0.0,2,1,2,1
38.6,1,2,139.5,318.4,0,0,179.8,0,0.0,2,0,2,1
52.8,1,0,140.1,204.6,1,0,153.7,1,3.1,0,0,3,0
64.5,0,2,139.7,310.3,0,1,132.4,0,0.2,2,0,3,1
44.1,1,1,121.0,222.4,0,1,168.5,0,0.0,2,0,2,1
56.9,1,2,127.2,227.4,0,0,151.3,0,0.4,1,1,3,0
48.5,0,0,128.8,267.7,0,1,161.0,0,0.0,2,0,2,1
39.6,1,0,119.3,216.5,0,1,139.0,0,1.3,1,0,3,0
40.8,0,1,104.6,196.5,0,1,169.7,0,0.0,2,1,2,1
56.8,1,0,151.8,274.5,0,1,87.2,1,1.2,1,1,3,0
54.6,1,2,150.1,232.1,0,0,166.2,0,1.5,2,0,3,1
35.0,0,0,137.3,183.6,0,1,184.0,0,1.4,2,0,2,1
63.4,1,0,126.5,263.5,0,1,104.6,1,0.2,1,1,3,1
59.7,1,0,130.5,253.3,0,1,142.6,1,1.4,2,1,3,0
41.5,0,1,104.4,199.4,0,1,168.5,0,0.0,2,1,2,1
54.4,0,0,127.8,206.8,0,2,129.5,1,2.0,1,1,3,0
61.7,0,0,140.1,266.9,0,0,161.6,0,3.7,0,2,2,0
60.6,1,3,134.0,236.9,0,1,145.5,0,2.6,1,2,2,0
41.4,0,1,125.8,306.3,0,1,163.2,0,0.0,2,0,2,1
43.6,1,1,127.7,305.5,0,0,171.5,0,0.0,2,0,2,1
57.2,1,0,129.0,123.7,0,1,115.0,1,1.2,1,1,3,0
43.7,1,2,119.5,225.9,0,1,169.4,0,0.1,2,0,2,1
55.8,0,0,200.0,287.8,1,0,132.3,1,4.0,0,2,3,0
42.0,1,0,114.5,303.3,0,1,182.0,0,1.2,1,0,2,1
53.8,1,1,191.3,285.0,0,0,193.8,0,0.0,2,1,3,0
58.6,1,0,110.3,245.3,0,0,143.3,1,1.2,1,1,3,0
45.5,0,0,138.8,236.9,0,0,151.8,1,0.2,1,0,2,1
61.8,0,0,139.7,269.8,0,0,159.9,0,3.7,0,2,2,0
44.9,0,1,129.6,234.5,0,0,176.6,0,0.6,1,0,2,1
38.7,1,0,118.0,219.7,0,1,141.2,0,1.2,1,0,3,0
62.9,0,0,106.4,271.0,0,1,167.4,1,1.8,1,2,2,0
44.9,0,0,138.1,228.8,0,0,151.7,1,0.2,1,0,2,1
58.1,1,1,120.2,277.1,0,0,159.7,0,1.8,1,0,2,0
53.4,1,2,119.2,256.1,0,0,146.1,0,0.3,1,0,3,1
63.0,0,0,150.1,409.5,0,0,151.0,0,4.0,1,3,3,0
68.1,1,2,117.7,279.0,0,1,152.2,0,1.0,2,1,3,1
34.0,1,3,119.0,181.5,0,0,174.4,0,0.0,2,0,2,1
64.5,0,2,140.8,311.7,0,1,133.2,0,0.2,2,0,3,1
52.1,1,2,172.2,195.1,1,1,159.9,0,0.6,2,0,3,1
62.0,0,0,141.1,389.2,0,0,156.4,0,1.2,1,0,2,1
47.3,1,2,130.8,254.7,0,1,177.0,0,0.0,2,0,2,1
57.3,1,0,130.3,131.0,0,1,116.7,1,1.2,1,1,3,0
57.5,0,0,128.3,305.4,0,0,159.5,0,0.0,2,1,2,1
57.8,0,0,130.2,196.4,0,1,130.6,0,0.6,1,0,2,1
44.4,1,0,120.8,170.5,0,1,145.1,1,2.9,0,0,1,0
53.8,1,0,122.1,284.9,0,0,115.2,1,3.2,1,2,2,0
40.0,1,0,111.5,162.4,0,0,114.4,1,2.0,1,0,3,0
51.8,0,2,141.4,310.2,0,0,141.7,0,1.5,2,1,2,1
42.1,1,1,120.2,288.7,0,1,163.0,0,0.1,2,0,2,1
45.6,1,1,101.0,195.5,1,1,156.8,0,0.0,2,0,3,1
44.1,0,2,117.0,243.1,0,1,149.5,0,0.3,1,1,2,1
59.0,1,0,133.3,234.2,0,1,160.2,0,0.5,1,0,3,1
48.8,0,1,133.1,272.2,0,1,161.2,0,0.0,1,0,2,1
55.4,1,0,159.7,285.9,0,0,145.5,1,0.8,1,1,3,0
76.4,0,2,139.6,198.9,0,2,115.9,0,1.0,1,0,2,1
57.2,1,0,140.1,188.2,0,1,147.4,0,0.4,1,0,1,1
52.7,1,0,139.2,200.4,1,0,154.3,1,3.1,0,0,3,0
51.8,1,0,128.5,260.9,0,1,161.7,1,0.0,2,1,3,0
65.3,0,2,141.0,416.1,1,0,155.8,0,0.8,2,1,2,1
49.0,1,2,119.9,185.5,0,1,140.6,0,1.9,1,3,3,0
67.4,1,0,160.3,289.6,0,0,110.1,1,1.5,1,3,2,0
57.1,1,2,126.7,233.0,0,0,150.6,0,0.5,1,1,3,0
54.1,1,1,107.3,311.9,0,1,155.9,0,0.0,2,0,3,1
56.8,1,0,129.7,131.3,0,1,113.5,1,1.1,1,1,3,0
40.7,0,1,130.1,210.0,0,0,172.8,0,1.4,2,0,2,1
60.0,1,0,146.1,276.9,0,0,141.9,1,2.8,1,2,3,0
52.8,1,1,121.1,327.9,0,1,171.1,0,0.2,2,0,2,1
45.7,0,2,143.5,177.5,0,0,161.6,1,1.4,0,0,2,1
69.1,0,3,141.3,238.7,0,1,151.0,0,1.9,2,2,2,1
57.4,0,0,138.8,239.4,0,1,122.1,1,0.2,1,0,3,0
45.1,1,0,114.7,259.1,0,0,186.4,0,0.0,2,0,2,1
53.6,1,1,107.7,311.3,0,1,155.9,0,0.0,2,0,3,1
54.2,1,0,109.3,238.1,0,1,126.9,1,2.7,1,1,3,0
66.1,1,0,112.2,211.8,0,0,131.8,1,0.2,2,1,2,0
44.6,1,2,128.9,232.1,0,1,179.2,1,0.4,2,0,2,1
44.9,1,0,141.6,313.6,0,0,146.6,1,0.0,1,3,3,0
43.0,0,2,121.8,209.7,0,1,164.0,0,0.2,1,0,2,1
57.1,1,0,108.5,201.3,0,1,126.0,1,1.7,1,0,1,1
38.0,1,2,137.5,180.4,0,1,173.8,0,0.1,2,4,2,1
61.0,1,0,141.6,205.3,0,0,138.5,1,1.9,2,1,3,0
51.9,1,3,152.0,302.4,1,1,177.8,0,1.2,1,0,3,1
55.2,1,0,132.0,358.9,0,1,133.1,1,1.2,1,1,3,0
57.0,1,2,131.7,220.0,0,0,172.9,0,3.3,2,2,3,0
59.3,1,2,125.2,221.9,1,1,134.8,0,2.1,1,1,1,0
53.9,0,1,133.4,290.0,1,0,157.9,1,0.0,2,1,2,1
63.2,1,0,128.7,251.3,0,0,146.4,0,1.4,1,1,3,0
45.6,1,1,102.8,196.1,1,1,156.1,0,0.0,2,0,3,1
49.7,1,0,144.7,199.4,0,0,126.4,1,0.9,1,0,3,0
50.9,1,2,138.5,236.3,0,1,164.7,0,0.6,1,1,3,0
64.1,0,0,130.5,303.7,0,1,122.0,0,2.1,1,2,2,1
62.1,0,2,129.5,262.5,0,1,97.3,0,1.1,1,1,3,0
47.9,1,0,124.4,271.2,0,0,164.2,0,0.5,1,0,3,0
61.0,1,0,137.1,168.3,0,0,126.8,1,3.6,1,1,2,0
43.5,1,0,120.6,169.0,0,1,144.2,1,2.7,0,0,1,0
48.2,0,0,130.2,274.2,0,1,163.1,0,0.0,2,0,2,1
55.4,1,1,119.1,244.2,0,1,169.2,0,0.0,0,0,2,1
50.9,1,2,93.5,225.8,0,1,153.2,1,0.0,2,1,3,1
51.3,1,0,125.7,209.8,0,1,166.5,0,1.0,2,2,3,0
56.9,1,0,132.0,209.9,0,1,170.1,1,0.0,2,0,3,1
69.4,1,2,140.8,258.5,0,0,147.1,0,2.1,1,3,3,0
41.1,0,1,128.9,200.8,0,0,173.2,0,1.3,2,0,2,1
44.4,0,1,111.6,162.3,0,1,137.8,0,0.0,1,0,2,1
54.4,0,2,108.1,263.9,0,0,167.1,0,0.0,2,0,2,1
69.8,0,3,138.0,235.8,0,1,149.7,0,1.8,2,2,2,1
53.5,1,0,122.9,264.0,0,0,106.8,1,2.2,1,1,3,0
45.9,1,1,100.8,191.7,1,1,155.2,0,0.0,2,0,3,1
42.1,1,1,119.7,296.3,0,1,163.4,0,0.0,2,0,2,1
57.9,1,1,119.5,280.0,0,0,158.4,0,1.7,1,0,2,0
67.4,1,0,120.4,226.1,0,0,129.8,1,2.6,1,2,3,0
56.3,1,1,129.1,214.0,0,0,159.9,0,0.0,2,0,3,1
55.2,0,1,139.9,293.4,0,0,153.7,0,1.4,1,0,2,1
54.8,1,0,109.4,238.8,0,1,125.4,1,2.7,1,1,3,0
77.0,1,0,124.2,300.8,0,0,160.2,1,0.0,2,3,2,0
51.3,1,2,110.1,176.1,0,1,124.4,0,0.6,2,0,2,1
50.7,1,2,109.9,172.7,0,1,120.7,0,0.6,2,0,2,1
62.8,1,2,140.1,338.5,0,1,158.6,0,0.0,2,0,2,0
66.1,1,0,158.9,286.4,0,0,107.3,1,1.5,1,3,2,0
67.4,1,2,117.9,279.2,0,1,147.0,0,1.0,2,1,3,1
53.6,1,2,125.4,271.3,0,0,151.7,0,0.5,0,1,2,1
57.8,1,0,113.5,318.9,0,2,139.5,0,4.5,0,3,1,0
66.4,1,0,120.3,301.0,0,0,149.9,0,0.4,1,0,2,1
42.1,0,0,103.1,262.2,0,0,123.9,0,0.6,1,0,2,1
65.0,1,0,142.6,212.0,0,0,132.0,0,2.0,1,2,1,0
59.2,1,0,118.0,231.3,1,1,158.5,1,1.4,2,2,3,0
57.9,0,0,130.7,197.1,0,1,130.8,0,0.7,1,0,2,1
75.7,0,2,139.6,201.2,0,2,116.2,0,1.1,1,0,2,1
42.6,1,0,150.9,248.2,0,1,169.8,0,1.4,2,0,2,1
60.1,1,0,125.9,254.8,0,0,142.0,1,2.8,1,1,3,0
71.2,0,0,111.0,149.7,0,1,122.3,0,1.6,1,0,2,1
51.6,1,0,140.1,263.8,0,0,184.0,1,0.0,2,0,2,1
46.2,0,0,138.2,240.5,0,0,153.1,1,0.0,1,0,2,1
51.8,1,1,128.2,206.6,1,1,183.6,0,0.1,2,0,2,1
61.9,0,2,130.5,265.1,0,1,97.3,0,1.2,1,1,3,0
58.6,1,2,112.1,229.0,0,0,165.8,0,2.5,1,1,3,0
57.2,1,0,147.8,277.7,0,0,112.2,1,0.6,1,1,1,0
65.1,0,0,149.4,223.4,0,0,114.3,0,1.0,1,3,3,0
56.4,0,1,129.7,238.6,0,0,173.1,0,0.0,1,1,2,0
62.7,1,0,131.7,329.2,1,0,132.6,1,1.9,2,3,3,0
63.6,1,2,125.4,308.2,0,1,129.6,1,1.8,1,0,3,0
50.8,0,0,131.1,299.0,0,1,142.1,1,1.2,1,0,3,0
46.9,1,2,108.8,245.6,0,1,152.3,0,0.0,2,0,2,0
52.3,1,0,108.2,232.9,1,1,146.0,0,0.0,2,3,3,1
51.9,1,0,108.6,231.2,1,1,147.3,0,0.1,2,3,3,1
61.2,1,0,120.1,259.2,0,1,139.7,1,3.5,1,1,3,0
58.2,1,0,114.8,317.8,0,2,141.4,0,4.4,0,3,1,0
47.6,1,2,129.4,251.5,0,1,179.2,0,0.0,2,0,2,1
68.9,1,3,160.2,236.7,1,0,130.7,0,0.1,1,1,2,1
44.4,0,1,130.5,233.5,0,0,175.2,0,0.6,1,0,2,1
55.4,1,0,141.1,215.7,0,1,110.5,1,5.7,0,0,3,0
44.5,1,0,111.3,197.9,0,0,176.6,0,0.0,2,1,2,0
55.3,1,0,132.6,356.6,0,1,131.2,1,1.2,1,1,3,0
59.6,1,0,124.2,258.2,0,0,140.1,1,2.9,1,1,3,0
67.6,0,2,152.0,280.2,0,1,172.3,0,0.0,2,1,2,1
54.1,0,2,135.5,302.2,1,1,169.8,0,0.0,2,0,2,1
56.2,0,1,140.4,289.8,0,0,150.8,0,1.4,1,0,2,1
60.4,1,2,125.2,217.1,1,1,132.2,0,2.3,1,1,1,0
51.9,1,0,110.2,230.5,0,1,161.6,0,0.0,2,1,2,0
54.9,0,1,131.4,289.0,1,0,158.1,1,0.0,2,1,2,1
45.3,1,1,128.8,313.9,0,0,170.5,0,0.0,2,0,2,1
70.7,1,0,145.6,171.9,0,1,125.4,1,2.6,0,0,3,0
60.2,1,0,134.1,234.6,0,1,161.6,0,0.5,1,0,3,1
57.5,0,1,128.8,231.6,0,0,176.0,0,0.0,1,1,2,0
39.4,1,2,140.7,319.4,0,0,181.5,0,0.0,2,0,2,1
68.8,1,2,140.0,250.3,0,0,144.8,0,2.0,1,3,3,0
42.7,1,0,108.9,208.3,0,1,163.7,0,0.0,2,0,3,1
57.3,1,0,111.1,335.9,0,1,143.0,1,3.0,1,1,3,0
53.9,1,0,109.4,204.0,0,0,109.4,1,0.0,1,1,2,0
41.6,0,1,106.0,200.3,0,1,168.1,0,0.0,2,1,2,1
67.8,1,2,117.1,277.0,0,1,150.2,0,0.9,2,1,3,1
60.6,1,3,133.0,236.3,0,1,145.3,0,2.6,1,2,2,0
52.6,1,2,130.3,249.4,1,0,173.3,0,0.0,2,3,2,1
47.6,1,0,123.5,269.6,0,0,166.0,0,0.7,1,0,3,0
62.8,0,1,139.1,199.2,0,1,179.3,0,0.0,2,2,2,1
56.2,1,1,128.9,217.5,0,0,164.0,0,0.0,2,0,3,1
62.8,0,0,107.8,266.4,0,1,166.8,1,1.9,1,2,2,0
57.6,1,2,111.4,229.8,0,0,164.7,0,2.6,1,1,3,0
43.6,1,0,109.5,210.0,0,1,161.4,0,0.0,2,0,3,1
57.9,1,0,100.2,233.1,0,1,155.5,0,0.2,2,1,3,0
43.8,1,0,131.1,247.2,1,0,143.6,1,0.2,1,4,3,0
43.7,1,0,120.2,170.5,0,1,143.8,1,2.8,0,0,1,0
60.0,1,0,125.4,253.6,0,0,142.2,1,2.8,1,1,3,0
67.3,1,0,119.3,230.0,0,0,130.0,1,2.6,1,2,3,0
54.9,1,0,131.9,278.7,1,0,104.7,1,1.7,0,0,3,0
58.7,1,2,126.5,218.5,1,1,132.0,0,2.2,1,1,1,0
60.1,1,0,139.7,296.5,0,0,169.4,0,1.3,1,2,3,0
58.8,0,2,101.8,315.6,0,1,158.5,0,0.1,2,1,2,1
59.9,1,0,121.4,259.9,0,1,138.5,1,3.5,1,1,3,0
61.6,0,2,132.3,264.1,0,1,98.9,0,1.1,1,1,3,0
45.1,1,0,143.1,304.4,0,0,146.2,1,0.0,1,3,3,0
48.1,1,1,111.2,229.0,0,1,164.0,0,0.9,0,0,3,0
48.3,1,2,118.3,147.4,0,0,124.6,0,0.8,2,3,2,0
53.0,1,0,143.0,225.8,0,0,109.3,1,0.0,2,0,3,1
57.6,1,1,125.7,221.8,0,1,143.9,0,0.4,1,4,3,1
41.8,1,2,120.7,237.2,1,1,195.6,0,0.9,0,0,3,1
44.2,1,0,118.3,168.2,0,1,144.7,1,2.9,0,0,1,0
58.0,1,0,137.8,269.8,0,0,181.5,0,0.0,2,0,2,1
58.1,1,0,169.9,328.3,0,0,138.2,1,3.4,0,0,3,0
44.0,1,0,112.0,287.8,0,0,152.4,0,0.1,2,1,2,0
61.0,1,0,141.6,207.2,0,0,139.3,1,1.9,2,1,3,0
44.9,1,1,101.2,194.7,1,1,156.1,0,0.1,2,0,3,1
55.1,1,0,132.9,352.7,0,1,130.4,1,1.2,1,1,3,0
56.4,1,0,139.5,192.0,0,1,145.4,0,0.3,1,0,1,1
62.9,0,0,150.0,408.4,0,0,155.0,0,4.1,1,3,3,0
43.6,1,1,119.3,224.5,0,1,171.1,0,0.0,2,0,2,1
64.6,1,2,124.9,307.9,0,1,131.6,1,1.8,1,0,3,0
49.9,0,2,138.6,307.1,0,0,143.0,0,1.6,2,1,2,1
56.2,0,0,140.3,238.9,0,1,124.1,1,0.2,1,0,3,0
51.8,1,1,117.6,322.6,0,1,172.7,0,0.1,2,0,2,1
50.4,1,0,150.1,239.8,0,0,127.5,0,2.6,1,0,3,0
54.0,1,2,150.0,235.2,0,0,166.1,0,1.6,2,0,3,1
70.3,1,0,131.0,320.8,0,0,111.2,0,2.4,1,3,2,0
62.5,1,1,118.7,281.9,0,0,103.1,0,1.4,1,1,3,0
42.9,1,0,132.1,251.9,1,0,142.7,1,0.0,1,4,3,0
56.4,0,0,141.2,236.4,0,1,123.2,1,0.2,1,0,3,0
67.1,0,2,151.2,275.4,0,1,172.2,0,0.0,2,1,2,1
57.3,1,0,166.0,287.8,1,0,123.8,0,1.0,1,3,3,0
53.7,1,0,140.8,238.1,0,1,159.8,0,1.2,2,0,2,1
58.2,1,2,111.1,229.4,0,0,164.5,0,2.6,1,1,3,0
43.3,1,1,120.9,224.5,0,1,169.9,0,0.0,2,0,2,1
50.7,0,2,139.5,312.2,0,0,139.2,0,1.5,2,1,2,1
52.3,1,3,117.0,187.2,0,0,189.2,0,0.0,1,0,1,1
54.9,0,1,136.7,247.0,0,0,161.5,0,1.5,1,0,2,1
48.1,1,2,123.8,257.6,1,1,173.6,0,0.0,2,2,2,1
65.3,0,0,150.3,225.5,0,0,113.3,0,1.0,1,3,3,0
61.1,1,2,150.9,244.8,1,1,136.9,1,1.0,1,0,2,1
62.7,0,0,150.0,406.4,0,0,152.5,0,4.0,1,3,3,0
62.6,0,0,108.3,269.6,0,1,170.8,1,1.9,1,2,2,0
66.7,1,0,160.6,226.5,0,0,139.9,0,2.3,2,0,1,1
39.2,0,2,138.6,221.1,0,1,153.8,0,0.0,1,0,2,1
63.7,0,2,139.0,308.7,0,1,133.3,0,0.2,2,0,3,1
70.4,1,1,155.6,249.0,0,0,142.6,0,0.0,2,0,2,1
43.6,1,2,129.1,314.5,0,1,163.1,0,1.9,2,1,2,1
36.8,0,2,120.5,214.8,0,1,171.6,0,0.0,2,0,2,1
63.7,1,3,171.4,224.9,0,0,156.3,0,0.5,1,0,3,1
57.6,1,0,113.4,319.7,0,2,140.0,0,4.3,0,3,1,0
46.2,1,1,100.0,198.1,1,1,156.4,0,0.0,2,0,3,1
75.9,0,2,139.9,192.3,0,2,116.7,0,1.1,1,0,2,1
55.4,1,0,140.0,218.2,0,1,110.7,1,5.6,0,0,3,0
62.9,1,2,129.5,231.8,0,1,147.5,0,1.7,1,3,3,1
57.3,1,0,110.3,333.7,0,1,143.7,1,3.0,1,1,3,0
57.0,1,0,133.0,203.5,0,1,168.6,1,0.0,2,0,3,1
65.9,0,2,145.9,277.6,0,0,152.2,0,0.0,1,1,2,1
38.7,1,0,117.6,222.3,0,1,141.5,0,1.2,1,0,3,0
34.7,0,0,139.0,181.8,0,1,180.3,0,1.3,2,0,2,1
44.8,1,0,141.5,308.9,0,0,147.5,1,0.0,1,3,3,0
51.9,1,0,107.6,232.8,1,1,149.0,0,0.2,2,3,3,1
63.9,0,0,132.1,299.3,0,1,120.6,0,2.0,1,2,2,1
45.1,1,0,121.2,249.1,0,0,145.1,0,0.8,2,0,3,0
54.3,1,0,110.3,206.0,0,0,109.8,1,0.0,1,1,2,0
41.1,0,2,112.6,277.6,0,0,173.9,1,0.0,2,0,2,1
47.2,1,2,108.3,249.5,0,1,152.1,0,0.0,2,0,2,0
43.7,1,1,119.3,258.2,0,1,172.8,0,0.0,2,0,3,1
41.0,1,3,138.2,201.5,0,1,178.0,1,1.4,2,0,3,1
53.9,0,2,135.9,302.2,1,1,171.3,0,0.0,2,0,2,1
47.0,1,0,109.5,274.5,0,0,118.3,1,0.9,1,1,2,0
56.4,1,3,119.6,190.7,0,0,162.0,0,1.9,1,0,3,1
52.5,1,3,151.7,296.3,1,1,178.0,0,1.2,1,0,3,1
46.5,1,0,110.8,273.1,0,0,117.8,1,1.0,1,1,2,0
46.3,1,2,151.6,231.9,0,1,148.3,0,3.6,1,0,2,0
59.4,1,2,124.6,216.3,1,1,134.0,0,2.3,1,1,1,0
57.5,0,0,99.9,248.6,0,0,120.1,0,0.9,1,0,2,1
66.6,1,0,99.7,301.4,0,0,124.2,1,0.9,1,2,2,0
59.6,1,0,138.4,271.0,0,0,182.3,0,0.0,2,0,2,1
63.9,0,0,129.3,304.5,0,1,121.3,0,1.9,1,2,2,1
64.6,0,0,129.3,300.1,0,1,121.8,0,2.1,1,2,2,1
60.9,1,2,150.3,241.4,1,1,137.0,1,0.9,1,0,2,1
59.5,1,2,140.1,187.6,0,0,154.3,0,3.0,1,0,2,0
61.7,0,2,128.4,265.4,0,1,96.9,0,1.3,1,1,3,0
66.3,1,0,120.0,240.9,0,1,71.3,0,0.9,1,0,2,0
64.6,1,0,134.1,252.2,0,0,125.8,0,2.8,1,1,3,0
41.2,0,1,124.1,300.0,0,1,162.3,0,0.0,2,0,2,1
43.6,1,2,130.5,238.5,0,1,180.1,1,0.4,2,0,2,1
55.9,1,0,110.9,336.6,0,1,140.2,1,2.9,1,1,3,0
58.5,0,0,99.9,247.0,0,0,122.6,0,0.9,1,0,2,1
70.5,0,2,110.5,271.0,1,0,130.5,0,0.1,2,1,2,1
48.9,1,2,120.3,189.2,0,1,138.9,0,2.0,1,3,3,0
62.4,0,0,142.2,268.4,0,0,160.0,0,3.6,0,2,2,0
64.8,0,0,150.7,226.1,0,0,113.2,0,1.1,1,3,3,0
51.1,1,1,119.3,322.3,0,1,171.0,0,0.2,2,0,2,1
56.9,1,1,155.3,232.0,0,0,162.3,0,0.1,2,1,2,0
67.8,1,2,119.5,280.0,0,1,153.0,0,1.0,2,1,3,1
57.9,1,0,114.3,316.1,0,2,141.9,0,4.4,0,3,1,0
56.2,1,2,129.0,231.0,0,0,151.1,0,0.4,1,1,3,0
56.4,1,1,118.7,241.8,0,1,169.8,0,0.1,0,0,2,1
45.9,1,0,119.5,250.4,0,0,143.4,0,0.8,2,0,3,0
59.0,1,0,109.8,236.1,0,0,140.5,1,1.2,1,1,3,0
59.1,1,0,115.8,225.9,1,1,157.9,1,1.3,2,2,3,0
53.7,1,0,121.0,181.6,0,1,111.9,0,1.4,1,1,3,0
57.0,1,2,150.2,127.9,1,1,173.7,0,0.1,2,1,3,1
48.0,1,2,106.7,242.5,0,1,153.5,0,0.0,2,0,2,0
40.8,0,1,124.9,304.3,0,1,161.9,0,0.0,2,0,2,1
52.1,1,2,171.9,193.6,1,1,161.0,0,0.5,2,0,3,1
43.5,1,2,129.7,312.3,0,1,161.7,0,1.8,2,1,2,1
67.5,0,2,153.5,274.6,0,1,171.6,0,0.0,2,1,2,1
50.5,1,2,124.1,247.8,1,0,165.7,0,2.5,1,0,2,1
42.0,0,2,119.4,201.3,0,1,173.9,0,0.0,1,0,2,1
38.8,1,0,152.8,223.3,0,1,182.2,0,0.0,2,0,3,0
59.6,1,0,130.8,201.1,0,0,133.3,1,2.3,1,2,3,0
52.0,1,1,119.9,322.7,0,1,172.8,0,0.2,2,0,2,1
43.0,1,2,131.1,317.0,0,1,162.1,0,1.9,2,1,2,1
54.3,1,0,121.9,286.3,0,0,115.0,1,3.2,1,2,2,0
50.8,0,2,121.1,216.6,0,1,157.3,0,1.7,1,0,2,1
42.9,1,0,114.9,303.1,0,1,182.4,0,1.2,1,0,2,1
56.7,1,0,124.9,247.1,1,0,143.1,1,1.2,1,1,2,0
59.6,1,0,163.7,175.8,1,0,89.0,0,1.0,1,2,1,0
63.2,1,3,144.7,233.0,1,0,148.7,0,2.3,0,0,1,1
56.6,1,0,130.4,187.2,0,0,106.6,1,2.1,1,1,1,0
57.1,1,0,166.1,289.3,1,0,126.1,0,1.1,1,3,3,0
29.4,1,1,131.1,207.1,0,0,203.9,0,0.0,2,0,2,1
54.2,1,0,119.9,187.4,0,1,115.2,0,1.3,1,1,3,0
53.1,1,3,117.9,184.8,0,0,192.7,0,0.1,1,0,1,1
45.4,1,3,109.6,263.5,0,1,133.4,0,1.2,1,0,3,0
43.4,0,2,121.4,214.4,0,1,163.6,0,0.3,1,0,2,1
49.8,1,0,151.2,242.6,0,0,126.9,0,2.6,1,0,3,0
50.8,1,2,126.0,244.6,1,0,166.5,0,2.4,1,0,2,1
61.2,1,0,140.3,205.8,0,0,137.4,1,1.9,2,1,3,0
46.9,1,0,108.1,274.3,0,0,115.9,1,0.9,1,1,2,0
55.5,1,0,139.2,220.3,0,1,110.7,1,5.5,0,0,3,0
55.9,1,1,120.2,238.4,0,1,168.8,0,0.0,0,0,2,1
64.5,1,3,110.2,209.4,0,0,145.4,1,1.8,1,0,2,1
45.9,0,2,143.2,180.1,0,0,158.5,1,1.4,0,0,2,1
53.3,0,2,129.6,212.9,0,0,115.5,0,0.0,2,0,0,1
39.9,1,0,152.0,225.1,0,1,181.6,0,0.0,2,0,3,0
56.4,1,0,129.2,279.0,1,0,104.5,1,1.6,0,0,3,0
45.3,1,0,141.0,306.2,0,0,148.1,1,0.1,1,3,3,0
68.2,1,2,118.0,275.9,0,1,150.6,0,1.0,2,1,3,1
50.7,1,2,101.7,219.9,0,1,142.6,1,1.2,1,0,2,1
43.6,1,0,150.3,245.1,0,1,171.2,0,1.6,2,0,2,1
55.1,0,0,128.9,201.6,0,2,130.6,1,1.9,1,1,3,0
53.8,1,0,122.1,285.7,0,0,119.4,1,3.1,1,2,2,0
58.2,1,0,124.0,302.1,0,0,170.3,0,0.0,2,2,3,0
61.2,0,0,151.9,244.1,0,1,154.5,1,1.4,1,0,2,0
54.5,1,0,122.9,263.5,0,0,110.9,1,2.2,1,1,3,0
47.1,1,0,110.1,272.7,0,0,120.0,1,0.9,1,1,2,0
56.1,1,2,129.8,254.6,1,0,144.4,1,0.4,1,1,1,0
43.5,0,2,108.3,139.8,0,1,174.8,0,0.7,1,0,2,1
59.1,1,2,126.5,213.4,1,1,133.2,0,2.2,1,1,1,0
48.9,1,2,120.2,187.1,0,1,139.0,0,2.0,1,3,3,0
63.0,0,2,137.1,252.4,0,0,172.2,0,0.1,2,0,2,1
57.0,1,1,123.4,260.8,0,1,141.5,0,0.4,2,0,3,0
50.2,1,0,140.9,302.7,0,1,174.3,1,1.7,2,0,3,0
57.3,0,0,140.2,241.5,0,1,124.3,1,0.3,1,0,3,0
66.7,1,0,118.0,225.5,0,0,127.8,1,2.6,1,2,3,0
61.3,0,0,139.8,389.4,0,0,158.4,0,1.3,1,0,2,1
44.0,1,0,121.3,178.2,0,0,120.2,1,2.5,1,0,3,0
61.9,0,0,159.5,166.0,0,0,143.7,0,6.0,0,3,3,0
52.7,1,0,139.3,204.2,1,0,156.0,1,3.0,0,0,3,0
56.2,1,3,120.4,190.9,0,0,161.7,0,1.9,1,0,3,1
52.0,1,3,152.4,296.1,1,1,177.9,0,1.2,1,0,3,1
45.7,1,2,150.3,228.4,0,1,147.5,0,3.7,1,0,2,0
44.5,1,1,130.0,216.0,0,0,186.9,0,0.0,2,0,2,1
75.7,0,2,140.0,197.8,0,2,115.4,0,1.1,1,0,2,1
67.1,1,2,179.8,274.7,1,0,149.5,1,1.6,1,0,3,0
60.3,1,3,133.3,235.3,0,1,144.2,0,2.6,1,2,2,0
54.7,1,1,191.5,283.4,0,0,195.0,0,0.1,2,1,3,0
56.6,1,0,149.8,273.9,0,0,114.0,1,0.5,1,1,1,0
54.2,1,2,126.0,273.0,0,0,153.5,0,0.5,0,1,2,1
57.1,0,0,100.8,247.3,0,0,123.2,0,1.0,1,0,2,1
56.5,1,0,164.1,290.5,1,0,123.1,0,1.0,1,3,3,0
75.2,0,1,120.3,269.1,0,0,120.3,1,0.1,2,1,2,1
59.4,1,0,138.1,296.2,0,0,171.2,0,1.2,1,2,3,0
43.1,1,0,131.8,250.8,1,0,143.0,1,0.1,1,4,3,0
62.6,0,0,108.7,271.7,0,1,169.2,1,1.8,1,2,2,0
39.0,0,2,94.5,194.8,0,1,178.7,0,0.0,2,0,2,1
62.0,0,0,150.0,246.6,0,1,151.8,1,1.4,1,0,2,0
43.1,1,0,135.1,318.5,0,1,125.6,1,1.8,1,0,1,0
56.7,1,3,120.5,192.4,0,0,163.2,0,2.0,1,0,3,1
41.8,1,2,120.6,240.4,1,1,195.2,0,0.8,0,0,3,1
61.1,1,0,148.3,201.0,0,1,161.4,0,0.0,2,1,3,0
53.1,0,0,137.2,234.8,0,0,159.8,0,0.0,2,0,2,1
56.7,1,1,154.6,235.6,0,0,164.0,0,0.0,2,1,2,0
60.6,1,2,140.1,183.9,0,0,154.5,0,3.0,1,0,2,0
52.0,1,0,127.1,202.7,1,1,155.8,1,1.0,1,0,0,0
53.2,1,2,131.2,246.4,1,0,172.0,0,0.0,2,3,2,1
44.5,1,1,121.1,218.2,0,1,171.0,0,0.0,2,0,2,1
55.9,1,1,128.6,219.9,0,0,163.4,0,0.0,2,0,3,1
62.3,0,0,160.2,163.5,0,0,142.9,0,6.0,0,3,3,0
50.9,1,0,139.6,259.0,0,0,185.5,1,0.1,2,0,2,1
76.2,0,2,140.1,194.5,0,2,116.1,0,1.1,1,0,2,1
57.0,1,0,110.8,332.0,0,1,144.1,1,3.0,1,1,3,0
63.8,0,0,180.1,325.9,0,1,152.4,1,0.1,2,0,2,1
53.8,0,2,108.6,215.0,0,1,159.3,0,1.6,1,0,2,1
52.2,1,1,127.7,205.7,1,1,186.5,0,0.0,2,0,2,1
42.0,1,2,121.1,239.8,1,1,192.9,0,0.8,0,0,3,1
57.2,1,2,129.0,229.5,0,0,148.4,0,0.4,1,1,3,0
35.3,1,0,126.5,283.6,0,0,156.2,1,0.0,2,0,3,0
51.4,1,1,121.3,325.8,0,1,170.2,0,0.2,2,0,2,1
44.4,1,0,111.9,289.2,0,0,154.3,0,0.0,2,1,2,0
36.4,0,2,119.6,218.5,0,1,172.1,0,0.0,2,0,2,1
53.8,1,2,131.5,246.1,1,0,174.6,0,0.0,2,3,2,1
50.0,1,0,148.5,246.0,0,0,126.1,0,2.6,1,0,3,0
57.5,1,0,125.3,304.4,0,0,170.0,0,0.1,2,2,3,0
50.2,1,2,139.2,229.4,0,1,162.1,0,0.6,1,1,3,0
55.7,1,0,141.4,218.1,0,1,110.3,1,5.6,0,0,3,0
58.3,1,2,111.9,228.5,0,0,165.4,0,2.5,1,1,3,0
53.4,1,2,119.7,254.7,0,0,146.8,0,0.3,1,0,3,1
55.7,1,0,130.7,186.4,0,0,106.0,1,2.2,1,1,1,0
58.2,1,3,133.0,208.4,0,1,160.6,0,0.8,2,2,2,0
62.4,0,0,151.7,408.4,0,0,153.2,0,4.0,1,3,3,0
50.6,1,3,123.8,210.0,0,0,124.6,1,1.4,2,1,2,1
42.4,1,3,149.0,243.2,0,0,179.1,0,0.8,2,2,2,1
28.2,1,1,131.7,204.0,0,0,201.3,0,0.0,2,0,2,1
51.9,1,3,118.5,183.2,0,0,191.1,0,0.0,1,0,1,1
42.3,0,2,120.9,210.4,0,1,170.8,0,0.0,1,0,2,1
47.6,1,1,129.5,240.4,0,0,178.4,0,0.2,1,0,2,1
47.9,1,0,121.4,218.3,0,0,189.1,0,0.0,2,0,2,1
35.1,1,0,119.0,198.9,0,1,129.7,1,1.7,1,0,3,0
40.8,1,1,135.6,207.5,0,1,132.5,0,0.0,1,0,1,1
51.1,1,2,95.4,228.2,0,1,153.0,1,0.0,2,1,3,1
46.3,1,2,150.6,231.7,0,1,146.5,0,3.7,1,0,2,0
46.7,1,0,140.5,310.4,0,1,120.2,1,1.8,1,2,3,0
46.9,1,2,137.0,252.0,0,0,156.7,0,0.0,2,0,2,1
58.9,1,0,162.8,172.4,1,0,89.6,0,1.0,1,2,1,0
42.0,1,1,120.7,293.8,0,1,161.3,0,0.0,2,0,2,1
60.5,1,2,141.1,187.3,0,0,155.1,0,3.0,1,0,2,0
41.3,1,1,136.1,205.2,0,1,130.6,0,0.0,1,0,1,1
45.8,0,2,142.6,173.8,0,0,161.6,1,1.5,0,0,2,1
65.7,1,0,136.2,249.6,0,0,126.8,0,2.8,1,1,3,0
59.5,1,0,117.3,232.7,1,1,158.9,1,1.4,2,2,3,0
64.1,1,0,120.2,247.1,0,0,95.9,1,2.2,0,1,2,0
58.7,1,2,127.4,217.5,1,1,135.6,0,2.2,1,1,1,0
66.2,1,1,159.4,246.0,0,1,121.6,1,0.0,1,3,1,0
58.0,1,0,114.1,317.9,0,2,139.9,0,4.3,0,3,1,0
54.3,0,2,111.3,213.6,0,1,158.7,0,1.5,1,0,2,1
50.7,1,0,141.2,302.3,0,1,121.9,1,4.3,1,3,3,0
66.2,1,0,119.9,300.4,0,0,154.2,0,0.4,1,0,2,1
47.5,1,1,131.6,244.7,0,0,180.3,0,0.3,1,0,2,1
58.2,0,1,137.4,316.6,1,0,151.0,0,0.0,2,2,2,0
66.0,0,2,145.9,274.1,0,0,151.8,0,0.0,1,1,2,1
64.6,1,0,120.1,246.7,0,0,96.1,1,2.2,0,1,2,0
46.1,0,2,142.5,179.0,0,0,161.3,1,1.4,0,0,2,1
52.2,1,0,127.3,202.0,1,1,154.9,1,1.0,1,0,0,0
54.5,1,0,139.1,217.5,0,1,109.6,1,5.6,0,0,3,0
39.3,1,0,118.0,215.7,0,1,141.7,0,1.2,1,0,3,0
42.0,1,2,119.2,237.4,1,1,193.2,0,0.8,0,0,3,1
45.4,1,0,139.4,314.4,0,1,119.6,1,1.8,1,2,3,0
60.8,1,0,123.9,257.1,0,0,140.7,1,2.8,1,1,3,0
48.3,1,1,108.7,227.5,0,1,167.5,0,1.1,0,0,3,0
44.6,1,2,138.7,242.5,0,0,179.9,0,0.0,2,0,2,1
67.3,1,0,125.9,257.0,1,1,163.4,0,0.2,1,2,3,0
57.1,0,3,150.7,284.9,1,0,162.2,0,0.9,2,0,2,1
51.5,1,1,128.1,205.3,1,1,182.7,0,0.0,2,0,2,1
52.7,0,0,137.9,229.2,0,0,158.4,0,0.1,2,0,2,1
59.0,1,0,138.4,267.3,0,0,182.0,0,0.0,2,0,2,1
40.8,1,1,134.1,203.3,0,1,132.7,0,0.0,1,0,1,1
54.6,1,0,133.5,350.9,0,1,133.7,1,1.2,1,1,3,0
67.1,1,0,119.7,239.1,0,1,70.0,0,1.0,1,0,2,0
59.0,1,2,126.1,217.0,1,1,134.6,0,2.4,1,1,1,0
46.2,1,0,141.5,310.2,0,1,120.3,1,1.7,1,2,3,0
55.0,0,0,180.1,324.0,0,2,115.9,1,3.4,1,0,2,0
49.2,1,2,119.8,190.5,0,1,138.9,0,1.9,1,3,3,0
57.0,0,1,135.3,319.3,1,0,152.1,0,0.0,2,2,2,0
66.9,0,2,152.8,278.4,0,1,172.2,0,0.0,2,1,2,1
57.1,1,2,128.1,229.6,0,0,149.4,0,0.4,1,1,3,0
51.3,1,0,139.4,294.4,0,1,173.3,1,1.5,2,0,3,0
45.6,1,1,102.2,201.1,1,1,156.8,0,0.1,2,0,3,1
48.3,0,2,130.5,277.9,0,1,138.6,0,0.1,2,0,2,1
54.6,1,2,120.6,263.5,0,0,146.5,0,0.4,1,0,3,1
60.8,1,2,151.0,241.5,1,1,134.4,1,1.1,1,0,2,1
58.2,1,2,111.9,231.7,0,0,165.5,0,2.4,1,1,3,0
56.9,1,2,133.7,222.9,0,0,169.5,0,3.3,2,2,3,0
48.2,1,0,129.6,255.1,1,0,150.4,1,0.0,2,2,3,0
48.5,0,0,130.2,268.5,0,1,161.6,0,0.0,2,0,2,1
57.7,1,2,141.1,208.4,1,0,164.3,0,0.0,2,0,2,1
63.8,1,3,171.3,223.5,0,0,156.4,0,0.5,1,0,3,1
37.1,1,2,129.3,249.4,0,1,185.2,0,3.6,0,0,2,1
67.8,0,2,121.3,206.3,0,0,114.2,0,1.4,1,0,2,1
63.7,1,3,110.3,210.7,0,0,142.6,1,1.8,1,0,2,1
39.0,1,0,115.2,217.8,0,1,139.5,0,1.3,1,0,3,0
76.6,1,0,125.3,305.2,0,0,162.1,1,0.0,2,3,2,0
54.2,1,0,159.1,291.4,0,0,144.4,1,0.7,1,1,3,0
40.3,1,0,110.0,174.4,0,0,159.8,0,0.0,2,0,3,0
65.6,1,0,159.8,222.0,0,0,136.8,0,2.3,2,0,1,1
56.9,0,0,121.4,357.6,0,1,161.1,1,0.5,2,0,2,1
59.6,0,3,150.2,240.2,0,1,172.4,0,1.0,2,0,2,1
54.3,0,1,131.4,287.9,1,0,158.1,1,0.0,2,1,2,1
54.4,0,2,110.2,215.4,0,1,158.3,0,1.6,1,0,2,1
62.8,1,0,131.4,253.9,0,0,145.8,0,1.4,1,1,3,0
63.0,1,0,131.3,333.8,1,0,130.8,1,1.8,2,3,3,0
57.5,0,0,99.6,248.6,0,0,121.6,0,1.0,1,0,2,1
70.3,1,2,160.8,265.3,0,1,112.3,1,2.8,1,1,3,0
68.4,0,2,120.7,212.8,0,0,114.9,0,1.5,1,0,2,1
65.1,0,2,154.9,266.9,0,1,147.6,0,0.7,2,0,2,1
47.5,0,1,133.0,267.8,0,1,161.2,0,0.0,1,0,2,1
50.3,1,0,148.9,239.7,0,0,126.9,0,2.6,1,0,3,0
46.5,1,0,109.9,271.9,0,0,117.7,1,1.0,1,1,2,0
54.0,1,0,120.5,189.6,0,1,113.1,0,1.3,1,1,3,0
57.9,0,0,171.0,224.7,1,0,145.9,1,2.8,1,2,1,0
60.9,1,2,149.0,243.2,1,1,137.5,1,0.9,1,0,2,1
56.0,1,0,125.5,246.9,1,0,143.6,1,1.2,1,1,2,0
50.9,0,2,120.1,292.8,0,0,157.7,0,0.7,2,0,2,1
45.1,0,1,112.1,154.9,0,1,138.1,0,0.0,1,0,2,1
63.2,0,1,140.5,194.0,0,1,179.2,0,0.0,2,2,2,1
57.9,1,0,132.8,210.2,0,1,168.7,1,0.0,2,0,3,1
65.3,0,2,154.4,268.2,0,1,146.8,0,0.8,2,0,2,1
54.1,0,1,130.6,285.6,1,0,160.4,1,0.0,2,1,2,1
67.7,1,0,119.9,223.3,0,0,127.9,1,2.6,1,2,3,0
66.8,1,0,119.8,235.0,0,1,71.5,0,0.9,1,0,2,0
62.3,1,0,120.3,267.3,0,1,99.9,1,1.8,1,2,3,0
57.9,1,0,110.3,197.7,0,1,126.0,1,1.5,1,0,1,1
57.2,1,1,124.7,226.2,0,1,145.4,0,0.4,1,4,3,1
66.6,0,2,114.2,561.4,0,0,160.2,0,1.6,1,0,3,1
51.4,1,0,111.2,233.1,0,1,158.9,0,0.0,2,1,2,0
49.8,1,2,128.1,195.3,0,1,161.4,0,0.0,2,0,2,1
61.1,1,0,120.6,261.1,0,1,139.5,1,3.6,1,1,3,0
58.2,1,3,160.2,277.2,0,0,126.3,0,0.1,2,0,2,0
69.3,1,2,138.6,254.0,0,0,144.6,0,1.9,1,3,3,0
43.0,0,2,121.7,211.0,0,1,165.6,0,0.2,1,0,2,1
38.0,1,3,119.6,230.5,0,1,183.7,1,3.7,1,0,3,0
49.6,1,2,117.8,145.2,0,0,126.6,0,0.8,2,3,2,0
51.2,1,2,124.5,243.4,1,0,165.7,0,2.4,1,0,2,1
60.4,1,0,140.6,290.4,0,0,170.4,0,1.2,1,2,3,0
60.0,1,0,138.0,289.8,0,0,169.3,0,1.2,1,2,3,0
59.4,1,0,116.5,225.7,1,1,160.5,1,1.4,2,2,3,0
57.3,1,0,129.8,129.5,0,1,116.9,1,1.2,1,1,3,0
54.1,0,2,158.7,200.0,0,1,162.2,0,0.0,2,1,2,1
51.4,1,0,124.9,210.3,0,1,168.0,0,1.1,2,2,3,0
64.6,0,0,180.6,324.2,0,1,153.2,1,0.0,2,0,2,1
57.5,1,2,112.5,236.6,0,0,164.6,0,2.5,1,1,3,0
45.6,1,0,103.6,206.4,0,0,148.9,1,3.0,1,0,2,1
60.6,1,3,134.3,233.7,0,1,145.1,0,2.6,1,2,2,0
53.6,1,1,108.1,308.8,0,1,157.9,0,0.0,2,0,3,1
66.6,1,1,160.5,241.7,0,1,119.6,1,0.1,1,3,1,0
56.0,1,3,121.1,192.5,0,0,159.7,0,2.0,1,0,3,1
66.8,1,0,159.8,286.1,0,0,107.5,1,1.5,1,3,2,0
41.7,1,1,119.7,292.7,0,1,163.2,0,0.1,2,0,2,1
67.1,1,0,144.9,195.0,1,1,141.1,0,3.4,1,2,3,0
44.4,1,2,140.5,237.6,0,0,180.5,0,0.1,2,0,2,1
52.8,0,0,138.3,232.6,0,0,161.4,0,0.1,2,0,2,1
74.0,0,1,119.2,270.2,0,0,121.4,1,0.1,2,1,2,1
45.0,1,3,110.8,263.1,0,1,132.9,0,1.2,1,0,3,0
62.5,1,0,129.8,332.1,1,0,130.9,1,1.8,2,3,3,0
67.4,0,2,114.3,565.0,0,0,158.5,0,1.6,1,0,3,1
61.0,1,3,133.8,235.5,0,1,147.0,0,2.6,1,2,2,0
52.5,1,2,128.3,196.6,1,0,151.9,0,1.3,0,0,2,1
60.8,1,0,132.8,203.6,0,0,131.9,1,2.4,1,2,3,0
58.1,1,0,115.0,318.6,0,2,139.9,0,4.3,0,3,1,0
43.7,1,2,130.9,227.5,0,1,177.6,1,0.4,2,0,2,1
60.1,0,0,148.9,258.7,0,0,155.2,0,2.7,1,2,3,0
51.9,1,2,172.0,199.7,1,1,162.5,0,0.5,2,0,3,1
55.8,1,3,120.3,192.3,0,0,161.8,0,1.9,1,0,3,1
68.8,1,2,140.0,254.5,0,0,145.1,0,2.0,1,3,3,0
57.5,1,1,125.4,258.7,0,1,139.2,0,0.3,2,0,3,0
59.1,1,2,150.4,209.7,1,1,156.8,0,1.6,2,0,2,1
54.1,0,2,160.1,199.8,0,1,161.1,0,0.0,2,1,2,1
53.5,0,1,132.9,285.3,1,0,158.9,1,0.0,2,1,2,1
53.8,0,2,111.0,216.8,0,1,159.8,0,1.5,1,0,2,1
34.5,1,1,121.2,188.1,0,1,175.0,0,0.1,2,0,2,1
54.7,1,0,118.6,188.1,0,1,112.7,0,1.4,1,1,3,0
51.7,1,1,135.5,195.0,0,1,158.8,0,0.8,2,1,2,1
33.5,1,3,118.0,186.2,0,0,175.1,0,0.1,2,0,2,1
66.9,0,0,106.0,224.3,0,1,139.8,0,0.3,2,2,2,1
66.9,0,2,151.5,277.9,0,1,173.0,0,0.1,2,1,2,1
47.8,1,0,121.7,220.9,0,0,187.1,0,0.0,2,0,2,1
62.5,1,0,128.7,251.8,0,0,146.6,0,1.4,1,1,3,0
35.2,1,0,120.7,192.5,0,1,129.4,1,1.6,1,0,3,0
63.5,1,0,127.6,254.2,0,0,146.3,0,1.3,1,1,3,0
57.4,1,0,131.7,209.1,0,1,167.3,1,0.0,2,0,3,1
50.4,0,2,119.8,226.6,0,1,158.9,0,1.6,1,0,2,1
62.8,1,0,130.4,252.6,0,0,146.2,0,1.4,1,1,3,0
54.6,1,0,158.2,287.9,0,0,147.5,1,0.8,1,1,3,0
41.4,1,3,147.4,245.2,0,0,177.2,0,0.8,2,2,2,1
36.5,1,2,129.1,251.7,0,1,186.5,0,3.6,0,0,2,1
58.7,0,2,119.4,339.6,0,1,170.9,0,0.0,2,0,2,1
56.3,1,0,111.5,196.4,0,1,125.2,1,1.5,1,0,1,1
49.2,1,2,120.2,190.0,0,1,139.0,0,2.0,1,3,3,0
29.4,1,1,130.1,206.5,0,0,200.7,0,0.0,2,0,2,1
60.3,1,2,150.9,238.1,1,1,136.1,1,0.9,1,0,2,1
48.2,1,1,130.4,250.6,0,0,179.0,0,0.2,1,0,2,1
39.2,1,2,141.1,321.5,0,0,182.4,0,0.0,2,0,2,1
37.7,1,2,139.1,175.0,0,1,173.6,0,0.0,2,4,2,1
64.1,0,0,179.4,324.1,0,1,152.8,1,0.0,2,0,2,1
67.8,1,0,121.7,227.0,0,0,129.9,1,2.6,1,2,3,0
53.2,1,2,171.0,198.0,1,1,161.3,0,0.6,2,0,3,1
62.0,0,0,161.0,164.6,0,0,143.5,0,6.0,0,3,3,0
61.8,1,0,137.3,167.0,0,0,126.9,1,3.6,1,1,2,0
41.7,1,2,119.1,238.2,1,1,195.4,0,0.8,0,0,3,1
63.5,1,0,140.3,188.8,0,0,144.6,1,4.1,2,2,3,0
44.0,0,2,107.8,133.1,0,1,175.9,0,0.5,1,0,2,1
58.7,1,0,128.2,212.1,0,0,130.6,1,2.2,1,3,3,0
65.0,1,0,111.2,247.9,0,0,158.3,0,0.6,2,2,1,0
71.7,0,0,112.8,146.7,0,1,123.6,0,1.6,1,0,2,1
64.2,1,2,140.7,332.8,0,1,158.5,0,0.1,2,0,2,0
67.1,1,0,120.0,226.4,0,0,127.9,1,2.5,1,2,3,0
62.1,0,0,140.5,390.6,0,0,155.8,0,1.2,1,0,2,1
62.3,1,1,119.8,283.2,0,0,101.0,0,1.3,1,1,3,0
57.6,1,2,111.1,231.6,0,0,163.6,0,2.4,1,1,3,0
59.8,1,0,164.3,175.1,1,0,89.6,0,1.1,1,2,1,0
62.8,1,0,138.8,191.3,0,0,144.6,1,4.0,2,2,3,0
49.9,0,0,110.0,256.6,0,0,158.6,0,0.0,2,0,2,1
39.3,0,2,95.1,199.8,0,1,179.6,0,0.0,2,0,2,1
48.2,1,1,109.9,227.8,0,1,166.3,0,1.1,0,0,3,0
57.6,1,2,133.3,222.0,0,0,172.8,0,3.2,2,2,3,0
29.7,1,1,129.5,209.2,0,0,202.2,0,0.0,2,0,2,1
61.1,1,0,120.6,263.5,0,1,139.3,1,3.6,1,1,3,0
52.4,1,0,124.5,210.1,0,1,169.0,0,1.0,2,2,3,0
51.2,1,1,129.6,207.4,1,1,185.7,0,0.0,2,0,2,1
48.4,0,0,128.6,271.2,0,1,163.4,0,0.0,2,0,2,1
58.5,1,1,140.6,221.1,0,1,163.1,1,0.0,2,0,2,1
70.4,1,0,146.1,172.1,0,1,126.0,1,2.6,0,0,3,0
42.9,1,0,119.5,175.6,0,0,119.3,1,2.5,1,0,3,0
51.9,1,0,129.1,205.3,1,1,154.6,1,1.0,1,0,0,0
53.9,1,2,150.4,231.8,0,0,164.2,0,1.5,2,0,3,1
39.1,1,2,140.3,320.3,0,0,182.7,0,0.0,2,0,2,1
54.8,1,1,191.4,279.9,0,0,194.3,0,0.1,2,1,3,0
48.8,1,2,118.3,187.0,0,1,137.8,0,1.9,1,3,3,0
53.4,1,0,119.1,188.9,0,1,112.5,0,1.4,1,1,3,0
59.0,1,0,162.9,177.0,1,0,89.3,0,1.0,1,2,1,0
68.8,1,2,119.5,279.2,0,1,149.7,0,0.9,2,1,3,1
42.5,0,0,132.4,341.9,1,0,135.4,1,3.0,1,0,3,0
59.6,1,0,140.4,292.8,0,0,171.7,0,1.1,1,2,3,0
57.7,1,0,113.7,318.4,0,2,140.2,0,4.4,0,3,1,0
58.5,1,2,125.7,217.3,1,1,134.8,0,2.2,1,1,1,0
46.5,1,2,107.5,244.8,0,1,151.1,0,0.0,2,0,2,0
64.0,1,0,145.5,211.4,0,0,133.2,0,2.0,1,2,1,0
50.5,1,0,140.9,254.8,0,0,185.3,1,0.0,2,0,2,1
58.6,1,0,141.2,177.2,0,1,162.1,1,0.0,2,1,3,0
54.1,1,0,122.3,289.7,0,0,114.3,1,3.2,1,2,2,0
64.2,0,0,178.8,327.1,0,1,154.2,1,0.0,2,0,2,1
61.1,0,0,146.0,306.7,0,0,147.0,1,1.0,1,0,3,0
58.5,1,0,162.7,178.0,1,0,90.3,0,1.0,1,2,1,0
46.4,1,2,128.7,252.4,0,1,178.4,0,0.0,2,0,2,1
51.6,1,2,138.8,219.0,0,1,168.8,0,0.0,2,4,2,1
43.0,1,0,149.9,250.7,0,1,173.6,0,1.4,2,0,2,1
58.5,1,0,149.1,269.9,0,0,111.2,1,0.8,2,0,3,0
45.9,1,0,119.5,248.9,0,0,143.6,0,0.7,2,0,3,0
57.3,0,0,139.3,240.8,0,1,123.2,1,0.1,1,0,3,0
57.2,1,1,155.6,230.5,0,0,165.0,0,0.0,2,1,2,0
58.6,1,0,114.1,321.1,0,2,140.8,0,4.4,0,3,1,0
57.9,1,2,141.3,206.9,1,0,164.7,0,0.0,2,0,2,1
54.9,1,0,140.0,221.3,0,1,111.6,1,5.7,0,0,3,0
58.6,0,3,150.3,287.0,1,0,161.3,0,1.0,2,0,2,1
42.6,1,1,120.2,294.0,0,1,161.6,0,0.1,2,0,2,1
54.4,1,2,150.1,229.5,0,0,167.8,0,1.6,2,0,3,1
47.7,1,0,121.1,225.9,0,0,187.3,0,0.0,2,0,2,1
54.2,1,2,124.2,272.7,0,0,151.3,0,0.7,0,1,2,1
61.6,0,0,138.4,297.4,1,1,107.6,0,1.9,1,3,2,0
63.7,0,0,180.8,324.6,0,1,153.2,1,0.0,2,0,2,1
54.7,0,2,112.8,213.3,0,1,156.7,0,1.6,1,0,2,1
52.0,1,1,121.3,323.5,0,1,171.0,0,0.2,2,0,2,1
48.9,1,2,119.5,184.8,0,1,137.4,0,1.9,1,3,3,0
64.8,0,2,161.7,358.2,0,0,150.1,0,0.7,2,0,2,1
53.1,0,2,135.2,304.6,1,1,169.6,0,0.0,2,0,2,1
53.6,0,2,107.6,271.5,0,0,166.2,0,0.1,2,0,2,1
57.7,1,2,105.4,237.0,0,0,154.7,1,0.6,1,0,3,1
58.3,1,1,123.9,219.7,0,1,144.2,0,0.4,1,4,3,1
53.8,1,1,108.3,307.9,0,1,157.4,0,0.0,2,0,3,1
66.2,1,2,150.8,207.8,0,0,147.4,0,0.9,1,0,3,0
33.6,1,3,117.1,181.6,0,0,172.7,0,0.0,2,0,2,1
43.8,1,1,119.9,216.7,0,1,171.5,0,0.1,2,0,2,1
41.9,1,1,118.4,155.9,0,1,181.3,0,0.0,2,0,2,1
59.7,1,0,129.2,202.1,0,0,131.9,1,2.4,1,2,3,0
46.3,0,1,105.2,202.1,0,1,171.3,0,0.0,2,0,2,1
65.0,1,0,119.8,174.4,0,1,141.2,0,0.5,2,0,3,1
66.7,0,2,114.8,564.6,0,0,160.9,0,1.6,1,0,3,1
41.0,1,2,131.0,211.6,0,0,168.9,0,2.0,1,0,2,1
65.7,1,0,120.5,303.9,0,0,149.2,0,0.4,1,0,2,1
56.2,0,0,132.9,408.7,0,0,151.4,1,1.9,1,2,3,0
46.9,1,0,113.1,199.4,0,1,144.6,0,0.1,2,0,2,1
51.5,1,1,119.1,327.2,0,1,173.1,0,0.2,2,0,2,1
62.4,0,0,137.7,294.4,1,1,106.4,0,2.0,1,3,2,0
58.3,1,0,109.6,237.9,0,0,142.1,1,1.1,1,1,3,0
62.2,0,0,160.1,164.1,0,0,145.2,0,6.0,0,3,3,0
57.6,1,0,109.7,204.2,0,1,126.6,1,1.6,1,0,1,1
56.0,1,0,129.2,282.1,1,0,103.9,1,1.6,0,0,3,0
42.7,1,0,132.1,248.5,1,0,143.2,1,0.1,1,4,3,0
58.1,0,0,169.7,221.6,1,0,146.2,1,2.8,1,2,1,0
64.2,1,3,170.7,227.3,0,0,155.3,0,0.6,1,0,3,1
59.7,1,0,118.1,229.4,1,1,159.8,1,1.4,2,2,3,0
39.7,1,0,111.9,165.7,0,0,111.5,1,2.0,1,0,3,0
42.6,0,0,131.0,338.8,1,0,134.8,1,2.9,1,0,3,0
62.5,1,0,139.9,210.1,0,0,137.3,1,1.9,2,1,3,0
60.4,0,0,145.5,310.2,0,0,143.9,1,1.0,1,0,3,0
59.5,1,3,135.1,200.7,0,1,160.8,0,0.8,2,2,2,0
61.5,0,0,123.8,210.0,0,1,162.5,0,0.0,2,0,2,1
56.8,1,0,164.5,287.2,1,0,123.3,0,1.2,1,3,3,0
60.1,1,0,145.4,279.8,0,0,142.5,1,2.9,1,2,3,0
60.5,1,0,129.9,255.2,0,1,143.6,1,1.4,2,1,3,0
41.2,1,1,120.4,295.6,0,1,163.9,0,0.0,2,0,2,1
64.5,1,3,169.8,225.0,0,0,153.7,0,0.5,1,0,3,1
67.1,1,0,159.6,282.9,0,0,109.6,1,1.4,1,3,2,0
58.6,1,3,178.0,272.6,0,0,145.0,0,4.2,0,0,3,1
49.1,1,1,110.1,227.3,0,1,169.3,0,1.0,0,0,3,0
37.7,1,2,130.7,251.3,0,1,184.9,0,3.5,0,0,2,1
66.2,1,0,112.5,210.4,0,0,131.3,1,0.1,2,1,2,0
35.2,1,0,119.9,194.9,0,1,131.1,1,1.6,1,0,3,0
60.5,1,0,138.9,170.7,0,0,124.6,1,3.5,1,1,2,0
55.8,0,1,130.8,344.4,0,1,166.3,0,1.2,2,0,2,1
45.4,0,1,130.4,227.4,0,0,173.7,0,0.6,1,0,2,1
57.9,1,0,145.5,218.0,0,1,103.2,0,2.0,1,1,3,0
56.3,1,0,124.5,244.0,1,0,143.2,1,1.1,1,1,2,0
34.6,0,0,137.7,186.3,0,1,181.5,0,1.4,2,0,2,1
47.9,1,0,122.9,278.4,0,0,166.5,0,0.5,1,0,3,0
57.9,1,0,112.6,314.5,0,2,140.9,0,4.5,0,3,1,0
62.3,1,0,117.9,267.4,0,1,99.3,1,1.8,1,2,3,0
53.2,1,0,140.7,239.2,0,1,161.2,0,1.3,2,0,2,1
57.7,0,1,136.1,320.8,1,0,151.7,0,0.0,2,2,2,0
51.4,1,2,123.8,248.7,1,0,164.8,0,2.4,1,0,2,1
39.0,1,2,137.4,322.0,0,0,182.4,0,0.1,2,0,2,1
59.0,1,3,169.2,284.8,0,0,158.4,0,0.2,1,0,3,0
46.6,1,0,109.6,275.7,0,0,116.7,1,1.1,1,1,2,0
51.5,1,0,111.4,230.2,0,1,159.2,0,0.0,2,1,2,0
42.1,1,0,132.2,249.3,1,0,145.1,1,0.2,1,4,3,0
56.7,1,3,120.3,191.3,0,0,161.4,0,1.9,1,0,3,1
61.9,1,0,119.8,264.1,0,1,99.7,1,1.7,1,2,3,0
64.3,0,0,150.0,229.6,0,0,113.1,0,1.0,1,3,3,0
56.1,1,0,126.2,245.2,1,0,145.0,1,1.2,1,1,2,0
49.7,0,1,135.3,274.8,0,1,159.3,0,0.1,1,0,2,1
69.3,1,2,160.5,272.0,0,1,114.5,1,2.7,1,1,3,0
63.5,0,1,139.9,197.2,0,1,177.4,0,0.0,2,2,2,1
50.7,0,1,120.0,243.5,0,1,162.2,0,1.1,2,0,2,1
40.6,0,1,127.1,305.0,0,1,162.9,0,0.0,2,0,2,1
60.2,0,0,148.7,256.6,0,0,157.9,0,2.6,1,2,3,0
61.1,0,0,138.0,395.9,0,0,157.3,0,1.2,1,0,2,1
65.1,1,0,119.5,174.7,0,1,139.7,0,0.4,2,0,3,1
65.5,1,0,161.4,230.9,0,0,137.0,0,2.4,2,0,1,1
40.6,0,1,126.0,304.8,0,1,162.3,0,0.0,2,0,2,1
53.3,0,2,135.6,304.0,1,1,170.3,0,0.0,2,0,2,1
40.6,0,1,131.5,204.8,0,0,170.8,0,1.4,2,0,2,1
40.4,1,3,138.3,197.1,0,1,179.1,1,1.4,2,0,3,1
56.2,1,3,122.1,192.6,0,0,163.1,0,2.0,1,0,3,1
50.7,0,2,139.9,312.5,0,0,141.4,0,1.5,2,1,2,1
59.3,1,2,139.2,186.1,0,0,153.8,0,2.9,1,0,2,0
53.8,0,2,106.1,266.9,0,0,166.5,0,0.0,2,0,2,1
52.4,1,2,172.4,200.9,1,1,161.6,0,0.6,2,0,3,1
40.2,1,3,140.2,202.8,0,1,177.4,1,1.4,2,0,3,1
48.9,1,2,119.0,145.2,0,0,126.0,0,0.8,2,3,2,0
51.3,1,2,94.8,227.1,0,1,154.9,1,0.1,2,1,3,1
50.2,0,1,120.4,242.6,0,1,164.2,0,1.1,2,0,2,1
59.5,1,3,170.1,287.0,0,0,159.6,0,0.2,1,0,3,0
63.1,0,0,149.6,404.9,0,0,151.3,0,4.0,1,3,3,0
50.8,1,0,112.0,227.8,0,1,160.8,0,0.0,2,1,2,0
45.1,1,0,142.0,310.3,0,0,148.4,1,0.0,1,3,3,0
38.9,1,0,117.2,217.9,0,1,139.8,0,1.2,1,0,3,0
40.9,0,1,127.4,306.7,0,1,164.0,0,0.1,2,0,2,1
65.1,1,0,111.7,213.0,0,0,131.1,1,0.2,2,1,2,0
50.3,0,2,119.5,220.7,0,1,156.7,0,1.6,1,0,2,1
50.8,1,2,93.6,226.5,0,1,152.4,1,0.0,2,1,3,1
41.3,1,1,136.4,200.7,0,1,134.1,0,0.0,1,0,1,1
76.3,0,2,140.7,195.9,0,2,114.9,0,1.1,1,0,2,1
61.0,1,0,138.2,167.0,0,0,126.0,1,3.6,1,1,2,0
57.8,1,2,132.1,222.9,0,0,171.9,0,3.1,2,2,3,0
51.6,1,3,152.7,298.6,1,1,178.4,0,1.3,1,0,3,1
58.2,0,2,119.5,334.6,0,1,170.7,0,0.0,2,0,2,1
41.4,0,1,104.9,198.9,0,1,167.5,0,0.0,2,1,2,1
70.2,0,0,112.5,152.8,0,1,126.6,0,1.6,1,0,2,1
64.9,1,3,137.9,281.7,1,0,176.2,0,1.5,1,1,2,0
64.3,0,2,160.1,361.7,0,0,150.8,0,0.8,2,0,2,1
50.3,0,2,139.5,311.3,0,0,142.3,0,1.5,2,1,2,1
57.7,0,1,135.6,316.7,1,0,152.2,0,0.0,2,2,2,0
51.9,1,2,172.0,201.6,1,1,161.2,0,0.5,2,0,3,1
58.7,1,2,149.7,209.2,1,1,157.9,0,1.7,2,0,2,1
56.1,1,3,120.0,193.8,0,0,160.1,0,1.9,1,0,3,1
65.5,0,3,148.9,226.4,0,1,114.9,0,2.5,0,0,2,1
56.8,1,0,149.5,277.2,0,0,111.3,1,0.4,1,1,1,0
56.7,1,0,110.6,203.6,0,1,127.8,1,1.5,1,0,1,1
75.7,0,2,139.1,200.2,0,2,115.6,0,1.1,1,0,2,1
58.5,0,2,119.3,339.4,0,1,172.1,0,0.0,2,0,2,1
65.1,1,3,139.4,282.7,1,0,171.8,0,1.4,1,1,2,0
60.7,1,3,134.2,230.4,0,1,145.8,0,2.6,1,2,2,0
64.3,1,0,134.8,249.2,0,0,124.6,0,2.8,1,1,3,0
57.5,1,2,140.7,214.0,1,0,164.7,0,0.0,2,0,2,1
59.6,1,2,150.6,214.3,1,1,157.4,0,1.6,2,0,2,1
59.5,1,0,110.0,240.6,0,0,144.1,1,1.1,1,1,3,0
51.8,1,1,121.0,325.1,0,1,171.4,0,0.2,2,0,2,1
28.0,1,1,129.8,204.4,0,0,202.8,0,0.0,2,0,2,1
53.7,1,0,121.2,290.7,0,0,115.0,1,3.3,1,2,2,0
50.4,0,2,141.5,308.0,0,0,142.9,0,1.5,2,1,2,1
67.5,0,2,152.8,280.7,0,1,173.4,0,0.1,2,1,2,1
50.8,1,0,139.0,299.6,0,1,171.6,1,1.6,2,0,3,0
56.9,1,1,154.1,229.8,0,0,163.9,0,0.0,2,1,2,0
42.7,1,0,136.4,311.6,0,1,126.3,1,1.8,1,0,1,0
44.0,1,1,120.2,215.1,0,1,171.4,0,0.1,2,0,2,1
48.7,0,0,128.9,270.3,0,1,162.9,0,0.0,2,0,2,1
61.8,0,0,121.7,206.5,0,1,164.5,0,0.0,2,0,2,1
51.6,1,0,126.8,255.4,0,1,160.1,1,0.0,2,1,3,0
43.0,1,2,131.4,315.4,0,1,163.1,0,2.0,2,1,2,1
59.3,1,3,161.0,273.7,0,0,125.2,0,0.0,2,0,2,0
43.7,1,0,113.0,290.1,0,0,153.9,0,0.0,2,1,2,0
57.9,0,1,134.9,316.3,1,0,152.1,0,0.0,2,2,2,0
56.1,1,1,129.5,263.2,0,1,155.9,0,0.0,2,0,2,1
66.9,0,2,152.5,276.7,0,1,175.3,0,0.0,2,1,2,1
57.1,0,0,130.8,192.8,0,1,129.6,0,0.6,1,0,2,1
44.1,1,1,121.9,219.7,0,1,170.5,0,0.0,2,0,2,1
51.7,1,2,172.2,198.8,1,1,164.6,0,0.6,2,0,3,1
70.9,0,1,160.7,304.1,0,1,161.7,0,0.4,2,2,2,1
47.2,1,1,110.5,231.3,0,1,164.8,0,1.1,0,0,3,0
57.7,1,0,151.0,270.2,0,0,109.6,1,0.8,2,0,3,0
67.0,1,2,151.7,213.1,0,0,149.2,0,0.8,1,0,3,0
50.9,1,0,139.5,261.3,0,0,183.2,1,0.0,2,0,2,1
49.3,0,1,134.8,270.5,0,1,160.9,0,0.1,1,0,2,1
67.0,0,2,152.2,274.8,0,1,171.8,0,0.1,2,1,2,1
62.8,0,0,124.6,195.7,0,1,134.4,1,0.0,1,0,2,0
44.8,1,0,111.7,288.3,0,0,152.9,0,0.0,2,1,2,0
66.1,1,0,161.0,229.1,0,0,138.4,0,2.3,2,0,1,1
61.1,0,0,160.7,159.3,0,0,143.4,0,6.0,0,3,3,0
56.6,1,0,151.2,271.0,0,1,87.4,1,1.1,1,1,3,0
36.8,1,2,130.4,256.0,0,1,187.1,0,3.6,0,0,2,1
51.8,1,0,127.4,203.1,1,1,156.8,1,1.0,1,0,0,0
56.9,1,2,150.7,124.6,1,1,172.3,0,0.2,2,1,3,1
57.2,1,1,119.1,245.3,0,1,170.4,0,0.0,0,0,2,1
43.4,0,2,121.0,217.5,0,1,164.4,0,0.1,1,0,2,1
64.2,1,3,110.3,213.6,0,0,144.3,1,1.7,1,0,2,1
57.7,1,0,128.7,260.5,0,0,128.7,1,3.0,1,2,3,0
40.9,1,1,121.0,152.4,0,1,181.2,0,0.0,2,0,2,1
60.8,1,0,148.9,202.8,0,1,161.8,0,0.0,2,1,3,0
41.7,1,1,121.1,156.0,0,1,182.0,0,0.0,2,0,2,1
42.3,1,2,130.5,320.4,0,1,162.9,0,1.9,2,1,2,1
55.7,1,0,132.9,185.3,0,0,105.1,1,2.2,1,1,1,0
49.6,0,2,120.5,219.1,0,1,158.0,0,1.6,1,0,2,1
59.0,1,3,168.6,286.6,0,0,160.1,0,0.2,1,0,3,0
61.5,1,2,129.7,227.9,0,1,145.1,0,1.7,1,3,3,1
39.1,1,2,140.7,318.5,0,0,180.9,0,0.1,2,0,2,1
57.6,1,0,99.6,237.0,0,1,156.6,0,0.2,2,1,3,0
66.4,1,0,119.8,239.3,0,1,70.2,0,1.0,1,0,2,0
40.3,1,0,111.2,171.3,0,0,114.4,1,2.0,1,0,3,0
58.3,1,0,127.9,256.4,0,0,128.9,1,3.0,1,2,3,0
41.9,0,2,119.0,206.1,0,1,171.6,0,0.0,1,0,2,1
42.1,1,2,131.0,180.8,0,1,149.3,0,0.0,2,0,2,1
58.6,1,2,111.0,231.0,0,0,167.2,0,2.5,1,1,3,0
55.5,1,1,120.5,238.7,0,1,168.3,0,0.0,0,0,2,1
54.7,0,1,132.0,283.0,1,0,160.0,1,0.1,2,1,2,1
59.0,1,0,137.8,273.6,0,0,181.2,0,0.0,2,0,2,1
47.9,1,1,111.0,229.0,0,1,170.1,0,1.0,0,0,3,0
44.9,1,3,110.3,265.2,0,1,134.0,0,1.3,1,0,3,0
61.9,1,0,120.3,267.2,0,1,99.6,1,1.8,1,2,3,0
62.6,0,0,106.8,268.3,0,1,171.0,1,1.7,1,2,2,0
44.7,1,0,115.5,258.1,0,0,185.4,0,0.0,2,0,2,1
40.8,0,1,106.2,192.5,0,1,168.3,0,0.1,2,1,2,1
35.4,1,1,122.4,193.3,0,1,175.3,0,0.0,2,0,2,1
48.5,0,2,129.4,278.3,0,1,137.4,0,0.2,2,0,2,1
36.8,0,2,118.6,213.0,0,1,170.5,0,0.0,2,0,2,1
64.1,1,2,139.9,334.3,0,1,158.1,0,0.2,2,0,2,0
43.1,0,0,132.5,341.2,1,0,136.7,1,3.0,1,0,3,0
55.6,0,1,131.3,340.0,0,1,166.3,0,1.2,2,0,2,1
42.8,1,2,120.5,238.0,1,1,194.2,0,0.8,0,0,3,1
61.2,0,0,139.4,267.5,0,0,159.3,0,3.7,0,2,2,0
52.3,1,3,119.1,186.7,0,0,190.2,0,0.1,1,0,1,1
62.4,0,0,142.2,264.5,0,0,160.5,0,3.5,0,2,2,0
51.6,0,0,130.5,302.4,0,1,141.7,1,1.2,1,0,3,0
42.7,1,0,118.1,175.4,0,0,122.9,1,2.4,1,0,3,0
59.0,0,3,148.4,236.1,0,1,170.5,0,1.0,2,0,2,1
58.5,0,2,120.1,338.4,0,1,171.6,0,0.0,2,0,2,1
60.9,1,3,136.0,236.0,0,1,144.0,0,2.5,1,2,2,0
60.9,0,0,144.8,303.4,0,0,146.3,1,1.0,1,0,3,0
60.7,1,3,134.9,231.7,0,1,143.6,0,2.5,1,2,2,0
47.1,1,2,128.4,252.8,0,1,177.7,0,0.0,2,0,2,1
59.7,1,3,169.9,289.3,0,0,159.1,0,0.2,1,0,3,0
64.7,1,0,134.9,255.2,0,0,127.9,0,2.8,1,1,3,0
56.8,1,0,151.4,273.7,0,1,88.4,1,1.1,1,1,3,0
55.2,1,0,141.1,214.2,0,1,110.8,1,5.6,0,0,3,0
41.2,1,2,130.3,213.5,0,0,167.1,0,2.2,1,0,2,1
52.9,0,0,129.5,264.1,0,0,140.6,0,0.4,1,0,2,1
63.7,1,0,143.1,210.8,0,0,131.5,0,2.1,1,2,1,0
62.5,0,2,130.3,265.1,0,1,98.2,0,1.3,1,1,3,0
52.4,0,0,129.2,262.2,0,0,143.9,0,0.5,1,0,2,1
62.0,0,0,123.1,210.3,0,1,162.8,0,0.0,2,0,2,1
58.9,1,2,127.2,215.6,1,1,134.0,0,2.2,1,1,1,0
66.9,1,2,151.7,210.4,0,0,150.0,0,0.9,1,0,3,0
55.6,0,0,128.9,206.3,0,2,131.2,1,2.0,1,1,3,0
58.0,0,2,119.1,343.1,0,1,171.3,0,0.0,2,0,2,1
69.1,0,3,138.4,237.6,0,1,153.3,0,1.8,2,2,2,1
54.3,1,2,120.4,259.7,0,0,146.8,0,0.3,1,0,3,1
54.2,1,0,122.6,282.5,0,0,117.9,1,3.1,1,2,2,0
57.9,1,0,128.4,258.8,0,0,130.6,1,3.1,1,2,3,0
59.0,1,3,159.6,273.3,0,0,125.5,0,0.0,2,0,2,0
46.7,1,2,138.3,257.0,0,0,156.5,0,0.0,2,0,2,1
55.2,1,0,158.8,288.3,0,0,144.8,1,0.8,1,1,3,0
44.1,1,2,139.9,234.5,0,0,179.1,0,0.0,2,0,2,1
61.3,0,0,140.5,267.4,0,0,158.3,0,3.7,0,2,2,0
37.9,1,2,138.2,176.2,0,1,175.6,0,0.1,2,4,2,1
40.6,0,2,111.9,270.5,0,0,173.0,1,0.1,2,0,2,1
53.8,1,1,191.9,283.3,0,0,194.9,0,0.0,2,1,3,0
51.1,0,2,128.1,253.9,0,0,147.4,0,0.5,2,0,2,1
67.5,1,2,179.1,271.3,1,0,150.9,1,1.6,1,0,3,0
44.7,1,0,115.7,258.3,0,0,183.2,0,0.1,2,0,2,1
51.1,1,3,125.5,213.5,0,0,124.2,1,1.3,2,1,2,1
52.9,0,2,126.5,217.1,0,0,113.8,0,0.0,2,0,0,1
67.3,0,2,151.7,273.6,0,1,171.0,0,0.0,2,1,2,1
33.6,0,1,117.9,209.6,0,1,194.0,0,0.7,2,0,2,1
58.0,1,2,103.7,244.3,0,0,151.6,1,0.7,1,0,3,1
56.6,1,0,131.8,184.3,0,0,105.8,1,2.2,1,1,1,0
54.7,1,0,119.9,190.7,0,1,112.8,0,1.4,1,1,3,0
55.7,0,1,135.1,250.9,0,0,160.7,0,1.3,1,0,2,1
69.5,1,0,128.7,325.6,0,0,108.9,0,2.4,1,3,2,0
50.4,0,0,128.9,302.5,0,1,143.3,1,1.2,1,0,3,0
52.0,1,1,133.1,203.5,0,1,158.4,0,0.7,2,1,2,1
61.7,0,0,139.5,389.6,0,0,157.4,0,1.2,1,0,2,1
68.2,1,2,179.8,273.6,1,0,150.8,1,1.6,1,0,3,0
40.8,1,1,118.9,155.8,0,1,182.8,0,0.0,2,0,2,1
49.6,1,2,139.7,230.4,0,1,164.5,0,0.7,1,1,3,0
60.7,1,0,137.1,167.9,0,0,126.6,1,3.6,1,1,2,0
53.9,1,0,140.5,203.9,1,0,156.3,1,3.1,0,0,3,0
46.5,1,1,100.0,199.1,1,1,154.6,0,0.0,2,0,3,1
59.1,1,3,169.8,290.4,0,0,161.5,0,0.2,1,0,3,0
45.5,0,1,105.3,203.5,0,1,171.1,0,0.0,2,0,2,1
53.8,0,2,110.6,214.6,0,1,156.4,0,1.6,1,0,2,1
56.1,0,0,134.1,410.1,0,0,151.0,1,1.9,1,2,3,0
41.2,1,1,110.3,236.2,0,1,153.7,0,0.0,2,0,2,1
52.1,1,1,133.7,202.7,0,1,158.7,0,0.9,2,1,2,1
43.9,1,2,129.5,229.8,0,1,178.7,1,0.3,2,0,2,1
62.3,0,0,149.7,244.6,0,1,154.4,1,1.3,1,0,2,0
62.5,1,1,119.1,277.6,0,0,102.3,0,1.5,1,1,3,0
47.9,1,0,125.2,276.0,0,0,166.5,0,0.4,1,0,3,0
49.7,1,2,129.4,194.2,0,1,162.9,0,0.0,2,0,2,1
61.5,1,2,129.5,231.3,0,1,144.1,0,1.8,1,3,3,1
63.1,1,0,128.8,253.8,0,0,147.2,0,1.4,1,1,3,0
58.0,0,0,99.9,249.1,0,0,122.7,0,1.0,1,0,2,1
58.6,1,0,141.9,176.8,0,1,164.3,1,0.0,2,1,3,0
53.4,0,2,162.0,199.7,0,1,163.1,0,0.0,2,1,2,1
61.9,1,0,120.7,262.8,0,1,140.8,1,3.6,1,1,3,0
66.6,1,2,152.1,208.6,0,0,151.8,0,0.8,1,0,3,0
60.5,0,2,122.0,177.3,1,1,97.0,0,0.1,2,0,2,1
58.5,1,0,139.0,271.2,0,0,183.5,0,0.0,2,0,2,1
43.8,1,2,130.3,233.3,0,1,181.1,1,0.3,2,0,2,1
70.8,0,0,111.4,159.5,0,1,126.5,0,1.6,1,0,2,1
42.3,0,0,101.4,264.6,0,0,121.2,0,0.6,1,0,2,1
62.3,1,1,120.1,281.2,0,0,103.2,0,1.3,1,1,3,0
56.4,1,0,130.4,128.3,0,1,115.8,1,1.2,1,1,3,0
54.3,0,2,109.4,209.8,0,1,158.7,0,1.5,1,0,2,1
54.0,1,1,191.4,283.3,0,0,196.1,0,0.1,2,1,3,0
65.6,0,2,140.9,415.4,1,0,156.4,0,0.8,2,1,2,1
63.7,1,0,119.3,245.3,0,0,97.0,1,2.3,0,1,2,0
62.0,1,1,120.8,281.9,0,0,103.0,0,1.4,1,1,3,0
59.1,1,3,170.0,284.6,0,0,157.5,0,0.2,1,0,3,0
51.2,1,0,138.9,297.4,0,1,120.5,1,4.2,1,3,3,0
68.3,1,2,180.7,271.9,1,0,149.0,1,1.7,1,0,3,0
47.7,1,0,123.3,271.7,0,0,166.5,0,0.5,1,0,3,0
51.8,1,3,124.9,210.5,0,0,125.1,1,1.3,2,1,2,1
58.7,1,0,138.0,272.3,0,0,184.6,0,0.0,2,0,2,1
73.8,0,1,119.3,272.2,0,0,121.3,1,0.2,2,1,2,1
76.7,1,0,125.1,303.6,0,0,163.3,1,0.0,2,3,2,0
62.1,0,0,123.8,208.7,0,1,161.1,0,0.0,2,0,2,1
58.5,1,2,126.6,220.5,1,1,134.5,0,2.2,1,1,1,0
60.1,1,0,125.7,256.9,0,0,143.0,1,2.8,1,1,3,0
56.1,1,1,120.3,238.6,0,1,166.9,0,0.0,0,0,2,1
55.7,1,1,129.1,257.9,0,1,153.4,0,0.0,2,0,2,1
51.1,1,3,126.3,208.8,0,0,125.8,1,1.4,2,1,2,1
46.8,1,0,119.9,250.1,0,0,142.6,0,0.8,2,0,3,0
53.3,1,0,121.6,286.5,0,0,115.4,1,3.3,1,2,2,0
60.6,0,3,150.1,236.2,0,1,173.6,0,1.0,2,0,2,1
52.5,1,2,128.8,246.4,1,0,174.2,0,0.0,2,3,2,1
59.0,1,1,138.9,219.2,0,1,165.2,1,0.1,2,0,2,1
58.8,1,3,178.3,268.8,0,0,146.7,0,4.2,0,0,3,1
58.4,1,0,125.2,301.7,0,0,169.2,0,0.0,2,2,3,0
64.9,0,0,150.9,223.1,0,0,113.9,0,1.1,1,3,3,0
48.7,1,0,128.3,255.4,1,0,151.7,1,0.0,2,2,3,0
62.4,0,0,139.3,293.6,1,1,106.8,0,1.9,1,3,2,0
54.1,1,0,140.2,238.6,0,1,159.8,0,1.2,2,0,2,1
55.5,0,0,134.3,406.4,0,0,148.4,1,1.8,1,2,3,0
48.3,1,2,119.2,151.8,0,0,125.3,0,0.8,2,3,2,0
52.0,1,0,128.5,206.2,1,1,157.5,1,1.0,1,0,0,0
59.3,1,3,133.8,205.1,0,1,161.5,0,0.8,2,2,2,0
65.8,0,0,147.6,223.4,0,0,112.7,0,1.0,1,3,3,0
55.3,0,1,132.7,339.0,0,1,167.4,0,1.2,2,0,2,1
64.1,0,0,180.2,325.6,0,1,153.8,1,0.1,2,0,2,1
52.9,1,0,111.6,232.0,0,1,160.1,0,0.0,2,1,2,0
41.5,0,0,101.7,263.3,0,0,120.5,0,0.5,1,0,2,1
59.0,0,0,150.0,257.5,0,0,157.3,0,2.6,1,2,3,0
63.7,0,0,130.9,307.4,0,1,124.7,0,2.0,1,2,2,1
53.8,1,0,120.9,192.3,0,1,115.1,0,1.4,1,1,3,0
54.2,0,2,108.5,275.2,0,0,168.8,0,0.0,2,0,2,1
44.0,0,2,119.8,242.2,0,1,148.5,0,0.3,1,1,2,1
58.1,1,0,164.4,178.2,1,0,89.0,0,0.9,1,2,1,0
65.1,1,0,134.5,257.0,0,0,129.4,0,2.9,1,1,3,0
40.3,1,3,140.4,200.3,0,1,178.8,1,1.4,2,0,3,1
66.7,0,0,104.3,224.2,0,1,140.9,0,0.3,2,2,2,1
53.9,0,0,128.7,263.7,0,0,141.3,0,0.4,1,0,2,1
42.3,1,0,150.8,250.2,0,1,170.9,0,1.5,2,0,2,1
47.1,1,0,110.4,276.4,0,0,118.3,1,0.9,1,1,2,0
42.8,1,0,115.3,301.1,0,1,181.3,0,1.2,1,0,2,1
58.2,0,0,168.9,224.9,1,0,146.5,1,2.7,1,2,1,0
56.0,1,2,128.5,260.2,1,0,141.3,1,0.6,1,1,1,0
57.6,1,2,149.5,127.2,1,1,173.4,0,0.2,2,1,3,1
64.8,0,0,149.1,221.5,0,0,114.6,0,1.0,1,3,3,0
34.0,1,3,115.9,181.2,0,0,174.5,0,0.0,2,0,2,1
62.3,0,0,160.7,164.4,0,0,144.0,0,6.0,0,3,3,0
41.8,1,1,135.5,202.7,0,1,131.0,0,0.0,1,0,1,1
38.1,1,2,136.9,172.6,0,1,174.9,0,0.0,2,4,2,1
44.4,1,2,119.8,223.2,0,1,167.5,0,0.0,2,0,2,1
45.8,0,2,143.1,177.5,0,0,159.5,1,1.5,0,0,2,1
52.4,1,1,119.0,319.5,0,1,172.7,0,0.1,2,0,2,1
47.8,0,2,129.2,272.7,0,1,137.8,0,0.2,2,0,2,1
40.8,1,1,109.4,236.7,0,1,151.0,0,0.0,2,0,2,1
49.1,1,1,130.4,266.6,0,1,171.4,0,0.6,2,0,2,1
67.3,1,0,161.1,289.1,0,0,106.6,1,1.5,1,3,2,0
40.6,1,2,128.6,214.5,0,0,166.8,0,2.1,1,0,2,1
55.9,1,2,130.7,250.7,1,0,141.7,1,0.6,1,1,1,0
60.8,1,3,134.6,235.9,0,1,144.8,0,2.6,1,2,2,0
49.3,0,0,130.0,269.5,0,1,164.4,0,0.0,2,0,2,1
56.6,1,2,150.1,126.1,1,1,172.1,0,0.2,2,1,3,1
60.6,1,0,138.9,168.9,0,0,125.0,1,3.7,1,1,2,0
58.2,1,0,150.7,270.1,0,0,111.6,1,0.8,2,0,3,0
59.9,1,0,143.8,282.6,0,0,143.0,1,2.8,1,2,3,0
62.0,0,0,108.4,271.8,0,1,168.3,1,1.9,1,2,2,0
52.3,1,0,124.4,213.6,0,1,168.9,0,1.0,2,2,3,0
56.5,0,0,120.7,354.4,0,1,162.3,1,0.5,2,0,2,1
39.9,1,0,110.5,166.1,0,0,113.5,1,1.9,1,0,3,0
56.7,1,0,131.5,282.2,1,0,104.1,1,1.6,0,0,3,0
55.9,1,0,132.6,356.1,0,1,132.6,1,1.1,1,1,3,0
60.5,1,0,119.8,259.1,0,1,137.2,1,3.6,1,1,3,0
57.6,1,2,105.2,238.6,0,0,151.7,1,0.7,1,0,3,1
53.7,1,2,123.9,273.3,0,0,149.9,0,0.5,0,1,2,1
59.0,1,0,110.7,238.8,0,0,141.7,1,1.2,1,1,3,0
54.0,0,2,159.7,198.8,0,1,162.5,0,0.0,2,1,2,1
59.0,1,0,139.6,174.7,0,1,162.8,1,0.1,2,1,3,0
59.7,1,0,115.9,231.8,1,1,159.5,1,1.4,2,2,3,0
37.7,1,2,137.7,175.1,0,1,172.9,0,0.0,2,4,2,1
69.4,0,3,140.0,238.7,0,1,150.6,0,1.7,2,2,2,1
41.0,1,0,152.4,224.5,0,1,181.4,0,0.0,2,0,3,0
62.1,1,1,118.7,280.9,0,0,103.1,0,1.4,1,1,3,0
58.4,0,3,150.5,282.9,1,0,162.6,0,0.9,2,0,2,1
61.3,1,0,138.3,167.6,0,0,124.0,1,3.7,1,1,2,0
60.4,0,0,131.0,333.8,0,0,169.2,0,0.0,2,0,2,0
45.4,0,1,111.4,157.4,0,1,136.9,0,0.0,1,0,2,1
41.2,1,1,111.3,235.6,0,1,152.0,0,0.0,2,0,2,1
67.2,1,0,162.0,290.4,0,0,108.2,1,1.5,1,3,2,0
42.6,1,2,121.9,243.1,1,1,192.0,0,0.8,0,0,3,1
57.9,1,0,124.8,302.6,0,0,172.8,0,0.0,2,2,3,0
58.1,1,0,99.3,230.7,0,1,155.3,0,0.1,2,1,3,0
58.0,1,0,141.8,177.2,0,1,165.8,1,0.0,2,1,3,0
59.6,1,0,123.9,257.8,0,0,140.9,1,2.8,1,1,3,0
52.7,1,0,122.5,281.9,0,1,95.0,1,2.0,1,2,3,0
48.8,1,1,131.0,262.9,0,1,170.2,0,0.6,2,0,2,1
56.6,1,2,126.1,230.4,0,0,148.3,0,0.4,1,1,3,0
45.5,0,1,113.1,157.3,0,1,139.2,0,0.0,1,0,2,1
53.5,0,2,160.7,200.6,0,1,163.5,0,0.2,2,1,2,1
61.0,1,0,138.1,164.8,0,0,124.3,1,3.7,1,1,2,0
34.4,0,1,118.3,211.2,0,1,191.9,0,0.6,2,0,2,1
58.7,0,2,121.1,340.0,0,1,171.3,0,0.0,2,0,2,1
59.5,1,0,123.9,257.1,0,0,140.3,1,2.8,1,1,3,0
34.8,1,0,127.1,281.8,0,0,154.3,1,0.0,2,0,3,0
45.2,1,1,100.6,198.7,1,1,154.2,0,0.1,2,0,3,1
47.8,1,0,110.0,276.1,0,0,119.2,1,0.9,1,1,2,0
50.5,0,2,121.2,218.9,0,1,158.5,0,1.5,1,0,2,1
37.5,1,2,139.3,176.6,0,1,172.0,0,0.0,2,4,2,1
54.0,0,2,161.0,204.3,0,1,162.0,0,0.1,2,1,2,1
55.2,1,0,133.7,357.4,0,1,132.0,1,1.2,1,1,3,0
47.5,0,2,130.5,271.5,0,1,136.9,0,0.1,2,0,2,1
65.7,0,3,148.9,231.5,0,1,114.7,0,2.6,0,0,2,1
38.8,1,2,142.1,317.9,0,0,181.1,0,0.1,2,0,2,1
48.3,1,1,111.0,231.5,0,1,169.0,0,1.1,0,0,3,0
57.6,1,2,105.8,239.3,0,0,154.4,1,0.6,1,0,3,1
53.6,1,1,192.3,283.2,0,0,193.7,0,0.0,2,1,3,0
59.1,0,0,99.8,246.1,0,0,123.1,0,1.0,1,0,2,1
66.8,1,0,125.3,254.5,1,1,163.1,0,0.2,1,2,3,0
69.5,1,2,159.6,267.9,0,1,110.9,1,3.0,1,1,3,0
54.1,0,2,110.0,214.4,0,1,157.9,0,1.6,1,0,2,1
43.7,0,2,106.1,134.2,0,1,174.1,0,0.7,1,0,2,1
46.1,1,0,140.2,312.5,0,1,120.5,1,1.8,1,2,3,0
54.5,1,1,106.9,308.4,0,1,155.6,0,0.0,2,0,3,1
54.3,0,2,110.4,212.8,0,1,160.3,0,1.6,1,0,2,1
42.1,1,2,119.6,239.8,1,1,193.6,0,0.8,0,0,3,1
34.9,1,0,120.1,192.8,0,1,130.9,1,1.6,1,0,3,0
58.8,1,1,140.2,220.3,0,1,164.6,1,0.1,2,0,2,1
44.8,0,0,137.1,234.8,0,0,150.3,1,0.2,1,0,2,1
51.4,0,2,129.7,260.2,0,0,148.8,0,0.3,2,0,2,1
65.3,1,0,134.4,255.2,0,0,127.2,0,2.7,1,1,3,0
50.8,1,2,124.8,238.8,1,0,166.5,0,2.4,1,0,2,1
64.5,0,2,146.3,280.0,0,0,151.2,0,0.0,1,1,2,1
51.1,1,0,141.3,259.9,0,0,184.9,1,0.0,2,0,2,1
62.2,1,1,129.0,211.2,1,0,140.5,0,0.0,2,0,2,1
38.7,1,3,119.5,230.8,0,1,184.0,1,3.9,1,0,3,0
62.2,0,2,129.7,265.3,0,1,97.2,0,1.3,1,1,3,0
46.9,1,0,112.5,203.6,0,1,143.0,0,0.1,2,0,2,1
53.2,0,0,137.4,235.2,0,0,159.9,0,0.0,2,0,2,1
66.1,0,3,150.3,227.2,0,1,113.4,0,2.6,0,0,2,1
48.5,1,2,118.0,149.3,0,0,126.8,0,0.7,2,3,2,0
46.3,1,1,102.0,199.4,1,1,155.9,0,0.1,2,0,3,1
64.8,1,0,144.8,206.0,0,0,130.7,0,2.0,1,2,1,0
63.1,1,3,109.8,213.5,0,0,142.1,1,1.9,1,0,2,1
63.1,0,1,140.4,195.4,0,1,178.1,0,0.0,2,2,2,1
60.5,0,3,149.5,242.2,0,1,172.1,0,0.9,2,0,2,1
58.0,1,0,139.4,196.3,0,1,148.5,0,0.5,1,0,1,1
58.7,1,2,125.5,215.0,1,1,132.9,0,2.1,1,1,1,0
51.7,1,3,153.0,298.7,1,1,178.8,0,1.2,1,0,3,1
66.5,1,0,112.2,215.4,0,0,132.5,1,0.1,2,1,2,0
42.9,1,0,120.3,175.9,0,0,119.7,1,2.4,1,0,3,0
65.5,1,0,118.8,175.5,0,1,141.7,0,0.3,2,0,3,1
51.9,1,0,106.9,229.6,1,1,146.1,0,0.1,2,3,3,1
65.9,1,0,122.3,306.3,0,0,151.3,0,0.5,1,0,2,1
50.1,0,1,120.2,245.4,0,1,160.8,0,1.2,2,0,2,1
74.4,0,1,117.4,272.9,0,0,120.9,1,0.2,2,1,2,1
58.1,0,2,118.8,343.4,0,1,173.8,0,0.0,2,0,2,1
60.1,1,2,139.2,187.0,0,0,155.1,0,2.9,1,0,2,0
57.8,1,2,111.3,229.8,0,0,164.9,0,2.4,1,1,3,0
51.9,1,0,125.9,215.8,0,1,169.9,0,0.9,2,2,3,0
57.7,1,0,114.2,322.4,0,2,140.7,0,4.5,0,3,1,0
57.4,1,0,101.5,235.7,0,1,154.8,0,0.1,2,1,3,0
66.6,1,1,159.2,242.3,0,1,119.7,1,0.0,1,3,1,0
57.2,1,2,128.2,227.6,0,0,150.6,0,0.4,1,1,3,0
59.6,1,0,161.2,182.0,1,0,89.1,0,1.0,1,2,1,0
65.6,1,0,133.8,255.4,0,0,125.3,0,2.7,1,1,3,0
46.5,1,2,128.8,255.6,0,1,178.9,0,0.1,2,0,2,1
48.8,1,2,119.3,187.2,0,1,140.4,0,1.9,1,3,3,0
53.1,1,2,131.3,245.3,1,0,174.6,0,0.0,2,3,2,1
46.2,1,2,108.2,248.9,0,1,150.5,0,0.1,2,0,2,0
56.7,1,0,133.7,184.4,0,0,105.7,1,2.2,1,1,1,0
60.6,1,0,120.7,258.1,0,1,139.9,1,3.6,1,1,3,0
51.5,1,2,138.4,220.5,0,1,166.7,0,0.0,2,4,2,1
54.7,1,1,192.1,282.7,0,0,196.4,0,0.1,2,1,3,0
41.4,1,2,129.7,217.5,0,0,168.5,0,1.9,1,0,2,1
48.4,1,2,117.8,142.7,0,0,123.4,0,0.8,2,3,2,0
63.7,0,2,157.3,355.9,0,0,150.2,0,0.7,2,0,2,1
54.8,0,1,131.9,339.0,0,1,164.8,0,1.1,2,0,2,1
57.2,1,1,154.1,237.3,0,0,164.0,0,0.0,2,1,2,0
35.4,0,0,138.0,179.2,0,1,181.0,0,1.4,2,0,2,1
65.3,1,0,110.2,245.1,0,0,157.3,0,0.5,2,2,1,0
62.2,1,0,120.4,272.8,0,1,98.3,1,1.8,1,2,3,0
44.6,0,1,112.3,156.0,0,1,137.4,0,0.1,1,0,2,1
51.9,1,2,95.0,227.7,0,1,154.5,1,0.1,2,1,3,1
46.3,1,2,109.0,245.0,0,1,151.5,0,0.0,2,0,2,0
54.8,0,1,131.4,343.7,0,1,165.9,0,1.2,2,0,2,1
57.6,1,0,128.0,259.3,0,0,130.8,1,3.0,1,2,3,0
64.6,1,3,168.7,227.6,0,0,155.2,0,0.6,1,0,3,1
50.9,1,2,109.5,174.2,0,1,119.6,0,0.6,2,0,2,1
54.4,1,0,120.5,188.3,0,1,112.7,0,1.5,1,1,3,0
58.9,0,1,137.3,319.7,1,0,153.7,0,0.0,2,2,2,0
51.5,1,2,124.4,247.9,1,0,167.9,0,2.3,1,0,2,1
57.4,1,0,165.3,288.8,1,0,120.0,0,1.0,1,3,3,0
66.9,1,0,119.7,236.9,0,1,70.4,0,1.0,1,0,2,0
66.1,0,3,148.1,222.1,0,1,113.0,0,2.6,0,0,2,1
53.3,1,2,125.3,275.6,0,0,151.5,0,0.7,0,1,2,1
58.5,1,1,140.2,218.4,0,1,164.5,1,0.0,2,0,2,1
50.9,1,2,93.1,229.2,0,1,153.2,1,0.0,2,1,3,1
58.7,1,0,135.4,233.3,0,1,160.8,0,0.5,1,0,3,1
45.4,0,1,113.4,162.2,0,1,139.2,0,0.0,1,0,2,1
51.3,1,2,99.5,220.5,0,1,142.2,1,1.3,1,0,2,1
64.6,1,3,139.7,280.1,1,0,175.6,0,1.5,1,1,2,0
57.3,1,1,120.7,281.8,0,0,159.2,0,1.8,1,0,2,0
34.8,1,0,120.4,194.7,0,1,132.5,1,1.7,1,0,3,0
58.3,1,0,99.9,231.5,0,1,156.7,0,0.1,2,1,3,0
55.1,1,0,139.7,215.3,0,1,110.6,1,5.7,0,0,3,0
33.9,1,3,117.1,187.6,0,0,174.9,0,0.0,2,0,2,1
48.0,1,0,132.0,253.0,1,0,150.4,1,0.0,2,2,3,0
44.1,1,2,118.3,225.9,0,1,169.2,0,0.0,2,0,2,1
46.9,1,2,130.0,256.1,0,1,179.8,0,0.0,2,0,2,1
39.4,0,2,92.7,194.9,0,1,179.0,0,0.1,2,0,2,1
64.3,1,0,129.0,263.5,0,1,103.8,1,0.2,1,1,3,1
60.7,1,0,119.2,260.1,0,1,141.0,1,3.6,1,1,3,0
57.0,1,0,100.6,232.1,0,1,156.4,0,0.1,2,1,3,0
52.0,1,1,133.3,192.9,0,1,159.9,0,0.8,2,1,2,1
40.9,1,1,120.4,157.6,0,1,180.3,0,0.0,2,0,2,1
59.9,0,3,150.9,241.0,0,1,171.6,0,1.0,2,0,2,1
52.7,0,0,137.5,236.9,0,0,159.2,0,0.0,2,0,2,1
50.9,0,0,130.8,306.8,0,1,139.9,1,1.2,1,0,3,0
48.9,0,1,133.6,267.9,0,1,163.7,0,0.0,1,0,2,1
60.8,1,0,129.6,204.5,0,0,131.9,1,2.4,1,2,3,0
35.4,1,0,127.1,283.8,0,0,156.1,1,0.0,2,0,3,0
57.6,0,1,135.6,322.6,1,0,150.9,0,0.0,2,2,2,0
49.0,1,1,130.9,269.3,0,1,170.8,0,0.5,2,0,2,1
51.6,1,1,128.8,204.9,1,1,185.6,0,0.0,2,0,2,1
58.4,1,0,151.3,268.4,0,0,111.0,1,0.8,2,0,3,0
55.6,0,0,179.0,324.6,0,2,118.3,1,3.3,1,0,2,0
61.1,1,2,149.0,246.7,1,1,137.9,1,1.0,1,0,2,1
55.0,0,1,136.1,254.6,0,0,161.6,0,1.4,1,0,2,1
65.2,0,2,139.3,414.0,1,0,156.4,0,0.9,2,1,2,1
45.5,1,3,111.1,256.4,0,1,131.4,0,1.2,1,0,3,0
62.5,0,0,150.9,242.6,0,1,157.0,1,1.3,1,0,2,0
42.1,1,0,134.7,312.7,0,1,122.9,1,1.7,1,0,1,0
43.2,0,2,121.4,210.6,0,1,163.4,0,0.2,1,0,2,1
52.7,1,0,140.9,225.9,0,0,110.8,1,0.0,2,0,3,1
65.9,1,0,161.1,226.5,0,0,135.7,0,2.3,2,0,1,1
44.5,0,1,129.0,229.7,0,0,174.3,0,0.6,1,0,2,1
54.8,1,2,123.5,273.5,0,0,151.4,0,0.4,0,1,2,1
56.8,1,0,129.4,130.8,0,1,116.4,1,1.1,1,1,3,0
41.2,1,2,128.7,217.8,0,0,166.1,0,2.1,1,0,2,1
41.3,0,1,124.9,306.5,0,1,162.6,0,0.0,2,0,2,1
55.4,1,0,133.4,184.6,0,0,104.2,1,2.0,1,1,1,0
63.8,1,0,129.3,331.3,1,0,132.0,1,1.8,2,3,3,0
52.6,1,2,136.5,223.7,0,1,168.5,0,0.0,2,4,2,1
43.9,1,0,112.6,285.6,0,0,152.8,0,0.0,2,1,2,0
56.2,0,0,180.6,325.5,0,2,115.6,1,3.5,1,0,2,0
58.3,1,0,113.0,320.1,0,2,140.5,0,4.5,0,3,1,0
52.9,1,2,129.7,201.3,1,0,151.4,0,1.2,0,0,2,1
51.3,1,3,154.1,296.7,1,1,177.5,0,1.2,1,0,3,1
56.9,1,0,152.2,274.9,0,1,88.1,1,1.2,1,1,3,0
35.4,1,1,121.8,188.9,0,1,173.7,0,0.0,2,0,2,1
56.9,1,0,108.7,203.6,0,1,125.8,1,1.5,1,0,1,1
61.7,1,0,136.8,164.7,0,0,123.3,1,3.7,1,1,2,0
55.6,1,0,131.0,283.0,1,0,103.8,1,1.6,0,0,3,0
60.2,1,2,148.5,244.6,1,1,138.2,1,1.0,1,0,2,1
75.8,0,2,139.5,195.7,0,2,114.5,0,1.1,1,0,2,1
65.2,0,2,155.4,265.2,0,1,148.2,0,0.8,2,0,2,1
47.1,1,0,111.4,276.1,0,0,117.6,1,0.9,1,1,2,0
46.8,1,2,130.0,254.5,0,1,178.6,0,0.0,2,0,2,1
57.9,0,1,134.7,319.3,1,0,151.6,0,0.0,2,2,2,0
51.1,0,2,139.1,307.4,0,0,143.9,0,1.5,2,1,2,1
53.6,0,0,138.0,239.3,0,0,159.0,0,0.0,2,0,2,1
52.3,1,1,133.2,203.4,0,1,157.2,0,0.8,2,1,2,1
44.6,0,2,118.1,246.4,0,1,150.3,0,0.3,1,1,2,1
50.8,1,3,125.7,213.8,0,0,125.1,1,1.4,2,1,2,1
50.0,1,0,143.3,196.7,0,0,126.1,1,1.0,1,0,3,0
59.1,1,0,127.9,262.9,0,0,131.1,1,3.0,1,2,3,0
61.9,0,0,139.7,393.5,0,0,155.8,0,1.2,1,0,2,1
51.4,1,3,117.7,184.9,0,0,190.8,0,0.0,1,0,1,1
57.8,1,0,149.4,269.9,0,0,109.4,1,0.9,2,0,3,0
55.4,1,0,132.0,286.8,1,0,103.8,1,1.6,0,0,3,0
58.9,1,1,125.3,215.7,0,1,144.0,0,0.3,1,4,3,1
40.6,1,0,109.6,165.7,0,0,114.1,1,2.0,1,0,3,0
40.1,1,0,153.1,224.5,0,1,181.8,0,0.0,2,0,3,0
42.0,0,1,130.7,200.5,0,0,169.5,0,1.4,2,0,2,1
71.0,0,0,113.0,148.8,0,1,125.8,0,1.6,1,0,2,1
58.2,1,2,114.1,230.9,0,0,166.2,0,2.5,1,1,3,0
35.2,0,0,139.0,180.1,0,1,181.2,0,1.4,2,0,2,1
63.6,1,0,129.9,259.9,0,1,106.0,1,0.2,1,1,3,1
55.1,1,0,129.6,280.6,1,0,103.6,1,1.6,0,0,3,0
58.1,1,0,141.9,176.5,0,1,162.7,1,0.0,2,1,3,0
47.7,1,0,110.9,204.8,0,1,143.6,0,0.2,2,0,2,1
67.1,0,0,105.2,221.9,0,1,142.0,0,0.2,2,2,2,1
57.1,1,1,154.8,234.8,0,0,164.5,0,0.0,2,1,2,0
45.4,1,1,127.8,306.5,0,0,168.6,0,0.0,2,0,2,1
46.2,1,0,140.1,310.1,0,1,120.1,1,1.8,1,2,3,0
56.5,1,1,120.2,238.9,0,1,180.4,0,0.8,2,0,2,1
60.4,1,2,151.1,246.9,1,1,137.3,1,1.1,1,0,2,1
67.2,1,0,120.0,227.6,0,0,130.9,1,2.6,1,2,3,0
65.6,1,0,120.4,175.1,0,1,140.5,0,0.4,2,0,3,1
39.6,1,0,109.8,170.3,0,0,112.2,1,2.0,1,0,3,0
64.9,1,3,139.2,282.8,1,0,173.2,0,1.4,1,1,2,0
69.1,1,3,162.1,233.4,1,0,130.5,0,0.1,1,1,2,1
71.0,0,2,108.6,264.5,1,0,129.3,0,0.0,2,1,2,1
57.1,1,0,165.1,290.9,1,0,126.0,0,0.9,1,3,3,0
58.4,1,2,133.2,223.7,0,0,170.5,0,3.2,2,2,3,0
61.6,0,0,137.9,296.3,1,1,106.1,0,1.9,1,3,2,0
47.8,1,1,129.9,247.3,0,0,179.3,0,0.3,1,0,2,1
28.7,1,1,130.1,200.8,0,0,203.6,0,0.0,2,0,2,1
50.2,1,2,139.8,228.6,0,1,163.5,0,0.6,1,1,3,0
63.6,1,0,120.7,248.7,0,0,97.5,1,2.3,0,1,2,0
47.5,1,2,137.7,254.8,0,0,154.7,0,0.1,2,0,2,1
40.9,0,1,126.2,303.9,0,1,163.3,0,0.1,2,0,2,1
34.4,0,0,138.5,181.0,0,1,182.4,0,1.4,2,0,2,1
42.0,1,2,120.5,233.2,1,1,195.2,0,0.9,0,0,3,1
45.7,1,0,120.1,250.0,0,0,146.0,0,0.7,2,0,3,0
64.3,1,2,141.4,332.2,0,1,157.1,0,0.1,2,0,2,0
65.8,0,0,178.0,228.9,1,1,164.4,1,0.9,1,2,3,0
51.5,1,0,128.0,204.6,1,1,154.6,1,1.0,1,0,0,0
67.2,0,2,121.6,212.5,0,0,115.1,0,1.5,1,0,2,1
52.6,1,0,142.9,225.9,0,0,111.5,1,0.1,2,0,3,1
53.5,1,0,122.9,285.8,0,1,96.1,1,2.1,1,2,3,0
38.4,0,2,94.3,198.3,0,1,179.6,0,0.0,2,0,2,1
52.7,1,0,143.0,224.1,0,0,108.0,1,0.1,2,0,3,1
52.5,1,0,109.8,230.6,0,1,161.0,0,0.0,2,1,2,0
65.8,1,1,160.4,247.2,0,1,120.3,1,0.0,1,3,1,0
56.1,1,1,121.0,238.6,0,1,178.0,0,0.9,2,0,2,1
59.3,0,3,149.0,235.3,0,1,171.6,0,0.9,2,0,2,1
67.0,1,0,118.8,227.6,0,0,127.3,1,2.5,1,2,3,0
47.2,1,0,124.0,273.9,0,0,165.9,0,0.6,1,0,3,0
42.3,1,0,110.3,213.4,0,1,161.1,0,0.0,2,0,3,1
43.9,1,0,118.8,169.0,0,1,142.4,1,2.8,0,0,1,0
38.0,1,2,137.6,173.6,0,1,172.8,0,0.0,2,4,2,1
35.3,1,0,119.7,194.6,0,1,131.4,1,1.6,1,0,3,0
40.6,0,1,127.5,305.5,0,1,165.0,0,0.1,2,0,2,1
49.7,1,2,141.0,234.7,0,1,162.3,0,0.6,1,1,3,0
57.3,1,0,133.2,204.8,0,1,167.6,1,0.0,2,0,3,1
67.9,0,2,120.8,209.6,0,0,115.3,0,1.5,1,0,2,1
52.0,1,3,116.7,183.7,0,0,190.4,0,0.0,1,0,1,1
45.0,1,1,128.6,307.4,0,0,169.8,0,0.0,2,0,2,1
54.0,1,2,121.2,252.9,0,0,147.0,0,0.3,1,0,3,1
62.3,1,1,119.2,281.8,0,0,103.8,0,1.4,1,1,3,0
59.3,1,0,139.9,175.8,0,1,160.8,1,0.0,2,1,3,0
56.2,0,0,200.0,288.4,1,0,132.8,1,4.1,0,2,3,0
55.4,0,1,132.0,343.3,0,1,165.4,0,1.3,2,0,2,1
42.3,1,1,119.9,294.0,0,1,160.6,0,0.0,2,0,2,1
46.8,1,2,138.7,259.7,0,0,156.5,0,0.0,2,0,2,1
61.5,1,0,137.5,163.8,0,0,124.5,1,3.6,1,1,2,0
61.9,0,0,140.2,268.5,0,0,160.2,0,3.5,0,2,2,0
44.4,0,0,138.8,236.2,0,0,152.8,1,0.2,1,0,2,1
57.7,1,0,132.3,207.8,0,1,169.1,1,0.0,2,0,3,1
57.0,1,1,123.7,266.9,0,1,140.7,0,0.2,2,0,3,0
70.8,0,0,112.9,150.3,0,1,125.6,0,1.6,1,0,2,1
63.8,1,2,139.8,336.6,0,1,158.0,0,0.0,2,0,2,0
56.2,0,0,199.6,290.1,1,0,133.4,1,4.0,0,2,3,0
47.2,1,2,129.2,253.9,0,1,177.1,0,0.0,2,0,2,1
34.4,0,1,118.8,207.7,0,1,193.3,0,0.7,2,0,2,1
62.7,0,0,150.3,244.7,0,1,157.8,1,1.4,1,0,2,0
62.2,1,0,119.8,269.0,0,1,101.2,1,1.8,1,2,3,0
59.8,0,2,103.8,318.4,0,1,162.0,0,0.1,2,1,2,1
66.9,1,2,152.9,209.7,0,0,150.3,0,0.8,1,0,3,0
49.9,1,0,144.3,200.6,0,0,125.8,1,0.9,1,0,3,0
39.4,1,0,118.2,218.6,0,1,139.9,0,1.2,1,0,3,0
54.9,1,0,138.6,218.7,0,1,112.0,1,5.6,0,0,3,0
65.0,0,3,148.6,226.4,0,1,114.7,0,2.6,0,0,2,1
53.8,1,2,120.1,255.6,0,0,146.5,0,0.5,1,0,3,1
45.8,1,0,120.7,249.6,0,0,144.7,0,0.9,2,0,3,0
62.0,0,0,124.3,210.2,0,1,164.2,0,0.0,2,0,2,1
62.0,0,0,150.1,242.6,0,1,155.6,1,1.4,1,0,2,0
66.6,1,0,100.7,301.6,0,0,124.0,1,0.9,1,2,2,0
70.7,1,0,128.8,320.1,0,0,108.2,0,2.5,1,3,2,0
54.5,0,2,109.6,216.2,0,1,159.5,0,1.6,1,0,2,1
51.1,1,0,139.5,298.5,0,1,173.0,1,1.5,2,0,3,0
49.0,0,1,132.3,269.7,0,1,159.7,0,0.0,1,0,2,1
59.3,1,3,178.7,267.0,0,0,145.7,0,4.2,0,0,3,1
39.0,1,0,118.1,221.2,0,1,138.2,0,1.2,1,0,3,0
51.7,1,0,127.8,201.7,1,1,153.9,1,1.1,1,0,0,0
55.9,1,2,130.8,253.6,1,0,142.0,1,0.5,1,1,1,0
42.3,1,2,129.2,175.7,0,1,151.9,0,0.0,2,0,2,1
52.6,1,2,170.6,198.5,1,1,162.2,0,0.6,2,0,3,1
57.5,1,0,151.9,273.0,0,1,87.0,1,1.3,1,1,3,0
33.9,0,1,118.0,205.9,0,1,193.7,0,0.6,2,0,2,1
51.6,1,3,117.3,188.6,0,0,190.3,0,0.0,1,0,1,1
69.9,1,0,131.1,318.6,0,0,110.6,0,2.4,1,3,2,0
54.2,1,0,140.6,236.7,0,1,161.3,0,1.3,2,0,2,1
48.8,1,1,131.8,266.8,0,1,170.0,0,0.5,2,0,2,1
45.9,0,1,104.0,205.2,0,1,171.9,0,0.0,2,0,2,1
46.3,0,1,103.9,202.1,0,1,172.0,0,0.0,2,0,2,1
58.0,1,0,143.9,217.5,0,1,105.6,0,2.0,1,1,3,0
39.0,1,2,139.2,318.5,0,0,179.8,0,0.0,2,0,2,1
69.6,1,0,130.3,319.6,0,0,110.0,0,2.6,1,3,2,0
42.1,1,2,131.2,181.6,0,1,149.3,0,0.0,2,0,2,1
65.0,0,0,149.5,223.9,0,0,113.5,0,1.0,1,3,3,0
50.3,1,0,150.1,244.0,0,0,128.8,0,2.6,1,0,3,0
57.2,1,0,109.3,200.1,0,1,125.5,1,1.4,1,0,1,1
47.8,1,0,123.2,218.8,0,0,186.3,0,0.0,2,0,2,1
64.1,0,0,130.0,305.5,0,1,120.8,0,2.1,1,2,2,1
41.6,0,0,101.2,267.2,0,0,122.2,0,0.7,1,0,2,1
54.9,0,0,178.2,325.9,0,2,117.5,1,3.3,1,0,2,0
51.3,1,2,92.8,229.4,0,1,152.3,1,0.0,2,1,3,1
59.3,1,1,138.9,222.5,0,1,160.9,1,0.0,2,0,2,1
39.7,1,3,140.9,199.3,0,1,175.7,1,1.3,2,0,3,1
55.8,1,1,119.7,236.0,0,1,176.3,0,0.9,2,0,2,1
39.1,0,2,138.3,220.2,0,1,151.7,0,0.1,1,0,2,1
41.7,1,0,135.4,314.2,0,1,123.8,1,1.8,1,0,1,0
56.9,0,1,130.7,235.5,0,0,176.9,0,0.0,1,1,2,0
59.8,0,2,102.4,316.5,0,1,160.5,0,0.1,2,1,2,1
56.0,1,0,124.2,245.5,1,0,145.9,1,1.2,1,1,2,0
54.3,0,1,132.2,287.3,1,0,159.6,1,0.0,2,1,2,1
57.7,0,0,130.6,196.8,0,1,130.7,0,0.5,1,0,2,1
47.9,1,0,112.9,197.9,0,1,143.7,0,0.2,2,0,2,1
45.2,0,1,130.1,237.4,0,0,174.8,0,0.5,1,0,2,1
45.0,1,1,128.5,309.8,0,0,169.5,0,0.0,2,0,2,1
51.8,1,0,108.2,230.6,1,1,147.8,0,0.1,2,3,3,1
57.6,0,0,169.7,226.4,1,0,144.1,1,2.8,1,2,1,0
63.0,1,3,144.1,232.2,1,0,147.6,0,2.3,0,0,1,1
49.4,1,2,116.9,153.0,0,0,125.6,0,0.9,2,3,2,0
58.3,0,0,99.0,248.8,0,0,121.7,0,1.0,1,0,2,1
56.8,1,2,126.9,229.5,0,0,150.4,0,0.5,1,1,3,0
58.0,1,0,124.5,303.3,0,0,172.4,0,0.0,2,2,3,0
56.4,1,0,140.2,198.6,0,1,148.4,0,0.5,1,0,1,1
46.8,1,2,138.1,255.3,0,0,156.7,0,0.1,2,0,2,1
62.1,1,0,121.3,266.9,0,1,97.7,1,1.8,1,2,3,0
59.1,1,3,159.6,270.4,0,0,122.8,0,0.1,2,0,2,0
41.2,1,1,132.7,203.0,0,1,131.8,0,0.0,1,0,1,1
45.2,1,0,120.8,245.2,0,0,143.7,0,0.8,2,0,3,0
61.6,0,0,139.8,265.4,0,0,160.2,0,3.6,0,2,2,0
52.6,0,0,131.8,260.7,0,0,141.6,0,0.5,1,0,2,1
53.7,1,0,141.7,227.2,0,0,112.7,1,0.0,2,0,3,1
45.6,1,0,139.3,309.2,0,1,121.9,1,1.8,1,2,3,0
61.7,1,0,120.3,265.9,0,1,100.3,1,1.8,1,2,3,0
57.9,1,2,140.8,209.8,1,0,163.6,0,0.1,2,0,2,1
64.6,1,0,145.1,214.9,0,0,132.6,0,2.1,1,2,1,0
60.0,1,0,124.8,266.7,0,0,140.5,1,2.8,1,1,3,0
46.8,1,2,130.3,249.1,0,1,180.6,0,0.0,2,0,2,1
47.2,1,2,137.2,250.5,0,0,156.4,0,0.0,2,0,2,1
63.0,1,0,119.9,246.3,0,0,97.2,1,2.3,0,1,2,0
63.6,0,2,140.0,314.5,0,1,132.2,0,0.3,2,0,3,1
53.8,1,0,111.4,239.9,0,1,123.9,1,2.8,1,1,3,0
43.5,1,1,119.8,264.5,0,1,172.4,0,0.1,2,0,3,1
58.6,1,3,179.2,266.6,0,0,144.6,0,4.2,0,0,3,1
55.3,1,0,130.8,351.6,0,1,132.4,1,1.2,1,1,3,0
60.3,1,0,128.9,252.7,0,1,144.9,1,1.4,2,1,3,0
52.6,1,0,124.4,214.3,0,1,164.8,0,1.1,2,2,3,0
54.2,1,1,109.3,309.4,0,1,157.6,0,0.1,2,0,3,1
62.6,0,0,136.2,294.3,1,1,106.2,0,1.9,1,3,2,0
40.4,1,0,111.6,165.1,0,0,113.8,1,2.0,1,0,3,0
47.0,1,2,131.1,252.4,0,1,179.2,0,0.1,2,0,2,1
59.9,0,2,101.3,318.3,0,1,158.2,0,0.0,2,1,2,1
54.0,1,1,109.8,306.6,0,1,155.6,0,0.0,2,0,3,1
60.1,1,2,139.3,185.2,0,0,155.2,0,3.0,1,0,2,0
41.1,1,2,110.9,250.6,0,1,178.8,0,0.0,2,0,2,1
54.0,1,1,108.6,306.9,0,1,156.2,0,0.1,2,0,3,1
60.7,1,3,133.1,235.1,0,1,146.6,0,2.6,1,2,2,0
59.8,0,0,150.3,256.7,0,0,155.6,0,2.6,1,2,3,0
48.7,1,2,123.4,255.2,1,1,175.2,0,0.0,2,2,2,1
60.8,1,0,131.1,253.9,0,1,144.4,1,1.4,2,1,3,0
58.5,1,2,127.3,221.9,1,1,134.7,0,2.1,1,1,1,0
55.3,1,0,132.7,184.5,0,0,107.0,1,2.1,1,1,1,0
44.2,1,2,129.9,235.8,0,1,180.8,1,0.4,2,0,2,1
44.3,1,0,104.7,209.2,0,0,149.4,1,2.9,1,0,2,1
59.3,1,0,137.7,273.4,0,0,181.8,0,0.0,2,0,2,1
63.4,0,2,135.5,253.8,0,0,170.9,0,0.0,2,0,2,1
45.2,1,0,105.2,209.7,0,0,147.5,1,3.1,1,0,2,1
59.3,1,2,151.1,208.6,1,1,155.8,0,1.5,2,0,2,1
66.7,0,2,146.4,277.8,0,0,151.6,0,0.0,1,1,2,1
69.3,1,2,141.2,257.6,0,0,146.8,0,2.0,1,3,3,0
54.6,0,2,136.8,306.8,1,1,169.5,0,0.0,2,0,2,1
64.8,1,0,161.1,230.4,0,0,139.4,0,2.4,2,0,1,1
55.1,0,1,136.4,246.1,0,0,162.0,0,1.3,1,0,2,1
57.3,1,0,165.6,291.6,1,0,125.4,0,1.1,1,3,3,0
40.5,0,1,105.1,199.7,0,1,169.2,0,0.0,2,1,2,1
51.6,0,0,129.5,303.5,0,1,141.2,1,1.2,1,0,3,0
37.3,1,3,122.3,233.7,0,1,181.8,1,3.8,1,0,3,0
60.1,1,0,129.1,207.1,0,0,131.1,1,2.3,1,2,3,0
53.1,0,0,139.2,233.4,0,0,161.8,0,0.0,2,0,2,1
44.4,1,1,120.4,217.3,0,1,170.3,0,0.0,2,0,2,1
57.4,1,0,165.3,289.4,1,0,125.2,0,1.0,1,3,3,0
40.7,0,1,106.0,191.8,0,1,167.3,0,0.0,2,1,2,1
59.9,1,0,145.7,284.2,0,0,142.7,1,2.9,1,2,3,0
42.0,1,2,120.8,244.4,1,1,193.2,0,0.9,0,0,3,1
58.5,0,1,135.5,317.4,1,0,152.0,0,0.0,2,2,2,0
41.1,1,2,111.3,251.8,0,1,179.2,0,0.0,2,0,2,1
56.5,1,0,149.7,275.0,0,0,112.6,1,0.6,1,1,1,0
45.1,1,0,140.4,309.1,0,0,146.9,1,0.0,1,3,3,0
36.6,0,2,119.9,216.5,0,1,167.8,0,0.0,2,0,2,1
56.5,1,1,120.4,236.7,0,1,169.5,0,0.0,0,0,2,1
44.6,1,0,115.4,259.3,0,0,183.5,0,0.0,2,0,2,1
52.6,1,0,125.8,215.5,0,1,167.9,0,0.9,2,2,3,0
54.8,1,0,132.2,352.4,0,1,131.5,1,1.3,1,1,3,0
61.0,0,0,144.8,308.7,0,0,145.5,1,1.0,1,0,3,0
55.9,1,0,132.1,187.6,0,0,106.5,1,2.1,1,1,1,0
63.8,0,0,130.7,304.5,0,1,123.1,0,2.1,1,2,2,1
65.1,1,3,139.4,279.5,1,0,174.5,0,1.4,1,1,2,0
49.3,1,2,119.9,190.9,0,1,138.7,0,2.1,1,3,3,0
43.2,1,2,129.2,317.0,0,1,161.7,0,1.9,2,1,2,1
67.3,0,2,115.7,563.0,0,0,160.1,0,1.7,1,0,3,1
39.6,1,3,140.4,200.1,0,1,178.1,1,1.3,2,0,3,1
49.1,0,0,128.6,267.0,0,1,163.0,0,0.0,2,0,2,1
51.1,1,0,140.4,263.1,0,0,187.4,1,0.1,2,0,2,1
53.9,1,0,121.5,284.8,0,0,117.6,1,3.3,1,2,2,0
45.9,1,1,100.3,198.4,1,1,156.9,0,0.0,2,0,3,1
57.7,0,0,129.7,195.3,0,1,130.9,0,0.6,1,0,2,1
63.6,0,2,138.2,310.2,0,1,131.3,0,0.2,2,0,3,1
52.7,1,0,141.5,227.6,0,0,110.8,1,0.0,2,0,3,1
51.2,0,2,140.1,306.1,0,0,141.3,0,1.6,2,1,2,1
54.5,1,0,140.2,236.8,0,1,158.2,0,1.1,2,0,2,1
44.5,1,1,130.0,217.7,0,0,188.1,0,0.0,2,0,2,1
59.6,0,3,150.0,241.3,0,1,171.8,0,0.9,2,0,2,1
49.9,1,0,142.3,201.0,0,0,125.7,1,1.0,1,0,3,0
42.0,1,0,132.9,248.4,1,0,143.9,1,0.1,1,4,3,0
67.3,1,0,120.7,233.8,0,1,70.4,0,1.0,1,0,2,0
66.7,1,0,119.8,241.7,0,1,70.0,0,0.9,1,0,2,0
52.3,0,2,126.0,220.5,0,0,115.6,0,0.0,2,0,0,1
61.8,0,0,139.5,394.2,0,0,158.0,0,1.2,1,0,2,1
61.7,0,0,159.9,162.1,0,0,144.7,0,6.0,0,3,3,0
46.6,1,0,139.9,311.3,0,1,119.6,1,1.7,1,2,3,0
51.8,1,0,108.0,240.3,1,1,147.2,0,0.1,2,3,3,1
33.7,0,1,116.6,208.2,0,1,191.0,0,0.7,2,0,2,1
75.5,0,2,139.5,194.5,0,2,113.1,0,1.1,1,0,2,1
55.7,1,1,129.2,223.6,0,0,165.6,0,0.1,2,0,3,1
44.8,1,0,120.0,167.7,0,1,144.1,1,2.7,0,0,1,0
53.3,1,0,109.3,201.2,0,0,106.5,1,0.0,1,1,2,0
71.3,0,0,111.4,146.7,0,1,125.2,0,1.6,1,0,2,1
59.6,1,0,141.3,291.5,0,0,171.4,0,1.2,1,2,3,0
66.0,1,0,111.9,213.6,0,0,130.4,1,0.1,2,1,2,0
43.9,1,2,129.0,314.2,0,1,161.2,0,1.8,2,1,2,1
35.0,1,0,120.9,198.9,0,1,129.9,1,1.5,1,0,3,0
60.2,1,0,130.5,208.9,0,0,132.7,1,2.5,1,2,3,0
58.7,1,0,140.8,181.8,0,1,159.8,1,0.0,2,1,3,0
63.4,1,3,109.5,207.1,0,0,142.6,1,1.8,1,0,2,1
45.8,1,2,150.5,228.9,0,1,146.0,0,3.6,1,0,2,0
70.8,0,1,160.8,299.3,0,1,162.7,0,0.5,2,2,2,1
41.1,0,2,113.1,265.0,0,0,172.2,1,0.0,2,0,2,1
66.2,1,0,159.4,223.7,0,0,137.0,0,2.3,2,0,1,1
58.9,1,1,124.3,219.3,0,1,143.7,0,0.5,1,4,3,1
51.7,1,0,125.0,211.5,0,1,170.0,0,0.9,2,2,3,0
40.8,1,0,108.8,166.5,0,0,155.9,0,0.0,2,0,3,0
60.7,1,2,149.1,242.7,1,1,136.6,1,1.0,1,0,2,1
64.3,0,0,130.9,308.1,0,1,123.7,0,2.1,1,2,2,1
66.9,1,0,119.8,229.6,0,0,129.2,1,2.6,1,2,3,0
42.3,0,2,119.6,213.5,0,1,174.2,0,0.0,1,0,2,1
40.6,1,1,134.7,202.1,0,1,133.4,0,0.1,1,0,1,1
57.1,1,0,152.0,272.8,0,1,88.3,1,1.2,1,1,3,0
64.6,1,0,120.1,249.6,0,0,96.5,1,2.2,0,1,2,0
43.9,1,1,121.0,219.2,0,1,170.1,0,0.0,2,0,2,1
59.8,1,0,139.1,162.1,0,0,125.1,1,3.6,1,1,2,0
59.2,1,3,134.1,201.3,0,1,161.2,0,0.8,2,2,2,0
54.1,1,0,124.2,279.7,0,1,95.5,1,2.0,1,2,3,0
59.6,0,0,149.6,257.8,0,0,157.9,0,2.6,1,2,3,0
67.4,0,0,106.8,223.1,0,1,143.5,0,0.3,2,2,2,1
57.7,1,2,140.1,208.5,1,0,164.2,0,0.1,2,0,2,1
58.0,0,0,129.9,200.5,0,1,131.8,0,0.6,1,0,2,1
51.7,1,1,132.5,198.6,0,1,158.8,0,0.8,2,1,2,1
43.6,1,2,138.9,233.4,0,0,180.7,0,0.0,2,0,2,1
41.2,0,1,130.5,205.6,0,0,171.7,0,1.4,2,0,2,1
35.4,1,0,125.2,283.8,0,0,154.2,1,0.0,2,0,3,0
57.3,1,2,150.2,164.3,0,1,173.1,0,1.7,2,0,2,1
67.2,1,2,154.1,209.7,0,0,150.3,0,0.8,1,0,3,0
45.7,1,1,100.6,198.2,1,1,155.3,0,0.1,2,0,3,1
54.7,0,1,131.5,344.6,0,1,162.2,0,1.2,2,0,2,1
76.1,0,2,139.9,196.8,0,2,117.2,0,1.1,1,0,2,1
57.5,1,2,105.7,239.7,0,0,152.8,1,0.4,1,0,3,1
52.0,1,1,132.0,202.2,0,1,158.7,0,0.8,2,1,2,1
59.3,1,0,128.8,251.5,0,1,143.3,1,1.4,2,1,3,0
63.8,1,0,128.0,263.2,0,1,103.1,1,0.1,1,1,3,1
58.3,0,0,170.6,225.4,1,0,145.5,1,2.8,1,2,1,0
38.2,1,2,137.6,178.8,0,1,173.3,0,0.0,2,4,2,1
41.8,1,2,129.6,175.1,0,1,149.3,0,0.0,2,0,2,1
56.7,1,2,127.1,257.4,1,0,141.9,1,0.5,1,1,1,0
51.0,1,2,93.9,232.2,0,1,154.1,1,0.0,2,1,3,1
46.5,0,2,142.8,176.0,0,0,161.0,1,1.4,0,0,2,1
34.0,0,1,117.6,207.4,0,1,191.7,0,0.8,2,0,2,1
63.7,0,0,129.7,298.7,0,1,122.3,0,2.0,1,2,2,1
44.6,1,0,142.3,307.5,0,0,147.0,1,0.0,1,3,3,0
59.6,1,0,136.3,270.9,0,0,183.9,0,0.0,2,0,2,1
57.6,1,1,120.1,284.0,0,0,159.2,0,1.7,1,0,2,0
62.4,0,1,139.0,194.0,0,1,177.8,0,0.0,2,2,2,1
68.8,0,3,139.9,238.5,0,1,149.9,0,1.7,2,2,2,1
65.6,1,0,133.2,257.8,0,0,126.4,0,2.7,1,1,3,0
49.1,1,2,122.2,188.5,0,1,141.8,0,2.0,1,3,3,0
61.3,1,3,134.7,229.7,0,1,143.8,0,2.6,1,2,2,0
58.6,1,0,140.8,174.4,0,1,163.1,1,0.1,2,1,3,0
58.8,1,3,133.8,203.1,0,1,162.1,0,0.9,2,2,2,0
41.9,0,0,133.9,340.6,1,0,135.6,1,2.9,1,0,3,0
60.1,1,0,130.4,251.7,0,1,143.7,1,1.3,2,1,3,0
56.0,0,0,200.0,287.0,1,0,132.7,1,4.0,0,2,3,0
66.5,0,0,178.0,229.2,1,1,164.3,1,1.0,1,2,3,0
47.9,1,0,124.1,225.4,0,0,185.2,0,0.1,2,0,2,1
62.6,0,0,160.8,165.6,0,0,144.4,0,6.0,0,3,3,0
59.0,1,2,150.0,206.8,1,1,157.6,0,1.7,2,0,2,1
45.0,1,0,114.6,259.7,0,0,186.6,0,0.0,2,0,2,1
49.6,1,0,148.9,241.8,0,0,129.6,0,2.7,1,0,3,0
42.9,1,0,119.6,179.2,0,0,118.1,1,2.4,1,0,3,0
64.2,0,2,154.5,268.7,0,1,149.7,0,0.8,2,0,2,1
57.9,1,0,164.2,288.9,1,0,126.6,0,1.1,1,3,3,0
61.2,1,0,138.5,166.7,0,0,124.9,1,3.5,1,1,2,0
44.3,0,0,137.7,238.4,0,0,150.4,1,0.4,1,0,2,1
54.5,1,2,118.3,253.9,0,0,146.7,0,0.4,1,0,3,1
44.9,0,0,136.9,235.0,0,0,151.5,1,0.1,1,0,2,1
54.0,0,0,130.1,265.9,0,0,143.0,0,0.4,1,0,2,1
66.0,0,0,179.6,228.1,1,1,163.6,1,1.0,1,2,3,0
57.7,1,1,126.3,222.4,0,1,143.6,0,0.3,1,4,3,1
67.8,0,2,121.9,214.3,0,0,116.4,0,1.5,1,0,2,1
59.3,1,0,129.3,253.8,0,1,143.5,1,1.4,2,1,3,0
43.3,1,2,131.5,317.8,0,1,162.8,0,1.8,2,1,2,1
43.8,0,1,129.4,236.2,0,0,175.5,0,0.7,1,0,2,1
73.4,0,1,119.7,275.7,0,0,120.3,1,0.3,2,1,2,1
67.8,0,2,119.6,209.2,0,0,114.8,0,1.5,1,0,2,1
56.9,1,1,155.2,229.0,0,0,163.7,0,0.0,2,1,2,0
63.7,0,0,108.8,263.4,0,1,167.7,1,1.9,1,2,2,0
53.8,1,0,121.3,289.3,0,0,115.8,1,3.1,1,2,2,0
48.9,1,0,144.9,201.3,0,0,126.1,1,1.0,1,0,3,0
48.4,1,2,124.6,254.1,1,1,176.2,0,0.0,2,2,2,1
47.0,1,0,110.1,276.4,0,0,116.6,1,0.9,1,1,2,0
71.0,0,0,111.3,153.3,0,1,125.3,0,1.6,1,0,2,1
67.5,1,0,121.2,232.2,0,0,128.3,1,2.6,1,2,3,0
62.9,0,0,123.6,210.1,0,1,165.3,0,0.0,2,0,2,1
43.9,0,1,113.7,160.6,0,1,141.1,0,0.1,1,0,2,1
58.8,0,0,174.5,250.7,0,1,144.4,1,0.0,1,0,2,0
44.1,1,1,119.9,213.3,0,1,169.3,0,0.0,2,0,2,1
64.9,1,0,110.7,246.5,0,0,157.6,0,0.6,2,2,1,0
43.1,1,0,120.1,175.8,0,0,120.2,1,2.5,1,0,3,0
53.7,0,2,161.7,196.6,0,1,163.1,0,0.0,2,1,2,1
43.7,1,0,111.9,289.0,0,0,153.4,0,0.1,2,1,2,0
47.2,1,0,122.7,215.8,0,0,183.4,0,0.0,2,0,2,1
55.3,1,0,160.5,288.2,0,0,144.9,1,0.7,1,1,3,0
48.4,1,0,120.6,225.3,0,0,185.6,0,0.0,2,0,2,1
62.1,1,2,130.8,230.5,0,1,145.5,0,1.8,1,3,3,1
70.5,1,0,145.0,178.4,0,1,126.3,1,2.5,0,0,3,0
57.0,1,0,115.5,313.7,0,2,140.6,0,4.4,0,3,1,0
66.1,1,0,125.6,257.1,1,1,163.2,0,0.2,1,2,3,0
43.5,1,0,111.5,198.0,0,0,177.0,0,0.0,2,1,2,0
44.5,0,1,111.8,158.3,0,1,138.4,0,0.0,1,0,2,1
56.9,1,1,123.5,258.6,0,1,140.9,0,0.3,2,0,3,0
35.2,1,0,120.5,199.4,0,1,130.5,1,1.6,1,0,3,0
56.8,1,0,152.2,279.0,0,0,111.5,1,0.5,1,1,1,0
63.6,0,0,108.8,270.0,0,1,168.3,1,1.8,1,2,2,0
44.1,1,0,112.4,290.8,0,0,151.7,0,0.1,2,1,2,0
40.4,1,0,152.6,222.3,0,1,180.8,0,0.0,2,0,3,0
50.4,0,0,128.9,301.2,0,1,144.4,1,1.1,1,0,3,0
56.1,1,2,129.5,258.3,1,0,142.4,1,0.5,1,1,1,0
71.9,0,0,112.4,150.3,0,1,124.3,0,1.7,1,0,2,1
57.3,1,2,149.0,124.4,1,1,172.4,0,0.2,2,1,3,1
53.1,1,2,129.6,244.0,1,0,173.6,0,0.0,2,3,2,1
47.6,1,2,107.0,242.2,0,1,152.7,0,0.0,2,0,2,0
52.4,1,2,128.2,200.7,1,0,151.5,0,1.2,0,0,2,1
62.3,1,2,129.7,234.4,0,1,145.7,0,1.8,1,3,3,1
59.1,1,0,140.3,175.9,0,1,162.9,1,0.0,2,1,3,0
57.3,1,0,109.1,201.2,0,1,126.1,1,1.5,1,0,1,1
39.9,1,3,142.4,201.0,0,1,177.2,1,1.4,2,0,3,1
67.4,0,2,121.4,218.0,0,0,116.2,0,1.4,1,0,2,1
41.0,1,0,111.0,172.0,0,0,156.1,0,0.0,2,0,3,0
67.1,1,0,120.1,230.1,0,0,128.9,1,2.6,1,2,3,0
57.5,1,1,154.2,227.9,0,0,162.7,0,0.0,2,1,2,0
62.7,1,3,143.2,231.8,1,0,149.7,0,2.3,0,0,1,1
57.0,0,0,140.5,241.6,0,1,122.5,1,0.2,1,0,3,0
58.9,1,1,139.6,215.0,0,1,165.2,1,0.0,2,0,2,1
54.3,1,0,109.6,237.3,0,1,125.5,1,2.8,1,1,3,0
49.2,1,2,120.2,147.7,0,0,126.0,0,0.8,2,3,2,0
42.0,1,0,140.2,232.4,0,1,176.8,0,0.0,2,0,2,1
43.2,1,1,120.7,219.5,0,1,170.1,0,0.0,2,0,2,1
33.5,0,1,118.5,212.1,0,1,193.0,0,0.8,2,0,2,1
59.4,1,0,136.1,234.7,0,1,161.4,0,0.5,1,0,3,1
68.3,0,2,120.4,214.8,0,0,116.4,0,1.6,1,0,2,1
58.3,1,2,149.7,212.1,1,1,155.0,0,1.6,2,0,2,1
50.7,0,0,110.7,251.5,0,0,160.6,0,0.0,2,0,2,1
56.8,1,2,125.9,231.7,0,0,148.9,0,0.5,1,1,3,0
64.4,1,2,139.0,332.3,0,1,157.8,0,0.0,2,0,2,0
51.3,1,2,125.8,244.4,1,0,167.3,0,2.4,1,0,2,1
58.2,0,1,136.0,317.9,1,0,152.2,0,0.1,2,2,2,0
57.3,1,0,150.4,267.4,0,0,112.3,1,0.8,2,0,3,0
39.1,0,2,138.5,223.6,0,1,150.9,0,0.0,1,0,2,1
42.3,1,3,148.0,243.9,0,0,178.3,0,0.9,2,2,2,1
52.5,1,2,138.2,222.4,0,1,170.2,0,0.0,2,4,2,1
58.6,1,0,134.6,237.5,0,1,159.2,0,0.5,1,0,3,1
66.9,0,2,112.9,561.8,0,0,159.0,0,1.7,1,0,3,1
56.3,1,1,121.3,239.6,0,1,178.2,0,0.8,2,0,2,1
46.7,1,2,130.4,252.8,0,1,178.2,0,0.0,2,0,2,1
35.4,1,0,126.5,278.3,0,0,155.5,1,0.0,2,0,3,0
64.3,1,0,147.0,209.1,0,0,132.5,0,2.0,1,2,1,0
43.6,1,1,128.6,215.0,0,0,188.5,0,0.0,2,0,2,1
58.9,1,1,125.6,221.2,0,1,144.6,0,0.5,1,4,3,1
53.9,1,0,140.3,215.4,0,1,111.7,1,5.6,0,0,3,0
46.9,1,0,111.9,201.3,0,1,141.9,0,0.2,2,0,2,1
50.5,1,0,139.0,261.1,0,0,184.6,1,0.0,2,0,2,1
71.0,0,0,112.3,151.4,0,1,127.8,0,1.7,1,0,2,1
61.7,1,0,147.0,202.6,0,1,160.7,0,0.0,2,1,3,0
46.1,1,0,119.7,251.5,0,0,143.1,0,0.7,2,0,3,0
42.8,1,0,113.9,307.3,0,1,181.1,0,1.2,1,0,2,1
57.7,1,2,132.8,220.3,0,0,171.2,0,3.1,2,2,3,0
59.4,1,0,163.9,170.6,1,0,89.3,0,1.0,1,2,1,0
44.9,1,0,119.4,169.7,0,1,143.4,1,2.9,0,0,1,0
58.3,1,0,124.5,303.9,0,0,170.4,0,0.1,2,2,3,0
59.1,1,3,134.7,203.9,0,1,163.0,0,0.9,2,2,2,0
60.1,1,0,141.1,291.1,0,0,170.1,0,1.2,1,2,3,0
60.0,0,3,149.7,239.7,0,1,171.1,0,1.0,2,0,2,1
69.6,0,3,140.4,240.2,0,1,152.5,0,1.8,2,2,2,1
65.1,0,2,138.8,415.9,1,0,158.0,0,0.8,2,1,2,1
56.6,1,0,163.7,287.2,1,0,124.7,0,1.0,1,3,3,0
43.2,1,0,120.9,177.1,0,0,120.4,1,2.4,1,0,3,0
56.8,1,1,123.7,258.7,0,1,140.7,0,0.3,2,0,3,0
66.6,1,0,119.6,301.6,0,0,150.0,0,0.5,1,0,2,1
59.4,1,0,117.2,227.3,1,1,158.2,1,1.5,2,2,3,0
40.3,1,0,109.3,167.5,0,0,116.6,1,1.9,1,0,3,0
59.8,0,3,150.6,241.4,0,1,169.9,0,0.8,2,0,2,1
51.2,0,2,139.7,308.6,0,0,143.0,0,1.6,2,1,2,1
42.8,1,2,129.4,182.8,0,1,150.1,0,0.1,2,0,2,1
57.4,1,0,113.1,319.4,0,2,139.6,0,4.4,0,3,1,0
63.7,1,3,169.2,228.5,0,0,153.1,0,0.6,1,0,3,1
62.0,0,0,159.1,167.1,0,0,146.1,0,6.0,0,3,3,0
51.5,0,2,139.9,306.1,0,0,142.1,0,1.5,2,1,2,1
57.4,1,0,149.0,269.3,0,0,111.6,1,0.7,2,0,3,0
45.3,0,1,112.0,157.2,0,1,136.8,0,0.0,1,0,2,1
42.4,1,2,129.1,178.3,0,1,148.5,0,0.0,2,0,2,1
56.2,1,0,130.6,282.1,1,0,103.0,1,1.6,0,0,3,0
64.3,0,0,130.5,301.7,0,1,121.5,0,2.1,1,2,2,1
62.3,0,0,140.0,266.0,0,0,159.9,0,3.7,0,2,2,0
43.8,1,1,121.0,217.3,0,1,169.6,0,0.0,2,0,2,1
39.7,1,0,117.8,221.6,0,1,139.4,0,1.2,1,0,3,0
50.2,1,0,150.2,241.0,0,0,126.7,0,2.6,1,0,3,0
69.7,1,0,144.2,173.8,0,1,127.0,1,2.6,0,0,3,0
66.1,1,0,160.0,223.8,0,0,136.9,0,2.2,2,0,1,1
55.1,0,0,132.3,411.5,0,0,150.1,1,1.7,1,2,3,0
63.9,0,0,128.9,301.6,0,1,122.3,0,1.9,1,2,2,1
58.6,1,0,147.3,220.7,0,1,102.8,0,2.0,1,1,3,0
42.6,1,0,132.0,252.8,1,0,140.6,1,0.1,1,4,3,0
57.2,0,1,130.4,235.2,0,0,174.3,0,0.0,1,1,2,0
52.0,1,1,120.0,323.0,0,1,172.0,0,0.3,2,0,2,1
45.0,0,0,138.5,236.4,0,0,152.0,1,0.2,1,0,2,1
61.5,1,0,139.5,203.5,0,0,138.1,1,2.0,2,1,3,0
41.7,1,0,139.4,228.4,0,1,176.7,0,0.0,2,0,2,1
41.6,1,2,112.3,250.5,0,1,178.3,0,0.0,2,0,2,1
77.2,1,0,124.4,296.3,0,0,159.5,1,0.0,2,3,2,0
50.4,1,0,139.9,304.6,0,1,122.8,1,4.1,1,3,3,0
61.8,1,1,128.4,212.7,1,0,140.6,0,0.0,2,0,2,1
58.1,0,0,99.4,249.2,0,0,121.9,0,1.0,1,0,2,1
42.2,1,0,115.1,302.4,0,1,182.0,0,1.1,1,0,2,1
38.7,1,0,117.3,218.9,0,1,140.4,0,1.1,1,0,3,0
43.1,1,0,108.6,211.9,0,1,159.5,0,0.0,2,0,3,1
52.8,1,0,139.5,202.9,1,0,156.9,1,3.1,0,0,3,0
44.6,1,0,142.2,309.0,0,0,146.3,1,0.0,1,3,3,0
44.9,1,0,104.5,209.8,0,0,149.2,1,3.1,1,0,2,1
45.1,1,3,110.0,263.9,0,1,132.5,0,1.3,1,0,3,0
67.8,0,2,119.2,209.1,0,0,114.9,0,1.4,1,0,2,1
47.0,1,2,129.7,251.2,0,1,178.7,0,0.0,2,0,2,1
57.3,0,0,120.3,354.0,0,1,163.3,1,0.5,2,0,2,1
47.0,1,0,112.5,202.7,0,1,144.4,0,0.1,2,0,2,1
43.9,1,2,138.6,235.1,0,0,179.3,0,0.1,2,0,2,1
57.9,1,0,114.6,315.9,0,2,139.9,0,4.4,0,3,1,0
57.5,1,2,140.0,213.7,1,0,164.3,0,0.1,2,0,2,1
66.3,1,0,111.9,208.9,0,0,130.3,1,0.1,2,1,2,0
47.4,1,0,111.2,204.4,0,1,143.6,0,0.0,2,0,2,1
60.8,0,0,130.3,333.7,0,0,167.7,0,0.0,2,0,2,0
53.9,0,2,161.1,200.8,0,1,165.3,0,0.0,2,1,2,1
45.7,1,2,136.4,255.0,0,0,156.9,0,0.1,2,0,2,1
49.6,1,2,117.6,150.2,0,0,127.0,0,0.8,2,3,2,0
70.0,1,1,154.8,245.8,0,0,140.9,0,0.0,2,0,2,1
64.6,1,2,123.1,313.5,0,1,130.7,1,1.8,1,0,3,0
64.3,1,0,145.6,210.1,0,0,131.2,0,2.0,1,2,1,0
35.3,1,0,120.5,195.9,0,1,128.3,1,1.6,1,0,3,0
62.7,0,0,150.9,407.5,0,0,155.3,0,4.0,1,3,3,0
54.2,1,0,122.3,287.5,0,0,115.3,1,3.2,1,2,2,0
65.1,0,0,178.3,232.0,1,1,165.8,1,1.0,1,2,3,0
39.4,1,0,117.0,215.8,0,1,139.6,0,1.1,1,0,3,0
46.1,1,0,120.7,244.3,0,0,143.4,0,0.7,2,0,3,0
50.9,1,0,140.2,299.6,0,1,173.8,1,1.5,2,0,3,0
58.6,0,0,169.8,222.4,1,0,148.7,1,2.8,1,2,1,0
51.6,1,0,141.3,303.7,0,1,172.4,1,1.6,2,0,3,0
44.0,1,1,120.5,261.9,0,1,171.9,0,0.0,2,0,3,1
45.6,1,0,138.1,313.9,0,1,122.2,1,1.8,1,2,3,0
58.7,1,0,124.6,300.9,0,0,169.8,0,0.1,2,2,3,0
42.9,1,0,111.8,208.2,0,1,161.5,0,0.0,2,0,3,1
61.6,0,0,139.8,268.8,0,0,159.3,0,3.5,0,2,2,0
48.5,1,2,119.1,192.6,0,1,139.0,0,2.0,1,3,3,0
43.7,1,2,139.7,234.9,0,0,178.7,0,0.1,2,0,2,1
59.3,1,3,161.4,271.1,0,0,127.1,0,0.0,2,0,2,0
56.0,1,2,130.8,251.6,1,0,142.2,1,0.5,1,1,1,0
59.9,1,2,139.1,186.0,0,0,155.1,0,2.9,1,0,2,0
55.7,0,0,132.9,406.2,0,0,150.5,1,1.8,1,2,3,0
51.0,0,2,130.0,260.3,0,0,148.2,0,0.4,2,0,2,1
53.7,1,0,123.2,285.8,0,1,94.0,1,2.0,1,2,3,0
45.8,0,0,139.1,239.6,0,0,151.5,1,0.0,1,0,2,1
55.5,1,0,131.4,285.9,1,0,101.4,1,1.6,0,0,3,0
54.2,1,1,191.7,278.7,0,0,193.7,0,0.1,2,1,3,0
41.7,0,1,105.1,201.3,0,1,169.5,0,0.0,2,1,2,1
61.0,0,0,130.7,330.8,0,0,170.3,0,0.1,2,0,2,0
48.8,1,2,120.5,190.1,0,1,138.6,0,2.0,1,3,3,0
58.1,1,0,146.8,216.5,0,1,103.6,0,2.0,1,1,3,0
45.3,1,0,120.2,249.7,0,0,143.8,0,0.8,2,0,3,0
51.1,1,0,138.8,303.2,0,1,172.3,1,1.6,2,0,3,0
59.4,1,0,128.7,205.4,0,0,130.2,1,2.4,1,2,3,0
53.6,1,0,109.8,238.7,0,1,125.8,1,2.8,1,1,3,0
42.2,1,2,129.9,179.3,0,1,151.1,0,0.0,2,0,2,1
62.3,1,0,129.3,328.9,1,0,129.6,1,1.9,2,3,3,0
42.4,0,0,102.5,266.8,0,0,122.5,0,0.6,1,0,2,1
42.8,1,0,110.1,210.0,0,1,162.2,0,0.0,2,0,3,1
66.1,1,0,158.6,222.1,0,0,138.2,0,2.3,2,0,1,1
42.1,0,2,122.5,218.1,0,1,164.7,0,0.2,1,0,2,1
58.5,1,2,104.8,242.2,0,0,154.2,1,0.6,1,0,3,1
44.4,0,0,138.5,235.8,0,0,152.7,1,0.1,1,0,2,1
61.0,1,0,139.5,295.9,0,0,168.5,0,1.3,1,2,3,0
61.1,1,0,148.7,197.9,0,1,161.4,0,0.0,2,1,3,0
51.7,1,0,123.1,211.4,0,1,169.9,0,1.0,2,2,3,0
71.6,0,2,110.3,269.3,1,0,130.2,0,0.0,2,1,2,1
54.1,1,0,120.3,185.5,0,1,112.1,0,1.4,1,1,3,0
53.9,1,2,126.6,270.0,0,0,153.1,0,0.4,0,1,2,1
61.0,1,0,140.7,205.7,0,0,137.8,1,1.9,2,1,3,0
61.1,0,0,131.4,330.2,0,0,170.7,0,0.0,2,0,2,0
58.7,1,0,149.3,268.9,0,0,109.9,1,0.8,2,0,3,0
58.9,1,0,109.7,239.1,0,0,142.5,1,1.2,1,1,3,0
59.2,1,3,179.0,269.8,0,0,146.0,0,4.3,0,0,3,1
50.5,1,0,139.3,298.3,0,1,123.2,1,4.2,1,3,3,0
67.7,0,2,118.7,213.3,0,0,115.9,0,1.5,1,0,2,1
59.7,1,0,130.2,252.4,0,1,144.5,1,1.5,2,1,3,0
61.0,1,3,131.9,232.7,0,1,145.3,0,2.6,1,2,2,0
44.9,0,1,111.1,160.8,0,1,137.0,0,0.1,1,0,2,1
59.3,1,0,163.9,172.9,1,0,89.3,0,1.1,1,2,1,0
57.7,1,1,124.3,222.8,0,1,146.0,0,0.4,1,4,3,1
44.8,1,0,141.2,312.5,0,0,147.3,1,0.0,1,3,3,0
52.9,0,2,127.0,211.5,0,0,115.4,0,0.0,2,0,0,1
38.9,0,2,136.6,214.5,0,1,152.5,0,0.1,1,0,2,1
56.6,1,0,131.9,186.5,0,0,104.5,1,2.1,1,1,1,0
58.2,1,0,163.6,170.8,1,0,89.9,0,1.1,1,2,1,0
63.3,0,0,130.7,298.8,0,1,120.7,0,1.9,1,2,2,1
53.6,1,2,130.1,194.8,1,0,153.4,0,1.2,0,0,2,1
60.3,1,0,129.1,208.4,0,0,131.6,1,2.5,1,2,3,0
57.8,1,2,131.3,222.8,0,0,174.6,0,3.2,2,2,3,0
56.7,1,2,129.3,228.4,0,0,149.6,0,0.5,1,1,3,0
37.6,0,2,119.4,214.2,0,1,170.1,0,0.0,2,0,2,1
51.0,1,2,93.8,228.6,0,1,152.6,1,0.0,2,1,3,1
53.3,1,0,111.4,240.4,0,1,124.6,1,2.8,1,1,3,0
60.8,0,0,131.1,333.4,0,0,168.9,0,0.0,2,0,2,0
53.3,1,1,192.5,282.9,0,0,195.5,0,0.1,2,1,3,0
42.9,0,2,121.7,214.8,0,1,165.5,0,0.2,1,0,2,1
40.1,1,0,150.7,221.7,0,1,182.6,0,0.0,2,0,3,0
44.8,1,3,110.6,266.9,0,1,131.7,0,1.2,1,0,3,0
61.4,1,0,137.6,163.7,0,0,124.1,1,3.6,1,1,2,0
56.9,1,1,125.1,266.1,0,1,143.1,0,0.3,2,0,3,0
63.9,0,0,131.5,306.8,0,1,122.9,0,2.0,1,2,2,1
65.9,1,2,151.2,212.2,0,0,148.8,0,0.8,1,0,3,0
41.5,0,1,127.7,310.7,0,1,165.4,0,0.0,2,0,2,1
67.5,0,2,122.0,209.9,0,0,113.0,0,1.6,1,0,2,1
54.7,0,0,179.0,325.1,0,2,115.8,1,3.3,1,0,2,0
65.7,0,2,155.7,270.6,0,1,147.7,0,0.7,2,0,2,1
58.4,1,0,146.2,214.1,0,1,104.7,0,1.9,1,1,3,0
48.2,0,2,130.9,274.5,0,1,140.1,0,0.2,2,0,2,1
42.3,1,0,119.6,175.4,0,0,118.8,1,2.5,1,0,3,0
36.7,0,2,120.5,216.6,0,1,169.5,0,0.0,2,0,2,1
53.6,1,2,123.8,275.8,0,0,152.6,0,0.6,0,1,2,1
73.7,0,1,120.2,269.3,0,0,120.2,1,0.1,2,1,2,1
40.3,1,3,139.6,202.9,0,1,177.2,1,1.3,2,0,3,1
36.8,1,2,129.7,253.4,0,1,187.0,0,3.5,0,0,2,1
51.6,1,0,125.6,215.4,0,1,170.1,0,1.0,2,2,3,0
68.0,1,2,180.4,277.9,1,0,149.5,1,1.6,1,0,3,0
58.1,1,1,119.1,284.5,0,0,160.2,0,1.8,1,0,2,0
57.1,0,0,140.2,240.2,0,1,125.8,1,0.1,1,0,3,0
66.1,1,0,111.3,212.3,0,0,133.7,1,0.1,2,1,2,0
58.7,1,3,132.9,204.5,0,1,162.5,0,0.9,2,2,2,0
49.7,0,0,107.9,252.2,0,0,159.4,0,0.1,2,0,2,1
62.0,0,0,129.2,332.3,0,0,166.6,0,0.0,2,0,2,0
56.1,1,1,119.0,233.0,0,1,178.3,0,0.8,2,0,2,1
57.7,1,0,146.1,218.0,0,1,104.7,0,2.0,1,1,3,0
64.3,1,2,140.0,335.3,0,1,158.7,0,0.0,2,0,2,0
68.1,1,2,139.9,255.4,0,0,144.3,0,2.0,1,3,3,0
39.7,1,3,140.3,206.7,0,1,177.4,1,1.4,2,0,3,1
67.3,1,2,152.5,214.4,0,0,148.6,0,0.8,1,0,3,0
63.6,1,2,125.3,308.7,0,1,130.3,1,1.9,1,0,3,0
56.8,1,0,166.5,289.3,1,0,124.7,0,1.1,1,3,3,0
59.2,1,1,139.9,221.5,0,1,164.5,1,0.1,2,0,2,1
58.6,1,2,132.0,224.4,0,0,173.2,0,3.3,2,2,3,0
45.0,0,1,111.6,158.2,0,1,138.1,0,0.0,1,0,2,1
42.6,1,0,113.8,304.1,0,1,182.4,0,1.2,1,0,2,1
58.2,0,3,150.0,282.0,1,0,162.7,0,1.0,2,0,2,1
66.0,1,1,159.9,243.8,0,1,120.1,1,0.0,1,3,1,0
57.1,0,1,128.8,240.1,0,0,174.2,0,0.0,1,1,2,0
51.4,1,0,127.9,206.4,1,1,152.7,1,1.0,1,0,0,0
62.1,0,0,139.2,392.6,0,0,157.5,0,1.2,1,0,2,1
45.7,0,1,105.0,203.8,0,1,169.4,0,0.0,2,0,2,1
34.4,1,0,118.7,196.7,0,1,128.9,1,1.6,1,0,3,0
56.7,1,1,121.1,236.1,0,1,177.7,0,0.8,2,0,2,1
44.4,1,2,119.4,227.5,0,1,170.6,0,0.0,2,0,2,1
59.5,1,3,179.3,266.8,0,0,144.1,0,4.1,0,0,3,1
57.5,0,3,150.2,287.0,1,0,162.8,0,1.0,2,0,2,1
63.9,0,0,129.6,305.7,0,1,120.1,0,2.0,1,2,2,1
58.6,1,1,123.8,216.4,0,1,144.6,0,0.4,1,4,3,1
63.0,0,1,139.9,194.2,0,1,180.0,0,0.0,2,2,2,1
43.1,1,1,121.1,265.3,0,1,171.7,0,0.0,2,0,3,1
43.3,1,1,118.7,220.6,0,1,169.8,0,0.0,2,0,2,1
60.0,1,0,139.6,292.3,0,0,167.6,0,1.3,1,2,3,0
61.1,1,3,134.7,232.4,0,1,147.5,0,2.6,1,2,2,0
53.6,1,2,151.4,234.3,0,0,164.8,0,1.6,2,0,3,1
70.9,0,1,161.6,304.3,0,1,162.8,0,0.3,2,2,2,1
59.0,1,0,115.1,317.4,0,2,140.5,0,4.3,0,3,1,0
52.9,1,2,137.6,221.6,0,1,168.2,0,0.0,2,4,2,1
76.7,1,0,125.1,308.3,0,0,158.5,1,0.1,2,3,2,0
53.6,1,0,141.4,241.5,0,1,161.0,0,1.3,2,0,2,1
39.2,1,0,152.7,221.9,0,1,180.9,0,0.0,2,0,3,0
46.6,0,1,105.4,204.4,0,1,174.5,0,0.0,2,0,2,1
67.9,0,2,119.4,213.6,0,0,115.3,0,1.5,1,0,2,1
61.8,1,2,129.8,231.7,0,1,145.5,0,1.7,1,3,3,1
59.1,1,2,140.8,183.8,0,0,155.5,0,3.0,1,0,2,0
52.6,1,0,129.7,202.8,1,1,158.2,1,1.0,1,0,0,0
39.4,0,2,137.2,224.5,0,1,151.9,0,0.0,1,0,2,1
61.2,1,0,140.4,203.2,0,0,138.2,1,1.9,2,1,3,0
45.8,1,1,100.9,193.1,1,1,157.3,0,0.0,2,0,3,1
38.5,0,2,136.7,218.0,0,1,150.4,0,0.0,1,0,2,1
58.9,1,1,138.8,222.9,0,1,164.2,1,0.1,2,0,2,1
48.5,0,2,130.6,276.5,0,1,137.7,0,0.3,2,0,2,1
58.1,0,3,150.7,285.6,1,0,161.9,0,1.1,2,0,2,1
52.1,1,0,123.7,286.9,0,1,97.3,1,2.0,1,2,3,0
48.4,0,2,130.0,271.0,0,1,139.4,0,0.2,2,0,2,1
37.1,1,2,130.6,243.5,0,1,186.3,0,3.5,0,0,2,1
54.5,1,0,160.4,289.6,0,0,146.7,1,0.8,1,1,3,0
43.5,1,2,120.3,230.1,0,1,170.3,0,0.0,2,0,2,1
61.0,1,2,149.3,241.1,1,1,137.5,1,1.0,1,0,2,1
60.1,1,0,139.0,290.6,0,0,169.1,0,1.2,1,2,3,0
49.1,0,0,131.0,269.0,0,1,163.3,0,0.0,2,0,2,1
53.6,0,0,137.0,239.7,0,0,159.9,0,0.0,2,0,2,1
55.2,0,0,127.4,207.5,0,2,128.5,1,2.1,1,1,3,0
52.2,1,0,111.3,233.1,0,1,159.8,0,0.0,2,1,2,0
58.0,1,2,111.6,231.1,0,0,166.2,0,2.4,1,1,3,0
35.4,1,0,120.0,200.9,0,1,129.7,1,1.5,1,0,3,0
50.6,1,0,140.1,298.5,0,1,172.7,1,1.6,2,0,3,0
53.0,0,2,128.6,213.1,0,0,113.5,0,0.0,2,0,0,1
67.3,1,0,161.0,289.1,0,0,108.4,1,1.5,1,3,2,0
59.3,1,0,169.1,325.5,0,0,140.2,1,3.4,0,0,3,0
41.3,1,0,110.9,170.3,0,0,158.3,0,0.0,2,0,3,0
43.1,0,0,132.5,337.8,1,0,136.5,1,2.9,1,0,3,0
57.9,1,0,126.8,255.3,0,0,129.7,1,3.0,1,2,3,0
59.3,1,0,125.7,260.2,0,0,143.2,1,2.9,1,1,3,0
40.3,1,1,133.2,200.3,0,1,130.6,0,0.1,1,0,1,1
57.1,1,1,120.3,242.2,0,1,179.2,0,0.7,2,0,2,1
73.4,0,1,120.0,265.3,0,0,119.4,1,0.1,2,1,2,1
53.8,0,2,108.8,266.7,0,0,167.9,0,0.0,2,0,2,1
56.8,1,0,140.8,192.9,0,1,146.6,0,0.4,1,0,1,1
66.0,0,0,106.5,225.5,0,1,142.8,0,0.3,2,2,2,1
57.4,1,2,128.8,229.8,0,0,151.0,0,0.5,1,1,3,0
42.6,0,2,121.3,214.1,0,1,166.9,0,0.3,1,0,2,1
57.7,1,1,154.7,231.0,0,0,162.6,0,0.0,2,1,2,0
64.7,0,0,151.9,219.0,0,0,112.8,0,0.9,1,3,3,0
58.4,0,1,135.2,316.5,1,0,152.2,0,0.0,2,2,2,0
63.0,0,1,139.2,199.3,0,1,178.1,0,0.0,2,2,2,1
57.8,1,2,112.1,236.8,0,0,165.6,0,2.5,1,1,3,0
59.8,1,2,149.9,219.2,1,1,157.0,0,1.6,2,0,2,1
41.0,1,2,112.9,250.0,0,1,178.5,0,0.0,2,0,2,1
40.5,1,0,150.7,226.3,0,1,182.5,0,0.0,2,0,3,0
60.7,1,0,137.1,169.0,0,0,125.4,1,3.7,1,1,2,0
47.2,1,2,128.8,250.1,0,1,182.3,0,0.0,2,0,2,1
56.0,1,2,148.2,164.4,0,1,173.1,0,1.5,2,0,2,1
57.4,0,2,118.8,342.0,0,1,171.1,0,0.0,2,0,2,1
57.6,1,0,165.9,289.8,1,0,123.4,0,1.0,1,3,3,0
